ISO-10303-21;
HEADER;
FILE_DESCRIPTION(
  ('This file contains a STEP AP42 implementation'
    ,'as created by ZW3D STEP Interface translator.')
  ,'2;1'
  );
FILE_NAME(
  '步进电机MS42C.stp'
  ,'24 7 8. 94135',
  (''),
  ('ZWCAD Software Co.'),
  'Version 1.0',
  'ZW3D to STEP translator',
  ''
  );
FILE_SCHEMA(('AUTOMOTIVE_DESIGN { 1 0 10303 214 1 1 1 1 }'));
ENDSEC;

DATA;

/**File Base Unit**/
#1 = (LENGTH_UNIT()NAMED_UNIT(*)SI_UNIT(.MILLI.,.METRE.));
#2 = (NAMED_UNIT(*)PLANE_ANGLE_UNIT()SI_UNIT($,.RADIAN.));
#3 = (NAMED_UNIT(*)SI_UNIT($,.STERADIAN.)SOLID_ANGLE_UNIT());
#4 = UNCERTAINTY_MEASURE_WITH_UNIT(LENGTH_MEASURE(0.01),#1,'DISTANCE_ACCURACY_VALUE','Maximum Tolerance applied to model');
#5 = (GEOMETRIC_REPRESENTATION_CONTEXT(3)GLOBAL_UNCERTAINTY_ASSIGNED_CONTEXT((#4))GLOBAL_UNIT_ASSIGNED_CONTEXT((#1,#2,#3))REPRESENTATION_CONTEXT('STEP 203','TOP_LEVEL_ASSEMBLY_PART'));

/**product_definition_shape**/
#6=APPLICATION_CONTEXT('mechanical parts and assemblies' );
#7=DESIGN_CONTEXT('NONE',#6,'design');
#8=MECHANICAL_CONTEXT('NONE',#6,'mechanical');
#9=PRODUCT('0','Part','',(#8));
#10=PRODUCT_DEFINITION_FORMATION_WITH_SPECIFIED_SOURCE('ANY','',#9,.NOT_KNOWN.);
#11=PRODUCT_DEFINITION('UNKNOWN','',#10,#7);
#12=PRODUCT_DEFINITION_SHAPE('NONE','NONE',#11);
#13=PRODUCT_RELATED_PRODUCT_CATEGORY('detail','',(#9));
/**geometry information**/
#14=CARTESIAN_POINT('',(0.,0.,0.));
#15=DIRECTION('',(0.,0.,1.));
#16=DIRECTION('',(1.,0.,0.));
#17=AXIS2_PLACEMENT_3D('',#14,#15,#16);
#18=APPLICATION_CONTEXT('part');
#19=MECHANICAL_CONTEXT('none',#18,'component');
#20=PRODUCT('ZT-42HS4012-15071','ZT-42HS4012-15071','',(#19));
#21=PRODUCT_RELATED_PRODUCT_CATEGORY('detail','',(#20));
#22=PRODUCT_DEFINITION_FORMATION_WITH_SPECIFIED_SOURCE('ANY','UNSPECIFIED',#20,.NOT_KNOWN.);
#23=APPLICATION_CONTEXT('part');
#24=APPLICATION_PROTOCOL_DEFINITION('international standard','config_control_design',1994,#23);
#25=DESIGN_CONTEXT('detailed',#23,'design');
#26=PRODUCT_DEFINITION('','UNSPECIFIED',#22,#25);
#27=PRODUCT_DEFINITION_SHAPE('NONE','NONE',#26);
#28=SHAPE_REPRESENTATION('ZT-42HS4012-15071',(#17),#5);
#29=SHAPE_DEFINITION_REPRESENTATION(#27,#28);
#30=CARTESIAN_POINT('',(-2.2204460492503E-16,40.7,-2.2204460492503E-16));
#31=DIRECTION('',(1.6129078544137E-16,0.,1.));
#32=DIRECTION('',(0.,-1.,0.));
#33=AXIS2_PLACEMENT_3D('',#30,#32,#31);
#34=CYLINDRICAL_SURFACE('',#33,1.25);
#35=CARTESIAN_POINT('',(0.,40.7,-1.25));
#36=VERTEX_POINT('',#35);
#37=CARTESIAN_POINT('',(1.5308084989342E-16,40.7,1.25));
#38=VERTEX_POINT('',#37);
#39=CARTESIAN_POINT('',(-2.2204460492503E-16,40.7,2.2204460492503E-16));
#40=DIRECTION('',(1.7763568394003E-16,0.,-1.));
#41=DIRECTION('',(0.,-1.,0.));
#42=AXIS2_PLACEMENT_3D('',#39,#41,#40);
#43=CIRCLE('',#42,1.25);
#44=EDGE_CURVE('',#36,#38,#43,.T.);
#45=ORIENTED_EDGE('',*,*,#44,.T.);
#46=CARTESIAN_POINT('',(1.5308084989342E-16,38.7,1.25));
#47=VERTEX_POINT('',#46);
#48=CARTESIAN_POINT('',(1.5308084989342E-16,40.7,1.25));
#49=DIRECTION('',(0.,-1.,0.));
#50=VECTOR('',#49,2.);
#51=LINE('',#48,#50);
#52=EDGE_CURVE('',#38,#47,#51,.T.);
#53=ORIENTED_EDGE('',*,*,#52,.T.);
#54=CARTESIAN_POINT('',(0.,38.7,-1.25));
#55=VERTEX_POINT('',#54);
#56=CARTESIAN_POINT('',(-2.2204460492503E-16,38.7,0.));
#57=DIRECTION('',(3.0010036385476E-16,0.,1.));
#58=DIRECTION('',(0.,1.,0.));
#59=AXIS2_PLACEMENT_3D('',#56,#58,#57);
#60=CIRCLE('',#59,1.25);
#61=EDGE_CURVE('',#47,#55,#60,.T.);
#62=ORIENTED_EDGE('',*,*,#61,.T.);
#63=CARTESIAN_POINT('',(0.,38.7,-1.25));
#64=DIRECTION('',(0.,1.,0.));
#65=VECTOR('',#64,2.);
#66=LINE('',#63,#65);
#67=EDGE_CURVE('',#55,#36,#66,.T.);
#68=ORIENTED_EDGE('',*,*,#67,.T.);
#69=EDGE_LOOP('',(#45,#53,#62,#68));
#70=FACE_OUTER_BOUND('',#69,.T.);
#71=ADVANCED_FACE('',(#70),#34,.T.);
#72=CARTESIAN_POINT('',(-1.9761969838328E-14,38.6,-8.8817841970013E-16));
#73=DIRECTION('',(1.6471290570024E-14,0.,1.));
#74=DIRECTION('',(-2.8421709430404E-15,-1.,0.));
#75=AXIS2_PLACEMENT_3D('',#72,#74,#73);
#76=CYLINDRICAL_SURFACE('',#75,2.5);
#77=CARTESIAN_POINT('',(0.,38.6,-2.5));
#78=VERTEX_POINT('',#77);
#79=CARTESIAN_POINT('',(3.0616169978684E-16,38.6,2.5));
#80=VERTEX_POINT('',#79);
#81=CARTESIAN_POINT('',(-4.4408920985006E-16,38.6,4.4408920985006E-16));
#82=DIRECTION('',(1.7763568394003E-16,0.,-1.));
#83=DIRECTION('',(8.5770095465886E-16,-1.,-8.5770095465886E-16));
#84=AXIS2_PLACEMENT_3D('',#81,#83,#82);
#85=CIRCLE('',#84,2.5);
#86=EDGE_CURVE('',#78,#80,#85,.T.);
#87=ORIENTED_EDGE('',*,*,#86,.T.);
#88=CARTESIAN_POINT('',(3.0616169978684E-16,38.5,2.5));
#89=VERTEX_POINT('',#88);
#90=CARTESIAN_POINT('',(3.0616169978684E-16,38.6,2.5));
#91=DIRECTION('',(-4.9303806576316E-31,-1.,0.));
#92=VECTOR('',#91,0.099999999999994);
#93=LINE('',#90,#92);
#94=EDGE_CURVE('',#80,#89,#93,.T.);
#95=ORIENTED_EDGE('',*,*,#94,.T.);
#96=CARTESIAN_POINT('',(0.,38.5,-2.5));
#97=VERTEX_POINT('',#96);
#98=CARTESIAN_POINT('',(-4.4408920985006E-16,38.5,0.));
#99=DIRECTION('',(3.0010036385476E-16,0.,1.));
#100=DIRECTION('',(-1.7154019093177E-15,1.,-1.7154019093177E-15));
#101=AXIS2_PLACEMENT_3D('',#98,#100,#99);
#102=CIRCLE('',#101,2.5);
#103=EDGE_CURVE('',#89,#97,#102,.T.);
#104=ORIENTED_EDGE('',*,*,#103,.T.);
#105=CARTESIAN_POINT('',(0.,38.5,-2.5));
#106=DIRECTION('',(0.,1.,0.));
#107=VECTOR('',#106,0.099999999999994);
#108=LINE('',#105,#107);
#109=EDGE_CURVE('',#97,#78,#108,.T.);
#110=ORIENTED_EDGE('',*,*,#109,.T.);
#111=EDGE_LOOP('',(#87,#95,#104,#110));
#112=FACE_OUTER_BOUND('',#111,.T.);
#113=ADVANCED_FACE('',(#112),#76,.T.);
#114=CARTESIAN_POINT('',(-15.500000000111,4.1788609956615,-15.499999999845));
#115=DIRECTION('',(8.8506624262723E-11,0.,1.));
#116=DIRECTION('',(0.,-1.,0.));
#117=AXIS2_PLACEMENT_3D('',#114,#116,#115);
#118=CYLINDRICAL_SURFACE('',#117,1.2499999998096);
#119=CARTESIAN_POINT('',(-15.5,3.7788609956615,-16.75));
#120=VERTEX_POINT('',#119);
#121=CARTESIAN_POINT('',(-15.5,4.1788609956615,-14.250267002091));
#122=VERTEX_POINT('',#121);
#123=CARTESIAN_POINT('',(-15.5,3.7788609956615,-16.75));
#124=CARTESIAN_POINT('',(-16.017766952966,3.8288609956615,-16.75));
#125=CARTESIAN_POINT('',(-16.383883476483,3.8788609956615,-16.383883476483));
#126=CARTESIAN_POINT('',(-16.75,3.9288609956615,-16.017766952966));
#127=CARTESIAN_POINT('',(-16.75,3.9788609956615,-15.5));
#128=CARTESIAN_POINT('',(-16.75,4.0288609956615,-14.982233047034));
#129=CARTESIAN_POINT('',(-16.383883476483,4.0788609956615,-14.616116523517));
#130=CARTESIAN_POINT('',(-16.017766952966,4.1288609956615,-14.25));
#131=CARTESIAN_POINT('',(-15.5,4.1788609956615,-14.250267002091));
#132=(BOUNDED_CURVE()B_SPLINE_CURVE(2,(#123,#124,#125,#126,#127,#128,#129,#130,#131),.UNSPECIFIED.,.F.,.U.)B_SPLINE_CURVE_WITH_KNOTS((3,2,2,2,3),(0.,0.020833333333333,0.041666666666667,0.0625,0.083333333333333),.UNSPECIFIED.)CURVE()GEOMETRIC_REPRESENTATION_ITEM()RATIONAL_B_SPLINE_CURVE((1.,0.92387953251129,1.,0.92387953251129,1.,0.92387953251129,1.,0.92387953251129,1.))REPRESENTATION_ITEM(''));
#133=EDGE_CURVE('',#120,#122,#132,.T.);
#134=ORIENTED_EDGE('',*,*,#133,.T.);
#135=CARTESIAN_POINT('',(-15.5,3.8211390043385,-14.25));
#136=VERTEX_POINT('',#135);
#137=CARTESIAN_POINT('',(-15.5,4.1788609956615,-14.250267002091));
#138=DIRECTION('',(4.9657454327063E-15,-0.99999972144698,0.00074639530906412));
#139=VECTOR('',#138,0.35772209096755);
#140=LINE('',#137,#139);
#141=EDGE_CURVE('',#122,#136,#140,.T.);
#142=ORIENTED_EDGE('',*,*,#141,.T.);
#143=CARTESIAN_POINT('',(-15.5,3.4211390043385,-16.75));
#144=VERTEX_POINT('',#143);
#145=CARTESIAN_POINT('',(-15.5,3.8211390043385,-14.25));
#146=CARTESIAN_POINT('',(-16.017766952966,3.7711390043385,-14.25));
#147=CARTESIAN_POINT('',(-16.383883476483,3.7211390043385,-14.616116523517));
#148=CARTESIAN_POINT('',(-16.75,3.6711390043385,-14.982233047034));
#149=CARTESIAN_POINT('',(-16.75,3.6211390043385,-15.5));
#150=CARTESIAN_POINT('',(-16.75,3.5711390043385,-16.017766952966));
#151=CARTESIAN_POINT('',(-16.383883476483,3.5211390043385,-16.383883476483));
#152=CARTESIAN_POINT('',(-16.017766952966,3.4711390043385,-16.75));
#153=CARTESIAN_POINT('',(-15.5,3.4211390043385,-16.75));
#154=(BOUNDED_CURVE()B_SPLINE_CURVE(2,(#145,#146,#147,#148,#149,#150,#151,#152,#153),.UNSPECIFIED.,.F.,.U.)B_SPLINE_CURVE_WITH_KNOTS((3,2,2,2,3),(0.16666666666667,0.1875,0.20833333333333,0.22916666666667,0.25),.UNSPECIFIED.)CURVE()GEOMETRIC_REPRESENTATION_ITEM()RATIONAL_B_SPLINE_CURVE((1.,0.92387953251129,1.,0.92387953251129,1.,0.92387953251129,1.,0.92387953251129,1.))REPRESENTATION_ITEM(''));
#155=EDGE_CURVE('',#136,#144,#154,.T.);
#156=ORIENTED_EDGE('',*,*,#155,.T.);
#157=CARTESIAN_POINT('',(-15.5,3.4211390043385,-16.75));
#158=DIRECTION('',(0.,1.,0.));
#159=VECTOR('',#158,0.35772199132298);
#160=LINE('',#157,#159);
#161=EDGE_CURVE('',#144,#120,#160,.T.);
#162=ORIENTED_EDGE('',*,*,#161,.T.);
#163=EDGE_LOOP('',(#134,#142,#156,#162));
#164=FACE_OUTER_BOUND('',#163,.T.);
#165=ADVANCED_FACE('',(#164),#118,.F.);
#166=CARTESIAN_POINT('',(-15.5,3.3788609956615,-15.5));
#167=DIRECTION('',(5.6843418860808E-15,3.5527136788005E-16,1.));
#168=DIRECTION('',(0.,-1.,0.));
#169=AXIS2_PLACEMENT_3D('',#166,#168,#167);
#170=CYLINDRICAL_SURFACE('',#169,1.25);
#171=CARTESIAN_POINT('',(-15.5,2.9788609956615,-16.75));
#172=VERTEX_POINT('',#171);
#173=CARTESIAN_POINT('',(-15.5,3.3788609956615,-14.25));
#174=VERTEX_POINT('',#173);
#175=CARTESIAN_POINT('',(-15.5,2.9788609956615,-16.75));
#176=CARTESIAN_POINT('',(-16.017766952966,3.0288609956615,-16.75));
#177=CARTESIAN_POINT('',(-16.383883476483,3.0788609956615,-16.383883476483));
#178=CARTESIAN_POINT('',(-16.75,3.1288609956615,-16.017766952966));
#179=CARTESIAN_POINT('',(-16.75,3.1788609956615,-15.5));
#180=CARTESIAN_POINT('',(-16.75,3.2288609956615,-14.982233047034));
#181=CARTESIAN_POINT('',(-16.383883476483,3.2788609956615,-14.616116523517));
#182=CARTESIAN_POINT('',(-16.017766952966,3.3288609956615,-14.25));
#183=CARTESIAN_POINT('',(-15.5,3.3788609956615,-14.25));
#184=(BOUNDED_CURVE()B_SPLINE_CURVE(2,(#175,#176,#177,#178,#179,#180,#181,#182,#183),.UNSPECIFIED.,.F.,.U.)B_SPLINE_CURVE_WITH_KNOTS((3,2,2,2,3),(0.16666666666667,0.1875,0.20833333333333,0.22916666666667,0.25),.UNSPECIFIED.)CURVE()GEOMETRIC_REPRESENTATION_ITEM()RATIONAL_B_SPLINE_CURVE((1.,0.92387953251129,1.,0.92387953251129,1.,0.92387953251129,1.,0.92387953251129,1.))REPRESENTATION_ITEM(''));
#185=EDGE_CURVE('',#172,#174,#184,.T.);
#186=ORIENTED_EDGE('',*,*,#185,.T.);
#187=CARTESIAN_POINT('',(-15.5,3.0211390043385,-14.25));
#188=VERTEX_POINT('',#187);
#189=CARTESIAN_POINT('',(-15.5,3.3788609956615,-14.25));
#190=DIRECTION('',(0.,-1.,0.));
#191=VECTOR('',#190,0.35772199132298);
#192=LINE('',#189,#191);
#193=EDGE_CURVE('',#174,#188,#192,.T.);
#194=ORIENTED_EDGE('',*,*,#193,.T.);
#195=CARTESIAN_POINT('',(-15.5,2.6211390043385,-16.75));
#196=VERTEX_POINT('',#195);
#197=CARTESIAN_POINT('',(-15.5,3.0211390043385,-14.25));
#198=CARTESIAN_POINT('',(-16.017766952966,2.9711390043385,-14.25));
#199=CARTESIAN_POINT('',(-16.383883476483,2.9211390043385,-14.616116523517));
#200=CARTESIAN_POINT('',(-16.75,2.8711390043385,-14.982233047034));
#201=CARTESIAN_POINT('',(-16.75,2.8211390043385,-15.5));
#202=CARTESIAN_POINT('',(-16.75,2.7711390043385,-16.017766952966));
#203=CARTESIAN_POINT('',(-16.383883476483,2.7211390043385,-16.383883476483));
#204=CARTESIAN_POINT('',(-16.017766952966,2.6711390043385,-16.75));
#205=CARTESIAN_POINT('',(-15.5,2.6211390043385,-16.75));
#206=(BOUNDED_CURVE()B_SPLINE_CURVE(2,(#197,#198,#199,#200,#201,#202,#203,#204,#205),.UNSPECIFIED.,.F.,.U.)B_SPLINE_CURVE_WITH_KNOTS((3,2,2,2,3),(0.33333333333333,0.35416666666667,0.375,0.39583333333333,0.41666666666667),.UNSPECIFIED.)CURVE()GEOMETRIC_REPRESENTATION_ITEM()RATIONAL_B_SPLINE_CURVE((1.,0.92387953251129,1.,0.92387953251129,1.,0.92387953251129,1.,0.92387953251129,1.))REPRESENTATION_ITEM(''));
#207=EDGE_CURVE('',#188,#196,#206,.T.);
#208=ORIENTED_EDGE('',*,*,#207,.T.);
#209=CARTESIAN_POINT('',(-15.5,2.6211390043385,-16.75));
#210=DIRECTION('',(0.,1.,0.));
#211=VECTOR('',#210,0.35772199132298);
#212=LINE('',#209,#211);
#213=EDGE_CURVE('',#196,#172,#212,.T.);
#214=ORIENTED_EDGE('',*,*,#213,.T.);
#215=EDGE_LOOP('',(#186,#194,#208,#214));
#216=FACE_OUTER_BOUND('',#215,.T.);
#217=ADVANCED_FACE('',(#216),#170,.F.);
#218=CARTESIAN_POINT('',(-15.5,2.5788609956615,-15.5));
#219=DIRECTION('',(-2.8421709430404E-14,0.,1.));
#220=DIRECTION('',(2.3443385037548E-15,-1.,0.));
#221=AXIS2_PLACEMENT_3D('',#218,#220,#219);
#222=CYLINDRICAL_SURFACE('',#221,1.25);
#223=CARTESIAN_POINT('',(-15.5,2.1788609956615,-16.75));
#224=VERTEX_POINT('',#223);
#225=CARTESIAN_POINT('',(-15.5,2.5788609956615,-14.25));
#226=VERTEX_POINT('',#225);
#227=CARTESIAN_POINT('',(-15.5,2.1788609956615,-16.75));
#228=CARTESIAN_POINT('',(-16.017766952966,2.2288609956615,-16.75));
#229=CARTESIAN_POINT('',(-16.383883476483,2.2788609956615,-16.383883476483));
#230=CARTESIAN_POINT('',(-16.75,2.3288609956615,-16.017766952966));
#231=CARTESIAN_POINT('',(-16.75,2.3788609956615,-15.5));
#232=CARTESIAN_POINT('',(-16.75,2.4288609956615,-14.982233047034));
#233=CARTESIAN_POINT('',(-16.383883476483,2.4788609956615,-14.616116523517));
#234=CARTESIAN_POINT('',(-16.017766952966,2.5288609956615,-14.25));
#235=CARTESIAN_POINT('',(-15.5,2.5788609956615,-14.25));
#236=(BOUNDED_CURVE()B_SPLINE_CURVE(2,(#227,#228,#229,#230,#231,#232,#233,#234,#235),.UNSPECIFIED.,.F.,.U.)B_SPLINE_CURVE_WITH_KNOTS((3,2,2,2,3),(0.33333333333333,0.35416666666667,0.375,0.39583333333333,0.41666666666667),.UNSPECIFIED.)CURVE()GEOMETRIC_REPRESENTATION_ITEM()RATIONAL_B_SPLINE_CURVE((1.,0.92387953251129,1.,0.92387953251129,1.,0.92387953251129,1.,0.92387953251129,1.))REPRESENTATION_ITEM(''));
#237=EDGE_CURVE('',#224,#226,#236,.T.);
#238=ORIENTED_EDGE('',*,*,#237,.T.);
#239=CARTESIAN_POINT('',(-15.5,2.2211390043385,-14.25));
#240=VERTEX_POINT('',#239);
#241=CARTESIAN_POINT('',(-15.5,2.5788609956615,-14.25));
#242=DIRECTION('',(0.,-1.,0.));
#243=VECTOR('',#242,0.35772199132298);
#244=LINE('',#241,#243);
#245=EDGE_CURVE('',#226,#240,#244,.T.);
#246=ORIENTED_EDGE('',*,*,#245,.T.);
#247=CARTESIAN_POINT('',(-15.5,1.8211390043385,-16.75));
#248=VERTEX_POINT('',#247);
#249=CARTESIAN_POINT('',(-15.5,2.2211390043385,-14.25));
#250=CARTESIAN_POINT('',(-16.017766952966,2.1711390043385,-14.25));
#251=CARTESIAN_POINT('',(-16.383883476483,2.1211390043385,-14.616116523517));
#252=CARTESIAN_POINT('',(-16.75,2.0711390043385,-14.982233047034));
#253=CARTESIAN_POINT('',(-16.75,2.0211390043385,-15.5));
#254=CARTESIAN_POINT('',(-16.75,1.9711390043385,-16.017766952966));
#255=CARTESIAN_POINT('',(-16.383883476483,1.9211390043385,-16.383883476483));
#256=CARTESIAN_POINT('',(-16.017766952966,1.8711390043385,-16.75));
#257=CARTESIAN_POINT('',(-15.5,1.8211390043385,-16.75));
#258=(BOUNDED_CURVE()B_SPLINE_CURVE(2,(#249,#250,#251,#252,#253,#254,#255,#256,#257),.UNSPECIFIED.,.F.,.U.)B_SPLINE_CURVE_WITH_KNOTS((3,2,2,2,3),(0.5,0.52083333333333,0.54166666666667,0.5625,0.58333333333333),.UNSPECIFIED.)CURVE()GEOMETRIC_REPRESENTATION_ITEM()RATIONAL_B_SPLINE_CURVE((1.,0.92387953251129,1.,0.92387953251129,1.,0.92387953251129,1.,0.92387953251129,1.))REPRESENTATION_ITEM(''));
#259=EDGE_CURVE('',#240,#248,#258,.T.);
#260=ORIENTED_EDGE('',*,*,#259,.T.);
#261=CARTESIAN_POINT('',(-15.5,1.8211390043385,-16.75));
#262=DIRECTION('',(0.,1.,0.));
#263=VECTOR('',#262,0.35772199132298);
#264=LINE('',#261,#263);
#265=EDGE_CURVE('',#248,#224,#264,.T.);
#266=ORIENTED_EDGE('',*,*,#265,.T.);
#267=EDGE_LOOP('',(#238,#246,#260,#266));
#268=FACE_OUTER_BOUND('',#267,.T.);
#269=ADVANCED_FACE('',(#268),#222,.F.);
#270=CARTESIAN_POINT('',(-15.5,1.7788609956615,-15.5));
#271=DIRECTION('',(-3.2684965844965E-14,1.7763568394003E-16,1.));
#272=DIRECTION('',(0.,-1.,0.));
#273=AXIS2_PLACEMENT_3D('',#270,#272,#271);
#274=CYLINDRICAL_SURFACE('',#273,1.25);
#275=CARTESIAN_POINT('',(-15.5,1.3788609956615,-16.75));
#276=VERTEX_POINT('',#275);
#277=CARTESIAN_POINT('',(-15.5,1.7788609956615,-14.25));
#278=VERTEX_POINT('',#277);
#279=CARTESIAN_POINT('',(-15.5,1.3788609956615,-16.75));
#280=CARTESIAN_POINT('',(-16.017766952966,1.4288609956615,-16.75));
#281=CARTESIAN_POINT('',(-16.383883476483,1.4788609956615,-16.383883476483));
#282=CARTESIAN_POINT('',(-16.75,1.5288609956615,-16.017766952966));
#283=CARTESIAN_POINT('',(-16.75,1.5788609956615,-15.5));
#284=CARTESIAN_POINT('',(-16.75,1.6288609956615,-14.982233047034));
#285=CARTESIAN_POINT('',(-16.383883476483,1.6788609956615,-14.616116523517));
#286=CARTESIAN_POINT('',(-16.017766952966,1.7288609956615,-14.25));
#287=CARTESIAN_POINT('',(-15.5,1.7788609956615,-14.25));
#288=(BOUNDED_CURVE()B_SPLINE_CURVE(2,(#279,#280,#281,#282,#283,#284,#285,#286,#287),.UNSPECIFIED.,.F.,.U.)B_SPLINE_CURVE_WITH_KNOTS((3,2,2,2,3),(0.5,0.52083333333333,0.54166666666667,0.5625,0.58333333333333),.UNSPECIFIED.)CURVE()GEOMETRIC_REPRESENTATION_ITEM()RATIONAL_B_SPLINE_CURVE((1.,0.92387953251129,1.,0.92387953251129,1.,0.92387953251129,1.,0.92387953251129,1.))REPRESENTATION_ITEM(''));
#289=EDGE_CURVE('',#276,#278,#288,.T.);
#290=ORIENTED_EDGE('',*,*,#289,.T.);
#291=CARTESIAN_POINT('',(-15.5,1.4211390043385,-14.25));
#292=VERTEX_POINT('',#291);
#293=CARTESIAN_POINT('',(-15.5,1.7788609956615,-14.25));
#294=DIRECTION('',(0.,-1.,0.));
#295=VECTOR('',#294,0.35772199132298);
#296=LINE('',#293,#295);
#297=EDGE_CURVE('',#278,#292,#296,.T.);
#298=ORIENTED_EDGE('',*,*,#297,.T.);
#299=CARTESIAN_POINT('',(-15.5,1.0211390043385,-16.75));
#300=VERTEX_POINT('',#299);
#301=CARTESIAN_POINT('',(-15.5,1.4211390043385,-14.25));
#302=CARTESIAN_POINT('',(-16.017766952966,1.3711390043385,-14.25));
#303=CARTESIAN_POINT('',(-16.383883476483,1.3211390043385,-14.616116523517));
#304=CARTESIAN_POINT('',(-16.75,1.2711390043385,-14.982233047034));
#305=CARTESIAN_POINT('',(-16.75,1.2211390043385,-15.5));
#306=CARTESIAN_POINT('',(-16.75,1.1711390043385,-16.017766952966));
#307=CARTESIAN_POINT('',(-16.383883476483,1.1211390043385,-16.383883476483));
#308=CARTESIAN_POINT('',(-16.017766952966,1.0711390043385,-16.75));
#309=CARTESIAN_POINT('',(-15.5,1.0211390043385,-16.75));
#310=(BOUNDED_CURVE()B_SPLINE_CURVE(2,(#301,#302,#303,#304,#305,#306,#307,#308,#309),.UNSPECIFIED.,.F.,.U.)B_SPLINE_CURVE_WITH_KNOTS((3,2,2,2,3),(0.66666666666667,0.6875,0.70833333333333,0.72916666666667,0.75),.UNSPECIFIED.)CURVE()GEOMETRIC_REPRESENTATION_ITEM()RATIONAL_B_SPLINE_CURVE((1.,0.92387953251129,1.,0.92387953251129,1.,0.92387953251129,1.,0.92387953251129,1.))REPRESENTATION_ITEM(''));
#311=EDGE_CURVE('',#292,#300,#310,.T.);
#312=ORIENTED_EDGE('',*,*,#311,.T.);
#313=CARTESIAN_POINT('',(-15.5,1.0211390043385,-16.75));
#314=DIRECTION('',(0.,1.,0.));
#315=VECTOR('',#314,0.35772199132298);
#316=LINE('',#313,#315);
#317=EDGE_CURVE('',#300,#276,#316,.T.);
#318=ORIENTED_EDGE('',*,*,#317,.T.);
#319=EDGE_LOOP('',(#290,#298,#312,#318));
#320=FACE_OUTER_BOUND('',#319,.T.);
#321=ADVANCED_FACE('',(#320),#274,.F.);
#322=CARTESIAN_POINT('',(-15.5,0.97886099566149,-15.5));
#323=DIRECTION('',(-3.9796650241897E-08,-2.6645352591004E-16,1.));
#324=DIRECTION('',(0.,-1.,0.));
#325=AXIS2_PLACEMENT_3D('',#322,#324,#323);
#326=CYLINDRICAL_SURFACE('',#325,1.25);
#327=CARTESIAN_POINT('',(-15.5,0.57886099566149,-16.75));
#328=VERTEX_POINT('',#327);
#329=CARTESIAN_POINT('',(-15.5,0.97886099566149,-14.25));
#330=VERTEX_POINT('',#329);
#331=CARTESIAN_POINT('',(-15.5,0.57886099566149,-16.75));
#332=CARTESIAN_POINT('',(-16.017766952966,0.62886099566149,-16.75));
#333=CARTESIAN_POINT('',(-16.383883476483,0.67886099566149,-16.383883476483));
#334=CARTESIAN_POINT('',(-16.75,0.72886099566149,-16.017766952966));
#335=CARTESIAN_POINT('',(-16.75,0.77886099566149,-15.5));
#336=CARTESIAN_POINT('',(-16.75,0.82886099566149,-14.982233047034));
#337=CARTESIAN_POINT('',(-16.383883476483,0.87886099566149,-14.616116523517));
#338=CARTESIAN_POINT('',(-16.017766952966,0.92886099566149,-14.25));
#339=CARTESIAN_POINT('',(-15.5,0.97886099566149,-14.25));
#340=(BOUNDED_CURVE()B_SPLINE_CURVE(2,(#331,#332,#333,#334,#335,#336,#337,#338,#339),.UNSPECIFIED.,.F.,.U.)B_SPLINE_CURVE_WITH_KNOTS((3,2,2,2,3),(0.66666666666667,0.6875,0.70833333333333,0.72916666666667,0.75),.UNSPECIFIED.)CURVE()GEOMETRIC_REPRESENTATION_ITEM()RATIONAL_B_SPLINE_CURVE((1.,0.92387953251129,1.,0.92387953251129,1.,0.92387953251129,1.,0.92387953251129,1.))REPRESENTATION_ITEM(''));
#341=EDGE_CURVE('',#328,#330,#340,.T.);
#342=ORIENTED_EDGE('',*,*,#341,.T.);
#343=CARTESIAN_POINT('',(-15.5,0.62113900433851,-14.25));
#344=VERTEX_POINT('',#343);
#345=CARTESIAN_POINT('',(-15.5,0.97886099566149,-14.25));
#346=DIRECTION('',(0.,-1.,0.));
#347=VECTOR('',#346,0.35772199132298);
#348=LINE('',#345,#347);
#349=EDGE_CURVE('',#330,#344,#348,.T.);
#350=ORIENTED_EDGE('',*,*,#349,.T.);
#351=CARTESIAN_POINT('',(-16.520657638309,0.5,-14.778364368008));
#352=VERTEX_POINT('',#351);
#353=CARTESIAN_POINT('',(-15.5,0.62113900433851,-14.25));
#354=CARTESIAN_POINT('',(-16.017766952966,0.57113900433851,-14.25));
#355=CARTESIAN_POINT('',(-16.383883476483,0.52113900433851,-14.616116523517));
#356=CARTESIAN_POINT('',(-16.459181503781,0.51085566249768,-14.691414550815));
#357=CARTESIAN_POINT('',(-16.520657638309,0.5,-14.778364368008));
#358=(BOUNDED_CURVE()B_SPLINE_CURVE(2,(#353,#354,#355,#356,#357),.UNSPECIFIED.,.F.,.U.)B_SPLINE_CURVE_WITH_KNOTS((3,2,3),(0.83333333333333,0.85416666666667,0.85872714160425),.UNSPECIFIED.)CURVE()GEOMETRIC_REPRESENTATION_ITEM()RATIONAL_B_SPLINE_CURVE((1.,0.92387953251129,1.,0.98333701675749,0.9739691807914))REPRESENTATION_ITEM(''));
#359=EDGE_CURVE('',#344,#352,#358,.T.);
#360=ORIENTED_EDGE('',*,*,#359,.T.);
#361=CARTESIAN_POINT('',(-15.5,0.5,-16.75));
#362=VERTEX_POINT('',#361);
#363=CARTESIAN_POINT('',(-15.5,0.5,-15.5));
#364=DIRECTION('',(-0.81652611064761,-4.4408920985006E-17,0.57730850559358));
#365=DIRECTION('',(0.,-1.,-0.));
#366=AXIS2_PLACEMENT_3D('',#363,#365,#364);
#367=CIRCLE('',#366,1.25);
#368=EDGE_CURVE('',#352,#362,#367,.T.);
#369=ORIENTED_EDGE('',*,*,#368,.T.);
#370=CARTESIAN_POINT('',(-15.5,0.5,-16.75));
#371=DIRECTION('',(2.7030196479262E-13,1.,0.));
#372=VECTOR('',#371,0.07886099566149);
#373=LINE('',#370,#372);
#374=EDGE_CURVE('',#362,#328,#373,.T.);
#375=ORIENTED_EDGE('',*,*,#374,.T.);
#376=EDGE_LOOP('',(#342,#350,#360,#369,#375));
#377=FACE_OUTER_BOUND('',#376,.T.);
#378=ADVANCED_FACE('',(#377),#326,.F.);
#379=CARTESIAN_POINT('',(-15.5,4.5,-15.5));
#380=DIRECTION('',(-5.9493217463568E-09,0.,-1.));
#381=DIRECTION('',(0.,-1.,0.));
#382=AXIS2_PLACEMENT_3D('',#379,#381,#380);
#383=CYLINDRICAL_SURFACE('',#382,1.25);
#384=ORIENTED_EDGE('',*,*,#141,.F.);
#385=CARTESIAN_POINT('',(-15.5,4.5,-14.25));
#386=VERTEX_POINT('',#385);
#387=CARTESIAN_POINT('',(-15.5,4.1788609956615,-14.250267002091));
#388=DIRECTION('',(0.,0.99999965436876,0.00083142189131065));
#389=VECTOR('',#388,0.32113911533422);
#390=LINE('',#387,#389);
#391=EDGE_CURVE('',#122,#386,#390,.T.);
#392=ORIENTED_EDGE('',*,*,#391,.T.);
#393=CARTESIAN_POINT('',(-15.5,4.5,-16.75));
#394=VERTEX_POINT('',#393);
#395=CARTESIAN_POINT('',(-15.5,4.5,-15.5));
#396=DIRECTION('',(2.8421709430404E-15,0.,1.));
#397=DIRECTION('',(-4.2885047732943E-16,1.,-4.2885047732943E-16));
#398=AXIS2_PLACEMENT_3D('',#395,#397,#396);
#399=CIRCLE('',#398,1.25);
#400=EDGE_CURVE('',#386,#394,#399,.T.);
#401=ORIENTED_EDGE('',*,*,#400,.T.);
#402=CARTESIAN_POINT('',(-15.5,4.2211390043385,-16.75));
#403=VERTEX_POINT('',#402);
#404=CARTESIAN_POINT('',(-15.5,4.5,-16.75));
#405=DIRECTION('',(7.6440529168443E-14,-1.,0.));
#406=VECTOR('',#405,0.27886099566149);
#407=LINE('',#404,#406);
#408=EDGE_CURVE('',#394,#403,#407,.T.);
#409=ORIENTED_EDGE('',*,*,#408,.T.);
#410=CARTESIAN_POINT('',(-15.5,4.2211390043385,-16.75));
#411=CARTESIAN_POINT('',(-14.982233047034,4.1711390043385,-16.75));
#412=CARTESIAN_POINT('',(-14.616116523517,4.1211390043385,-16.383883476483));
#413=CARTESIAN_POINT('',(-14.25,4.0711390043385,-16.017766952966));
#414=CARTESIAN_POINT('',(-14.25,4.0211390043385,-15.5));
#415=CARTESIAN_POINT('',(-14.25,3.9711390043385,-14.982233047034));
#416=CARTESIAN_POINT('',(-14.616116523517,3.9211390043385,-14.616116523517));
#417=CARTESIAN_POINT('',(-14.982233047034,3.8711390043385,-14.25));
#418=CARTESIAN_POINT('',(-15.5,3.8211390043385,-14.25));
#419=(BOUNDED_CURVE()B_SPLINE_CURVE(2,(#410,#411,#412,#413,#414,#415,#416,#417,#418),.UNSPECIFIED.,.F.,.U.)B_SPLINE_CURVE_WITH_KNOTS((3,2,2,2,3),(0.083333333333333,0.10416666666667,0.125,0.14583333333333,0.16666666666667),.UNSPECIFIED.)CURVE()GEOMETRIC_REPRESENTATION_ITEM()RATIONAL_B_SPLINE_CURVE((1.,0.92387953251129,1.,0.92387953251129,1.,0.92387953251129,1.,0.92387953251129,1.))REPRESENTATION_ITEM(''));
#420=EDGE_CURVE('',#403,#136,#419,.T.);
#421=ORIENTED_EDGE('',*,*,#420,.T.);
#422=EDGE_LOOP('',(#384,#392,#401,#409,#421));
#423=FACE_OUTER_BOUND('',#422,.T.);
#424=ADVANCED_FACE('',(#423),#383,.F.);
#425=CARTESIAN_POINT('',(-15.5,3.7788609956615,-15.5));
#426=DIRECTION('',(2.2737367544323E-14,1.0658141036402E-15,-1.));
#427=DIRECTION('',(-2.3443385037548E-15,-1.,0.));
#428=AXIS2_PLACEMENT_3D('',#425,#427,#426);
#429=CYLINDRICAL_SURFACE('',#428,1.25);
#430=ORIENTED_EDGE('',*,*,#193,.F.);
#431=CARTESIAN_POINT('',(-15.5,3.3788609956615,-14.25));
#432=CARTESIAN_POINT('',(-14.982233047034,3.4288609956615,-14.25));
#433=CARTESIAN_POINT('',(-14.616116523517,3.4788609956615,-14.616116523517));
#434=CARTESIAN_POINT('',(-14.25,3.5288609956615,-14.982233047034));
#435=CARTESIAN_POINT('',(-14.25,3.5788609956615,-15.5));
#436=CARTESIAN_POINT('',(-14.25,3.6288609956615,-16.017766952966));
#437=CARTESIAN_POINT('',(-14.616116523517,3.6788609956615,-16.383883476483));
#438=CARTESIAN_POINT('',(-14.982233047034,3.7288609956615,-16.75));
#439=CARTESIAN_POINT('',(-15.5,3.7788609956615,-16.75));
#440=(BOUNDED_CURVE()B_SPLINE_CURVE(2,(#431,#432,#433,#434,#435,#436,#437,#438,#439),.UNSPECIFIED.,.F.,.U.)B_SPLINE_CURVE_WITH_KNOTS((3,2,2,2,3),(0.083333333333333,0.10416666666667,0.125,0.14583333333333,0.16666666666667),.UNSPECIFIED.)CURVE()GEOMETRIC_REPRESENTATION_ITEM()RATIONAL_B_SPLINE_CURVE((1.,0.92387953251129,1.,0.92387953251129,1.,0.92387953251129,1.,0.92387953251129,1.))REPRESENTATION_ITEM(''));
#441=EDGE_CURVE('',#174,#120,#440,.T.);
#442=ORIENTED_EDGE('',*,*,#441,.T.);
#443=ORIENTED_EDGE('',*,*,#161,.F.);
#444=CARTESIAN_POINT('',(-15.5,3.4211390043385,-16.75));
#445=CARTESIAN_POINT('',(-14.982233047034,3.3711390043385,-16.75));
#446=CARTESIAN_POINT('',(-14.616116523517,3.3211390043385,-16.383883476483));
#447=CARTESIAN_POINT('',(-14.25,3.2711390043385,-16.017766952966));
#448=CARTESIAN_POINT('',(-14.25,3.2211390043385,-15.5));
#449=CARTESIAN_POINT('',(-14.25,3.1711390043385,-14.982233047034));
#450=CARTESIAN_POINT('',(-14.616116523517,3.1211390043385,-14.616116523517));
#451=CARTESIAN_POINT('',(-14.982233047034,3.0711390043385,-14.25));
#452=CARTESIAN_POINT('',(-15.5,3.0211390043385,-14.25));
#453=(BOUNDED_CURVE()B_SPLINE_CURVE(2,(#444,#445,#446,#447,#448,#449,#450,#451,#452),.UNSPECIFIED.,.F.,.U.)B_SPLINE_CURVE_WITH_KNOTS((3,2,2,2,3),(0.25,0.27083333333333,0.29166666666667,0.3125,0.33333333333333),.UNSPECIFIED.)CURVE()GEOMETRIC_REPRESENTATION_ITEM()RATIONAL_B_SPLINE_CURVE((1.,0.92387953251129,1.,0.92387953251129,1.,0.92387953251129,1.,0.92387953251129,1.))REPRESENTATION_ITEM(''));
#454=EDGE_CURVE('',#144,#188,#453,.T.);
#455=ORIENTED_EDGE('',*,*,#454,.T.);
#456=EDGE_LOOP('',(#430,#442,#443,#455));
#457=FACE_OUTER_BOUND('',#456,.T.);
#458=ADVANCED_FACE('',(#457),#429,.F.);
#459=CARTESIAN_POINT('',(-15.5,2.9788609956615,-15.5));
#460=DIRECTION('',(1.5631940186722E-14,3.5527136788005E-16,-1.));
#461=DIRECTION('',(-2.3443385037548E-15,-1.,0.));
#462=AXIS2_PLACEMENT_3D('',#459,#461,#460);
#463=CYLINDRICAL_SURFACE('',#462,1.25);
#464=ORIENTED_EDGE('',*,*,#245,.F.);
#465=CARTESIAN_POINT('',(-15.5,2.5788609956615,-14.25));
#466=CARTESIAN_POINT('',(-14.982233047034,2.6288609956615,-14.25));
#467=CARTESIAN_POINT('',(-14.616116523517,2.6788609956615,-14.616116523517));
#468=CARTESIAN_POINT('',(-14.25,2.7288609956615,-14.982233047034));
#469=CARTESIAN_POINT('',(-14.25,2.7788609956615,-15.5));
#470=CARTESIAN_POINT('',(-14.25,2.8288609956615,-16.017766952966));
#471=CARTESIAN_POINT('',(-14.616116523517,2.8788609956615,-16.383883476483));
#472=CARTESIAN_POINT('',(-14.982233047034,2.9288609956615,-16.75));
#473=CARTESIAN_POINT('',(-15.5,2.9788609956615,-16.75));
#474=(BOUNDED_CURVE()B_SPLINE_CURVE(2,(#465,#466,#467,#468,#469,#470,#471,#472,#473),.UNSPECIFIED.,.F.,.U.)B_SPLINE_CURVE_WITH_KNOTS((3,2,2,2,3),(0.25,0.27083333333333,0.29166666666667,0.3125,0.33333333333333),.UNSPECIFIED.)CURVE()GEOMETRIC_REPRESENTATION_ITEM()RATIONAL_B_SPLINE_CURVE((1.,0.92387953251129,1.,0.92387953251129,1.,0.92387953251129,1.,0.92387953251129,1.))REPRESENTATION_ITEM(''));
#475=EDGE_CURVE('',#226,#172,#474,.T.);
#476=ORIENTED_EDGE('',*,*,#475,.T.);
#477=ORIENTED_EDGE('',*,*,#213,.F.);
#478=CARTESIAN_POINT('',(-15.5,2.6211390043385,-16.75));
#479=CARTESIAN_POINT('',(-14.982233047034,2.5711390043385,-16.75));
#480=CARTESIAN_POINT('',(-14.616116523517,2.5211390043385,-16.383883476483));
#481=CARTESIAN_POINT('',(-14.25,2.4711390043385,-16.017766952966));
#482=CARTESIAN_POINT('',(-14.25,2.4211390043385,-15.5));
#483=CARTESIAN_POINT('',(-14.25,2.3711390043385,-14.982233047034));
#484=CARTESIAN_POINT('',(-14.616116523517,2.3211390043385,-14.616116523517));
#485=CARTESIAN_POINT('',(-14.982233047034,2.2711390043385,-14.25));
#486=CARTESIAN_POINT('',(-15.5,2.2211390043385,-14.25));
#487=(BOUNDED_CURVE()B_SPLINE_CURVE(2,(#478,#479,#480,#481,#482,#483,#484,#485,#486),.UNSPECIFIED.,.F.,.U.)B_SPLINE_CURVE_WITH_KNOTS((3,2,2,2,3),(0.41666666666667,0.4375,0.45833333333333,0.47916666666667,0.5),.UNSPECIFIED.)CURVE()GEOMETRIC_REPRESENTATION_ITEM()RATIONAL_B_SPLINE_CURVE((1.,0.92387953251129,1.,0.92387953251129,1.,0.92387953251129,1.,0.92387953251129,1.))REPRESENTATION_ITEM(''));
#488=EDGE_CURVE('',#196,#240,#487,.T.);
#489=ORIENTED_EDGE('',*,*,#488,.T.);
#490=EDGE_LOOP('',(#464,#476,#477,#489));
#491=FACE_OUTER_BOUND('',#490,.T.);
#492=ADVANCED_FACE('',(#491),#463,.F.);
#493=CARTESIAN_POINT('',(-15.5,2.1788609956615,-15.5));
#494=DIRECTION('',(3.1263880373445E-14,3.5527136788005E-16,-1.));
#495=DIRECTION('',(-2.3443385037548E-15,-1.,0.));
#496=AXIS2_PLACEMENT_3D('',#493,#495,#494);
#497=CYLINDRICAL_SURFACE('',#496,1.25);
#498=ORIENTED_EDGE('',*,*,#297,.F.);
#499=CARTESIAN_POINT('',(-15.5,1.7788609956615,-14.25));
#500=CARTESIAN_POINT('',(-14.982233047034,1.8288609956615,-14.25));
#501=CARTESIAN_POINT('',(-14.616116523517,1.8788609956615,-14.616116523517));
#502=CARTESIAN_POINT('',(-14.25,1.9288609956615,-14.982233047034));
#503=CARTESIAN_POINT('',(-14.25,1.9788609956615,-15.5));
#504=CARTESIAN_POINT('',(-14.25,2.0288609956615,-16.017766952966));
#505=CARTESIAN_POINT('',(-14.616116523517,2.0788609956615,-16.383883476483));
#506=CARTESIAN_POINT('',(-14.982233047034,2.1288609956615,-16.75));
#507=CARTESIAN_POINT('',(-15.5,2.1788609956615,-16.75));
#508=(BOUNDED_CURVE()B_SPLINE_CURVE(2,(#499,#500,#501,#502,#503,#504,#505,#506,#507),.UNSPECIFIED.,.F.,.U.)B_SPLINE_CURVE_WITH_KNOTS((3,2,2,2,3),(0.41666666666667,0.4375,0.45833333333333,0.47916666666667,0.5),.UNSPECIFIED.)CURVE()GEOMETRIC_REPRESENTATION_ITEM()RATIONAL_B_SPLINE_CURVE((1.,0.92387953251129,1.,0.92387953251129,1.,0.92387953251129,1.,0.92387953251129,1.))REPRESENTATION_ITEM(''));
#509=EDGE_CURVE('',#278,#224,#508,.T.);
#510=ORIENTED_EDGE('',*,*,#509,.T.);
#511=ORIENTED_EDGE('',*,*,#265,.F.);
#512=CARTESIAN_POINT('',(-15.5,1.8211390043385,-16.75));
#513=CARTESIAN_POINT('',(-14.982233047034,1.7711390043385,-16.75));
#514=CARTESIAN_POINT('',(-14.616116523517,1.7211390043385,-16.383883476483));
#515=CARTESIAN_POINT('',(-14.25,1.6711390043385,-16.017766952966));
#516=CARTESIAN_POINT('',(-14.25,1.6211390043385,-15.5));
#517=CARTESIAN_POINT('',(-14.25,1.5711390043385,-14.982233047034));
#518=CARTESIAN_POINT('',(-14.616116523517,1.5211390043385,-14.616116523517));
#519=CARTESIAN_POINT('',(-14.982233047034,1.4711390043385,-14.25));
#520=CARTESIAN_POINT('',(-15.5,1.4211390043385,-14.25));
#521=(BOUNDED_CURVE()B_SPLINE_CURVE(2,(#512,#513,#514,#515,#516,#517,#518,#519,#520),.UNSPECIFIED.,.F.,.U.)B_SPLINE_CURVE_WITH_KNOTS((3,2,2,2,3),(0.58333333333333,0.60416666666667,0.625,0.64583333333333,0.66666666666667),.UNSPECIFIED.)CURVE()GEOMETRIC_REPRESENTATION_ITEM()RATIONAL_B_SPLINE_CURVE((1.,0.92387953251129,1.,0.92387953251129,1.,0.92387953251129,1.,0.92387953251129,1.))REPRESENTATION_ITEM(''));
#522=EDGE_CURVE('',#248,#292,#521,.T.);
#523=ORIENTED_EDGE('',*,*,#522,.T.);
#524=EDGE_LOOP('',(#498,#510,#511,#523));
#525=FACE_OUTER_BOUND('',#524,.T.);
#526=ADVANCED_FACE('',(#525),#497,.F.);
#527=CARTESIAN_POINT('',(-15.5,1.3788609956615,-15.5));
#528=DIRECTION('',(1.1368683772162E-14,0.,-1.));
#529=DIRECTION('',(0.,-1.,0.));
#530=AXIS2_PLACEMENT_3D('',#527,#529,#528);
#531=CYLINDRICAL_SURFACE('',#530,1.25);
#532=ORIENTED_EDGE('',*,*,#349,.F.);
#533=CARTESIAN_POINT('',(-15.5,0.97886099566149,-14.25));
#534=CARTESIAN_POINT('',(-14.982233047034,1.0288609956615,-14.25));
#535=CARTESIAN_POINT('',(-14.616116523517,1.0788609956615,-14.616116523517));
#536=CARTESIAN_POINT('',(-14.25,1.1288609956615,-14.982233047034));
#537=CARTESIAN_POINT('',(-14.25,1.1788609956615,-15.5));
#538=CARTESIAN_POINT('',(-14.25,1.2288609956615,-16.017766952966));
#539=CARTESIAN_POINT('',(-14.616116523517,1.2788609956615,-16.383883476483));
#540=CARTESIAN_POINT('',(-14.982233047034,1.3288609956615,-16.75));
#541=CARTESIAN_POINT('',(-15.5,1.3788609956615,-16.75));
#542=(BOUNDED_CURVE()B_SPLINE_CURVE(2,(#533,#534,#535,#536,#537,#538,#539,#540,#541),.UNSPECIFIED.,.F.,.U.)B_SPLINE_CURVE_WITH_KNOTS((3,2,2,2,3),(0.58333333333333,0.60416666666667,0.625,0.64583333333333,0.66666666666667),.UNSPECIFIED.)CURVE()GEOMETRIC_REPRESENTATION_ITEM()RATIONAL_B_SPLINE_CURVE((1.,0.92387953251129,1.,0.92387953251129,1.,0.92387953251129,1.,0.92387953251129,1.))REPRESENTATION_ITEM(''));
#543=EDGE_CURVE('',#330,#276,#542,.T.);
#544=ORIENTED_EDGE('',*,*,#543,.T.);
#545=ORIENTED_EDGE('',*,*,#317,.F.);
#546=CARTESIAN_POINT('',(-15.5,1.0211390043385,-16.75));
#547=CARTESIAN_POINT('',(-14.982233047034,0.97113900433851,-16.75));
#548=CARTESIAN_POINT('',(-14.616116523517,0.92113900433851,-16.383883476483));
#549=CARTESIAN_POINT('',(-14.25,0.87113900433851,-16.017766952966));
#550=CARTESIAN_POINT('',(-14.25,0.82113900433851,-15.5));
#551=CARTESIAN_POINT('',(-14.25,0.77113900433851,-14.982233047034));
#552=CARTESIAN_POINT('',(-14.616116523517,0.72113900433851,-14.616116523517));
#553=CARTESIAN_POINT('',(-14.982233047034,0.67113900433851,-14.25));
#554=CARTESIAN_POINT('',(-15.5,0.62113900433851,-14.25));
#555=(BOUNDED_CURVE()B_SPLINE_CURVE(2,(#546,#547,#548,#549,#550,#551,#552,#553,#554),.UNSPECIFIED.,.F.,.U.)B_SPLINE_CURVE_WITH_KNOTS((3,2,2,2,3),(0.75,0.77083333333333,0.79166666666667,0.8125,0.83333333333333),.UNSPECIFIED.)CURVE()GEOMETRIC_REPRESENTATION_ITEM()RATIONAL_B_SPLINE_CURVE((1.,0.92387953251129,1.,0.92387953251129,1.,0.92387953251129,1.,0.92387953251129,1.))REPRESENTATION_ITEM(''));
#556=EDGE_CURVE('',#300,#344,#555,.T.);
#557=ORIENTED_EDGE('',*,*,#556,.T.);
#558=EDGE_LOOP('',(#532,#544,#545,#557));
#559=FACE_OUTER_BOUND('',#558,.T.);
#560=ADVANCED_FACE('',(#559),#531,.F.);
#561=CARTESIAN_POINT('',(-15.5,0.57886099566149,-15.5));
#562=DIRECTION('',(-2.2246965158956E-09,0.,-1.));
#563=DIRECTION('',(0.,-1.,0.));
#564=AXIS2_PLACEMENT_3D('',#561,#563,#562);
#565=CYLINDRICAL_SURFACE('',#564,1.25);
#566=CARTESIAN_POINT('',(-14.778364368009,0.50000000000015,-16.52065763831));
#567=VERTEX_POINT('',#566);
#568=CARTESIAN_POINT('',(-14.778364368009,0.50000000000015,-16.52065763831));
#569=CARTESIAN_POINT('',(-15.10273864066,0.5404980452005,-16.75));
#570=CARTESIAN_POINT('',(-15.5,0.57886099566149,-16.75));
#571=(BOUNDED_CURVE()B_SPLINE_CURVE(2,(#568,#569,#570),.UNSPECIFIED.,.F.,.U.)B_SPLINE_CURVE_WITH_KNOTS((3,3),(0.75,0.7662728583961),.UNSPECIFIED.)CURVE()GEOMETRIC_REPRESENTATION_ITEM()RATIONAL_B_SPLINE_CURVE((0.97396918079282,0.94054251575253,1.))REPRESENTATION_ITEM(''));
#572=EDGE_CURVE('',#567,#328,#571,.T.);
#573=ORIENTED_EDGE('',*,*,#572,.T.);
#574=ORIENTED_EDGE('',*,*,#374,.F.);
#575=CARTESIAN_POINT('',(-15.5,0.5,-15.5));
#576=DIRECTION('',(-4.2632564145606E-15,-1.7763568394003E-16,-1.));
#577=DIRECTION('',(-6.2640425158933E-17,-1.,1.9710079927975E-16));
#578=AXIS2_PLACEMENT_3D('',#575,#577,#576);
#579=CIRCLE('',#578,1.25);
#580=EDGE_CURVE('',#362,#567,#579,.T.);
#581=ORIENTED_EDGE('',*,*,#580,.T.);
#582=EDGE_LOOP('',(#573,#574,#581));
#583=FACE_OUTER_BOUND('',#582,.T.);
#584=ADVANCED_FACE('',(#583),#565,.F.);
#585=CARTESIAN_POINT('',(15.5,4.5,-15.5));
#586=DIRECTION('',(-1.4210854715202E-14,0.,1.));
#587=DIRECTION('',(0.,-1.,0.));
#588=AXIS2_PLACEMENT_3D('',#585,#587,#586);
#589=CYLINDRICAL_SURFACE('',#588,1.25);
#590=CARTESIAN_POINT('',(14.25,4.5,-15.5));
#591=VERTEX_POINT('',#590);
#592=CARTESIAN_POINT('',(15.5,4.5,-14.25));
#593=VERTEX_POINT('',#592);
#594=CARTESIAN_POINT('',(15.5,4.5,-15.5));
#595=DIRECTION('',(-1.,1.4210854715202E-15,-1.2789769243682E-14));
#596=DIRECTION('',(1.6169827056714E-15,1.,-6.6977616681183E-16));
#597=AXIS2_PLACEMENT_3D('',#594,#596,#595);
#598=CIRCLE('',#597,1.25);
#599=EDGE_CURVE('',#591,#593,#598,.T.);
#600=ORIENTED_EDGE('',*,*,#599,.T.);
#601=CARTESIAN_POINT('',(15.5,4.0211390043385,-14.25));
#602=VERTEX_POINT('',#601);
#603=CARTESIAN_POINT('',(15.5,4.5,-14.25));
#604=DIRECTION('',(-3.7095458922196E-14,-1.,0.));
#605=VECTOR('',#604,0.47886099566149);
#606=LINE('',#603,#605);
#607=EDGE_CURVE('',#593,#602,#606,.T.);
#608=ORIENTED_EDGE('',*,*,#607,.T.);
#609=CARTESIAN_POINT('',(15.5,3.6211390043385,-16.75));
#610=VERTEX_POINT('',#609);
#611=CARTESIAN_POINT('',(15.5,4.0211390043385,-14.25));
#612=CARTESIAN_POINT('',(14.982233047034,3.9711390043385,-14.25));
#613=CARTESIAN_POINT('',(14.616116523517,3.9211390043385,-14.616116523517));
#614=CARTESIAN_POINT('',(14.25,3.8711390043385,-14.982233047034));
#615=CARTESIAN_POINT('',(14.25,3.8211390043385,-15.5));
#616=CARTESIAN_POINT('',(14.25,3.7711390043385,-16.017766952966));
#617=CARTESIAN_POINT('',(14.616116523517,3.7211390043385,-16.383883476483));
#618=CARTESIAN_POINT('',(14.982233047034,3.6711390043385,-16.75));
#619=CARTESIAN_POINT('',(15.5,3.6211390043385,-16.75));
#620=(BOUNDED_CURVE()B_SPLINE_CURVE(2,(#611,#612,#613,#614,#615,#616,#617,#618,#619),.UNSPECIFIED.,.F.,.U.)B_SPLINE_CURVE_WITH_KNOTS((3,2,2,2,3),(0.125,0.14583333333333,0.16666666666667,0.1875,0.20833333333333),.UNSPECIFIED.)CURVE()GEOMETRIC_REPRESENTATION_ITEM()RATIONAL_B_SPLINE_CURVE((1.,0.92387953251129,1.,0.92387953251129,1.,0.92387953251129,1.,0.92387953251129,1.))REPRESENTATION_ITEM(''));
#621=EDGE_CURVE('',#602,#610,#620,.T.);
#622=ORIENTED_EDGE('',*,*,#621,.T.);
#623=CARTESIAN_POINT('',(15.5,3.9788609956615,-16.75));
#624=VERTEX_POINT('',#623);
#625=CARTESIAN_POINT('',(15.5,3.6211390043385,-16.75));
#626=DIRECTION('',(0.,1.,0.));
#627=VECTOR('',#626,0.35772199132298);
#628=LINE('',#625,#627);
#629=EDGE_CURVE('',#610,#624,#628,.T.);
#630=ORIENTED_EDGE('',*,*,#629,.T.);
#631=CARTESIAN_POINT('',(14.250267002091,4.1788609956615,-15.5));
#632=VERTEX_POINT('',#631);
#633=CARTESIAN_POINT('',(15.5,3.9788609956615,-16.75));
#634=CARTESIAN_POINT('',(14.982233047034,4.0288609956615,-16.75));
#635=CARTESIAN_POINT('',(14.616116523517,4.0788609956615,-16.383883476483));
#636=CARTESIAN_POINT('',(14.25,4.1288609956615,-16.017766952966));
#637=CARTESIAN_POINT('',(14.250267002091,4.1788609956615,-15.5));
#638=(BOUNDED_CURVE()B_SPLINE_CURVE(2,(#633,#634,#635,#636,#637),.UNSPECIFIED.,.F.,.U.)B_SPLINE_CURVE_WITH_KNOTS((3,2,3),(0.,0.020833333333333,0.041666666666667),.UNSPECIFIED.)CURVE()GEOMETRIC_REPRESENTATION_ITEM()RATIONAL_B_SPLINE_CURVE((1.,0.92387953251129,1.,0.92387953251129,1.))REPRESENTATION_ITEM(''));
#639=EDGE_CURVE('',#624,#632,#638,.T.);
#640=ORIENTED_EDGE('',*,*,#639,.T.);
#641=CARTESIAN_POINT('',(14.250267002091,4.1788609956615,-15.5));
#642=DIRECTION('',(-0.00083142189132171,0.99999965436876,0.));
#643=VECTOR('',#642,0.32113911533422);
#644=LINE('',#641,#643);
#645=EDGE_CURVE('',#632,#591,#644,.T.);
#646=ORIENTED_EDGE('',*,*,#645,.T.);
#647=EDGE_LOOP('',(#600,#608,#622,#630,#640,#646));
#648=FACE_OUTER_BOUND('',#647,.T.);
#649=ADVANCED_FACE('',(#648),#589,.F.);
#650=CARTESIAN_POINT('',(15.5,3.5788609956615,-15.5));
#651=DIRECTION('',(-9.9475983006414E-15,-1.4210854715202E-15,1.));
#652=DIRECTION('',(2.3443385037548E-15,-1.,0.));
#653=AXIS2_PLACEMENT_3D('',#650,#652,#651);
#654=CYLINDRICAL_SURFACE('',#653,1.25);
#655=CARTESIAN_POINT('',(15.5,3.1788609956615,-16.75));
#656=VERTEX_POINT('',#655);
#657=CARTESIAN_POINT('',(15.5,3.5788609956615,-14.25));
#658=VERTEX_POINT('',#657);
#659=CARTESIAN_POINT('',(15.5,3.1788609956615,-16.75));
#660=CARTESIAN_POINT('',(14.982233047034,3.2288609956615,-16.75));
#661=CARTESIAN_POINT('',(14.616116523517,3.2788609956615,-16.383883476483));
#662=CARTESIAN_POINT('',(14.25,3.3288609956615,-16.017766952966));
#663=CARTESIAN_POINT('',(14.25,3.3788609956615,-15.5));
#664=CARTESIAN_POINT('',(14.25,3.4288609956615,-14.982233047034));
#665=CARTESIAN_POINT('',(14.616116523517,3.4788609956615,-14.616116523517));
#666=CARTESIAN_POINT('',(14.982233047034,3.5288609956615,-14.25));
#667=CARTESIAN_POINT('',(15.5,3.5788609956615,-14.25));
#668=(BOUNDED_CURVE()B_SPLINE_CURVE(2,(#659,#660,#661,#662,#663,#664,#665,#666,#667),.UNSPECIFIED.,.F.,.U.)B_SPLINE_CURVE_WITH_KNOTS((3,2,2,2,3),(0.125,0.14583333333333,0.16666666666667,0.1875,0.20833333333333),.UNSPECIFIED.)CURVE()GEOMETRIC_REPRESENTATION_ITEM()RATIONAL_B_SPLINE_CURVE((1.,0.92387953251129,1.,0.92387953251129,1.,0.92387953251129,1.,0.92387953251129,1.))REPRESENTATION_ITEM(''));
#669=EDGE_CURVE('',#656,#658,#668,.T.);
#670=ORIENTED_EDGE('',*,*,#669,.T.);
#671=CARTESIAN_POINT('',(15.5,3.2211390043385,-14.25));
#672=VERTEX_POINT('',#671);
#673=CARTESIAN_POINT('',(15.5,3.5788609956615,-14.25));
#674=DIRECTION('',(0.,-1.,4.9657468159301E-15));
#675=VECTOR('',#674,0.35772199132298);
#676=LINE('',#673,#675);
#677=EDGE_CURVE('',#658,#672,#676,.T.);
#678=ORIENTED_EDGE('',*,*,#677,.T.);
#679=CARTESIAN_POINT('',(15.5,2.8211390043385,-16.75));
#680=VERTEX_POINT('',#679);
#681=CARTESIAN_POINT('',(15.5,3.2211390043385,-14.25));
#682=CARTESIAN_POINT('',(14.982233047034,3.1711390043385,-14.25));
#683=CARTESIAN_POINT('',(14.616116523517,3.1211390043385,-14.616116523517));
#684=CARTESIAN_POINT('',(14.25,3.0711390043385,-14.982233047034));
#685=CARTESIAN_POINT('',(14.25,3.0211390043385,-15.5));
#686=CARTESIAN_POINT('',(14.25,2.9711390043385,-16.017766952966));
#687=CARTESIAN_POINT('',(14.616116523517,2.9211390043385,-16.383883476483));
#688=CARTESIAN_POINT('',(14.982233047034,2.8711390043385,-16.75));
#689=CARTESIAN_POINT('',(15.5,2.8211390043385,-16.75));
#690=(BOUNDED_CURVE()B_SPLINE_CURVE(2,(#681,#682,#683,#684,#685,#686,#687,#688,#689),.UNSPECIFIED.,.F.,.U.)B_SPLINE_CURVE_WITH_KNOTS((3,2,2,2,3),(0.29166666666667,0.3125,0.33333333333333,0.35416666666667,0.375),.UNSPECIFIED.)CURVE()GEOMETRIC_REPRESENTATION_ITEM()RATIONAL_B_SPLINE_CURVE((1.,0.92387953251129,1.,0.92387953251129,1.,0.92387953251129,1.,0.92387953251129,1.))REPRESENTATION_ITEM(''));
#691=EDGE_CURVE('',#672,#680,#690,.T.);
#692=ORIENTED_EDGE('',*,*,#691,.T.);
#693=CARTESIAN_POINT('',(15.5,2.8211390043385,-16.75));
#694=DIRECTION('',(0.,1.,0.));
#695=VECTOR('',#694,0.35772199132298);
#696=LINE('',#693,#695);
#697=EDGE_CURVE('',#680,#656,#696,.T.);
#698=ORIENTED_EDGE('',*,*,#697,.T.);
#699=EDGE_LOOP('',(#670,#678,#692,#698));
#700=FACE_OUTER_BOUND('',#699,.T.);
#701=ADVANCED_FACE('',(#700),#654,.F.);
#702=CARTESIAN_POINT('',(15.5,2.7788609956615,-15.5));
#703=DIRECTION('',(1.4210854715202E-15,-3.5527136788005E-16,1.));
#704=DIRECTION('',(0.,-1.,0.));
#705=AXIS2_PLACEMENT_3D('',#702,#704,#703);
#706=CYLINDRICAL_SURFACE('',#705,1.25);
#707=CARTESIAN_POINT('',(15.5,2.3788609956615,-16.75));
#708=VERTEX_POINT('',#707);
#709=CARTESIAN_POINT('',(15.5,2.7788609956615,-14.25));
#710=VERTEX_POINT('',#709);
#711=CARTESIAN_POINT('',(15.5,2.3788609956615,-16.75));
#712=CARTESIAN_POINT('',(14.982233047034,2.4288609956615,-16.75));
#713=CARTESIAN_POINT('',(14.616116523517,2.4788609956615,-16.383883476483));
#714=CARTESIAN_POINT('',(14.25,2.5288609956615,-16.017766952966));
#715=CARTESIAN_POINT('',(14.25,2.5788609956615,-15.5));
#716=CARTESIAN_POINT('',(14.25,2.6288609956615,-14.982233047034));
#717=CARTESIAN_POINT('',(14.616116523517,2.6788609956615,-14.616116523517));
#718=CARTESIAN_POINT('',(14.982233047034,2.7288609956615,-14.25));
#719=CARTESIAN_POINT('',(15.5,2.7788609956615,-14.25));
#720=(BOUNDED_CURVE()B_SPLINE_CURVE(2,(#711,#712,#713,#714,#715,#716,#717,#718,#719),.UNSPECIFIED.,.F.,.U.)B_SPLINE_CURVE_WITH_KNOTS((3,2,2,2,3),(0.29166666666667,0.3125,0.33333333333333,0.35416666666667,0.375),.UNSPECIFIED.)CURVE()GEOMETRIC_REPRESENTATION_ITEM()RATIONAL_B_SPLINE_CURVE((1.,0.92387953251129,1.,0.92387953251129,1.,0.92387953251129,1.,0.92387953251129,1.))REPRESENTATION_ITEM(''));
#721=EDGE_CURVE('',#708,#710,#720,.T.);
#722=ORIENTED_EDGE('',*,*,#721,.T.);
#723=CARTESIAN_POINT('',(15.5,2.4211390043385,-14.25));
#724=VERTEX_POINT('',#723);
#725=CARTESIAN_POINT('',(15.5,2.7788609956615,-14.25));
#726=DIRECTION('',(0.,-1.,4.9657468159301E-15));
#727=VECTOR('',#726,0.35772199132298);
#728=LINE('',#725,#727);
#729=EDGE_CURVE('',#710,#724,#728,.T.);
#730=ORIENTED_EDGE('',*,*,#729,.T.);
#731=CARTESIAN_POINT('',(15.5,2.0211390043385,-16.75));
#732=VERTEX_POINT('',#731);
#733=CARTESIAN_POINT('',(15.5,2.4211390043385,-14.25));
#734=CARTESIAN_POINT('',(14.982233047034,2.3711390043385,-14.25));
#735=CARTESIAN_POINT('',(14.616116523517,2.3211390043385,-14.616116523517));
#736=CARTESIAN_POINT('',(14.25,2.2711390043385,-14.982233047034));
#737=CARTESIAN_POINT('',(14.25,2.2211390043385,-15.5));
#738=CARTESIAN_POINT('',(14.25,2.1711390043385,-16.017766952966));
#739=CARTESIAN_POINT('',(14.616116523517,2.1211390043385,-16.383883476483));
#740=CARTESIAN_POINT('',(14.982233047034,2.0711390043385,-16.75));
#741=CARTESIAN_POINT('',(15.5,2.0211390043385,-16.75));
#742=(BOUNDED_CURVE()B_SPLINE_CURVE(2,(#733,#734,#735,#736,#737,#738,#739,#740,#741),.UNSPECIFIED.,.F.,.U.)B_SPLINE_CURVE_WITH_KNOTS((3,2,2,2,3),(0.45833333333333,0.47916666666667,0.5,0.52083333333333,0.54166666666667),.UNSPECIFIED.)CURVE()GEOMETRIC_REPRESENTATION_ITEM()RATIONAL_B_SPLINE_CURVE((1.,0.92387953251129,1.,0.92387953251129,1.,0.92387953251129,1.,0.92387953251129,1.))REPRESENTATION_ITEM(''));
#743=EDGE_CURVE('',#724,#732,#742,.T.);
#744=ORIENTED_EDGE('',*,*,#743,.T.);
#745=CARTESIAN_POINT('',(15.5,2.0211390043385,-16.75));
#746=DIRECTION('',(0.,1.,0.));
#747=VECTOR('',#746,0.35772199132298);
#748=LINE('',#745,#747);
#749=EDGE_CURVE('',#732,#708,#748,.T.);
#750=ORIENTED_EDGE('',*,*,#749,.T.);
#751=EDGE_LOOP('',(#722,#730,#744,#750));
#752=FACE_OUTER_BOUND('',#751,.T.);
#753=ADVANCED_FACE('',(#752),#706,.F.);
#754=CARTESIAN_POINT('',(15.5,1.9788609956615,-15.5));
#755=DIRECTION('',(-1.5631940186722E-14,-4.0856207306206E-15,1.));
#756=DIRECTION('',(0.,-1.,0.));
#757=AXIS2_PLACEMENT_3D('',#754,#756,#755);
#758=CYLINDRICAL_SURFACE('',#757,1.25);
#759=CARTESIAN_POINT('',(15.5,1.5788609956615,-16.75));
#760=VERTEX_POINT('',#759);
#761=CARTESIAN_POINT('',(15.5,1.9788609956615,-14.25));
#762=VERTEX_POINT('',#761);
#763=CARTESIAN_POINT('',(15.5,1.5788609956615,-16.75));
#764=CARTESIAN_POINT('',(14.982233047034,1.6288609956615,-16.75));
#765=CARTESIAN_POINT('',(14.616116523517,1.6788609956615,-16.383883476483));
#766=CARTESIAN_POINT('',(14.25,1.7288609956615,-16.017766952966));
#767=CARTESIAN_POINT('',(14.25,1.7788609956615,-15.5));
#768=CARTESIAN_POINT('',(14.25,1.8288609956615,-14.982233047034));
#769=CARTESIAN_POINT('',(14.616116523517,1.8788609956615,-14.616116523517));
#770=CARTESIAN_POINT('',(14.982233047034,1.9288609956615,-14.25));
#771=CARTESIAN_POINT('',(15.5,1.9788609956615,-14.25));
#772=(BOUNDED_CURVE()B_SPLINE_CURVE(2,(#763,#764,#765,#766,#767,#768,#769,#770,#771),.UNSPECIFIED.,.F.,.U.)B_SPLINE_CURVE_WITH_KNOTS((3,2,2,2,3),(0.45833333333333,0.47916666666667,0.5,0.52083333333333,0.54166666666667),.UNSPECIFIED.)CURVE()GEOMETRIC_REPRESENTATION_ITEM()RATIONAL_B_SPLINE_CURVE((1.,0.92387953251129,1.,0.92387953251129,1.,0.92387953251129,1.,0.92387953251129,1.))REPRESENTATION_ITEM(''));
#773=EDGE_CURVE('',#760,#762,#772,.T.);
#774=ORIENTED_EDGE('',*,*,#773,.T.);
#775=CARTESIAN_POINT('',(15.5,1.6211390043385,-14.25));
#776=VERTEX_POINT('',#775);
#777=CARTESIAN_POINT('',(15.5,1.9788609956615,-14.25));
#778=DIRECTION('',(0.,-1.,4.9657468159301E-15));
#779=VECTOR('',#778,0.35772199132298);
#780=LINE('',#777,#779);
#781=EDGE_CURVE('',#762,#776,#780,.T.);
#782=ORIENTED_EDGE('',*,*,#781,.T.);
#783=CARTESIAN_POINT('',(15.5,1.2211390043385,-16.75));
#784=VERTEX_POINT('',#783);
#785=CARTESIAN_POINT('',(15.5,1.6211390043385,-14.25));
#786=CARTESIAN_POINT('',(14.982233047034,1.5711390043385,-14.25));
#787=CARTESIAN_POINT('',(14.616116523517,1.5211390043385,-14.616116523517));
#788=CARTESIAN_POINT('',(14.25,1.4711390043385,-14.982233047034));
#789=CARTESIAN_POINT('',(14.25,1.4211390043385,-15.5));
#790=CARTESIAN_POINT('',(14.25,1.3711390043385,-16.017766952966));
#791=CARTESIAN_POINT('',(14.616116523517,1.3211390043385,-16.383883476483));
#792=CARTESIAN_POINT('',(14.982233047034,1.2711390043385,-16.75));
#793=CARTESIAN_POINT('',(15.5,1.2211390043385,-16.75));
#794=(BOUNDED_CURVE()B_SPLINE_CURVE(2,(#785,#786,#787,#788,#789,#790,#791,#792,#793),.UNSPECIFIED.,.F.,.U.)B_SPLINE_CURVE_WITH_KNOTS((3,2,2,2,3),(0.625,0.64583333333333,0.66666666666667,0.6875,0.70833333333333),.UNSPECIFIED.)CURVE()GEOMETRIC_REPRESENTATION_ITEM()RATIONAL_B_SPLINE_CURVE((1.,0.92387953251129,1.,0.92387953251129,1.,0.92387953251129,1.,0.92387953251129,1.))REPRESENTATION_ITEM(''));
#795=EDGE_CURVE('',#776,#784,#794,.T.);
#796=ORIENTED_EDGE('',*,*,#795,.T.);
#797=CARTESIAN_POINT('',(15.5,1.2211390043385,-16.75));
#798=DIRECTION('',(0.,1.,0.));
#799=VECTOR('',#798,0.35772199132298);
#800=LINE('',#797,#799);
#801=EDGE_CURVE('',#784,#760,#800,.T.);
#802=ORIENTED_EDGE('',*,*,#801,.T.);
#803=EDGE_LOOP('',(#774,#782,#796,#802));
#804=FACE_OUTER_BOUND('',#803,.T.);
#805=ADVANCED_FACE('',(#804),#758,.F.);
#806=CARTESIAN_POINT('',(15.5,1.1788609956615,-15.5));
#807=DIRECTION('',(1.6265255993631E-06,-2.3092638912204E-15,0.99999999999868));
#808=DIRECTION('',(-2.6166724126923E-15,-1.,2.6166724126923E-15));
#809=AXIS2_PLACEMENT_3D('',#806,#808,#807);
#810=CYLINDRICAL_SURFACE('',#809,1.2499999999999);
#811=CARTESIAN_POINT('',(15.5,0.77886099566149,-16.75));
#812=VERTEX_POINT('',#811);
#813=CARTESIAN_POINT('',(15.5,1.1788609956615,-14.25));
#814=VERTEX_POINT('',#813);
#815=CARTESIAN_POINT('',(15.5,0.77886099566149,-16.75));
#816=CARTESIAN_POINT('',(14.982233047034,0.82886099566149,-16.75));
#817=CARTESIAN_POINT('',(14.616116523517,0.87886099566149,-16.383883476483));
#818=CARTESIAN_POINT('',(14.25,0.92886099566149,-16.017766952966));
#819=CARTESIAN_POINT('',(14.25,0.97886099566149,-15.5));
#820=CARTESIAN_POINT('',(14.25,1.0288609956615,-14.982233047034));
#821=CARTESIAN_POINT('',(14.616116523517,1.0788609956615,-14.616116523517));
#822=CARTESIAN_POINT('',(14.982233047034,1.1288609956615,-14.25));
#823=CARTESIAN_POINT('',(15.5,1.1788609956615,-14.25));
#824=(BOUNDED_CURVE()B_SPLINE_CURVE(2,(#815,#816,#817,#818,#819,#820,#821,#822,#823),.UNSPECIFIED.,.F.,.U.)B_SPLINE_CURVE_WITH_KNOTS((3,2,2,2,3),(0.625,0.64583333333333,0.66666666666667,0.6875,0.70833333333333),.UNSPECIFIED.)CURVE()GEOMETRIC_REPRESENTATION_ITEM()RATIONAL_B_SPLINE_CURVE((1.,0.92387953251129,1.,0.92387953251129,1.,0.92387953251129,1.,0.92387953251129,1.))REPRESENTATION_ITEM(''));
#825=EDGE_CURVE('',#812,#814,#824,.T.);
#826=ORIENTED_EDGE('',*,*,#825,.T.);
#827=CARTESIAN_POINT('',(15.5,0.82113900433851,-14.25));
#828=VERTEX_POINT('',#827);
#829=CARTESIAN_POINT('',(15.5,1.1788609956615,-14.25));
#830=DIRECTION('',(0.,-1.,4.9657468159301E-15));
#831=VECTOR('',#830,0.35772199132298);
#832=LINE('',#829,#831);
#833=EDGE_CURVE('',#814,#828,#832,.T.);
#834=ORIENTED_EDGE('',*,*,#833,.T.);
#835=CARTESIAN_POINT('',(14.778364368008,0.5,-16.52065763831));
#836=VERTEX_POINT('',#835);
#837=CARTESIAN_POINT('',(15.5,0.82113900433851,-14.25));
#838=CARTESIAN_POINT('',(14.982233047034,0.77113900433851,-14.25));
#839=CARTESIAN_POINT('',(14.616116523517,0.72113900433851,-14.616116523517));
#840=CARTESIAN_POINT('',(14.25,0.67113900433851,-14.982233047034));
#841=CARTESIAN_POINT('',(14.25,0.62113900433851,-15.5));
#842=CARTESIAN_POINT('',(14.25,0.57113900433851,-16.017766952966));
#843=CARTESIAN_POINT('',(14.616116523517,0.52113900433851,-16.383883476483));
#844=CARTESIAN_POINT('',(14.691414550815,0.51085566249768,-16.459181503781));
#845=CARTESIAN_POINT('',(14.778364368008,0.5,-16.52065763831));
#846=(BOUNDED_CURVE()B_SPLINE_CURVE(2,(#837,#838,#839,#840,#841,#842,#843,#844,#845),.UNSPECIFIED.,.F.,.U.)B_SPLINE_CURVE_WITH_KNOTS((3,2,2,2,3),(0.79166666666667,0.8125,0.83333333333333,0.85416666666667,0.85872714160425),.UNSPECIFIED.)CURVE()GEOMETRIC_REPRESENTATION_ITEM()RATIONAL_B_SPLINE_CURVE((1.,0.92387953251129,1.,0.92387953251129,1.,0.92387953251129,1.,0.98333701675748,0.9739691807914))REPRESENTATION_ITEM(''));
#847=EDGE_CURVE('',#828,#836,#846,.T.);
#848=ORIENTED_EDGE('',*,*,#847,.T.);
#849=CARTESIAN_POINT('',(15.5,0.5,-16.75));
#850=VERTEX_POINT('',#849);
#851=CARTESIAN_POINT('',(15.5,0.5,-15.5));
#852=DIRECTION('',(-0.57730850559358,-1.7763568394002E-16,-0.81652611064761));
#853=DIRECTION('',(5.3691792993272E-17,-1.,1.6894354223914E-16));
#854=AXIS2_PLACEMENT_3D('',#851,#853,#852);
#855=CIRCLE('',#854,1.25);
#856=EDGE_CURVE('',#836,#850,#855,.T.);
#857=ORIENTED_EDGE('',*,*,#856,.T.);
#858=CARTESIAN_POINT('',(15.5,0.5,-16.75));
#859=DIRECTION('',(6.3700440973702E-14,1.,1.274008819474E-14));
#860=VECTOR('',#859,0.27886099566149);
#861=LINE('',#858,#860);
#862=EDGE_CURVE('',#850,#812,#861,.T.);
#863=ORIENTED_EDGE('',*,*,#862,.T.);
#864=EDGE_LOOP('',(#826,#834,#848,#857,#863));
#865=FACE_OUTER_BOUND('',#864,.T.);
#866=ADVANCED_FACE('',(#865),#810,.F.);
#867=CARTESIAN_POINT('',(15.5,4.5,-15.5));
#868=DIRECTION('',(1.8474111129763E-14,7.105427357601E-16,-1.));
#869=DIRECTION('',(0.,-1.,0.));
#870=AXIS2_PLACEMENT_3D('',#867,#869,#868);
#871=CYLINDRICAL_SURFACE('',#870,1.25);
#872=ORIENTED_EDGE('',*,*,#607,.F.);
#873=CARTESIAN_POINT('',(15.5,4.5,-16.75));
#874=VERTEX_POINT('',#873);
#875=CARTESIAN_POINT('',(15.5,4.5,-15.5));
#876=DIRECTION('',(1.4210854715202E-15,0.,1.));
#877=DIRECTION('',(-4.2885047732943E-16,1.,-4.2885047732943E-16));
#878=AXIS2_PLACEMENT_3D('',#875,#877,#876);
#879=CIRCLE('',#878,1.25);
#880=EDGE_CURVE('',#593,#874,#879,.T.);
#881=ORIENTED_EDGE('',*,*,#880,.T.);
#882=CARTESIAN_POINT('',(15.5,4.4211390043385,-16.75));
#883=VERTEX_POINT('',#882);
#884=CARTESIAN_POINT('',(15.5,4.5,-16.75));
#885=DIRECTION('',(2.2525163732719E-13,-1.,4.5050327465437E-14));
#886=VECTOR('',#885,0.078860995661489);
#887=LINE('',#884,#886);
#888=EDGE_CURVE('',#874,#883,#887,.T.);
#889=ORIENTED_EDGE('',*,*,#888,.T.);
#890=CARTESIAN_POINT('',(15.5,4.4211390043385,-16.75));
#891=CARTESIAN_POINT('',(16.017766952966,4.3711390043385,-16.75));
#892=CARTESIAN_POINT('',(16.383883476483,4.3211390043385,-16.383883476483));
#893=CARTESIAN_POINT('',(16.75,4.2711390043385,-16.017766952966));
#894=CARTESIAN_POINT('',(16.75,4.2211390043385,-15.5));
#895=CARTESIAN_POINT('',(16.75,4.1711390043385,-14.982233047034));
#896=CARTESIAN_POINT('',(16.383883476483,4.1211390043385,-14.616116523517));
#897=CARTESIAN_POINT('',(16.017766952966,4.0711390043385,-14.25));
#898=CARTESIAN_POINT('',(15.5,4.0211390043385,-14.25));
#899=(BOUNDED_CURVE()B_SPLINE_CURVE(2,(#890,#891,#892,#893,#894,#895,#896,#897,#898),.UNSPECIFIED.,.F.,.U.)B_SPLINE_CURVE_WITH_KNOTS((3,2,2,2,3),(0.041666666666667,0.0625,0.083333333333333,0.10416666666667,0.125),.UNSPECIFIED.)CURVE()GEOMETRIC_REPRESENTATION_ITEM()RATIONAL_B_SPLINE_CURVE((1.,0.92387953251129,1.,0.92387953251129,1.,0.92387953251129,1.,0.92387953251129,1.))REPRESENTATION_ITEM(''));
#900=EDGE_CURVE('',#883,#602,#899,.T.);
#901=ORIENTED_EDGE('',*,*,#900,.T.);
#902=EDGE_LOOP('',(#872,#881,#889,#901));
#903=FACE_OUTER_BOUND('',#902,.T.);
#904=ADVANCED_FACE('',(#903),#871,.F.);
#905=CARTESIAN_POINT('',(15.5,3.9788609956615,-15.5));
#906=DIRECTION('',(1.9895196601283E-14,-2.4868995751603E-15,-1.));
#907=DIRECTION('',(-2.3443385037548E-15,-1.,0.));
#908=AXIS2_PLACEMENT_3D('',#905,#907,#906);
#909=CYLINDRICAL_SURFACE('',#908,1.25);
#910=ORIENTED_EDGE('',*,*,#677,.F.);
#911=CARTESIAN_POINT('',(15.5,3.5788609956615,-14.25));
#912=CARTESIAN_POINT('',(16.017766952966,3.6288609956615,-14.25));
#913=CARTESIAN_POINT('',(16.383883476483,3.6788609956615,-14.616116523517));
#914=CARTESIAN_POINT('',(16.75,3.7288609956615,-14.982233047034));
#915=CARTESIAN_POINT('',(16.75,3.7788609956615,-15.5));
#916=CARTESIAN_POINT('',(16.75,3.8288609956615,-16.017766952966));
#917=CARTESIAN_POINT('',(16.383883476483,3.8788609956615,-16.383883476483));
#918=CARTESIAN_POINT('',(16.017766952966,3.9288609956615,-16.75));
#919=CARTESIAN_POINT('',(15.5,3.9788609956615,-16.75));
#920=(BOUNDED_CURVE()B_SPLINE_CURVE(2,(#911,#912,#913,#914,#915,#916,#917,#918,#919),.UNSPECIFIED.,.F.,.U.)B_SPLINE_CURVE_WITH_KNOTS((3,2,2,2,3),(0.041666666666667,0.0625,0.083333333333333,0.10416666666667,0.125),.UNSPECIFIED.)CURVE()GEOMETRIC_REPRESENTATION_ITEM()RATIONAL_B_SPLINE_CURVE((1.,0.92387953251129,1.,0.92387953251129,1.,0.92387953251129,1.,0.92387953251129,1.))REPRESENTATION_ITEM(''));
#921=EDGE_CURVE('',#658,#624,#920,.T.);
#922=ORIENTED_EDGE('',*,*,#921,.T.);
#923=ORIENTED_EDGE('',*,*,#629,.F.);
#924=CARTESIAN_POINT('',(15.5,3.6211390043385,-16.75));
#925=CARTESIAN_POINT('',(16.017766952966,3.5711390043385,-16.75));
#926=CARTESIAN_POINT('',(16.383883476483,3.5211390043385,-16.383883476483));
#927=CARTESIAN_POINT('',(16.75,3.4711390043385,-16.017766952966));
#928=CARTESIAN_POINT('',(16.75,3.4211390043385,-15.5));
#929=CARTESIAN_POINT('',(16.75,3.3711390043385,-14.982233047034));
#930=CARTESIAN_POINT('',(16.383883476483,3.3211390043385,-14.616116523517));
#931=CARTESIAN_POINT('',(16.017766952966,3.2711390043385,-14.25));
#932=CARTESIAN_POINT('',(15.5,3.2211390043385,-14.25));
#933=(BOUNDED_CURVE()B_SPLINE_CURVE(2,(#924,#925,#926,#927,#928,#929,#930,#931,#932),.UNSPECIFIED.,.F.,.U.)B_SPLINE_CURVE_WITH_KNOTS((3,2,2,2,3),(0.20833333333333,0.22916666666667,0.25,0.27083333333333,0.29166666666667),.UNSPECIFIED.)CURVE()GEOMETRIC_REPRESENTATION_ITEM()RATIONAL_B_SPLINE_CURVE((1.,0.92387953251129,1.,0.92387953251129,1.,0.92387953251129,1.,0.92387953251129,1.))REPRESENTATION_ITEM(''));
#934=EDGE_CURVE('',#610,#672,#933,.T.);
#935=ORIENTED_EDGE('',*,*,#934,.T.);
#936=EDGE_LOOP('',(#910,#922,#923,#935));
#937=FACE_OUTER_BOUND('',#936,.T.);
#938=ADVANCED_FACE('',(#937),#909,.F.);
#939=CARTESIAN_POINT('',(15.5,3.1788609956615,-15.5));
#940=DIRECTION('',(7.105427357601E-15,-3.9079850466805E-15,-1.));
#941=DIRECTION('',(-2.3443385037548E-15,-1.,0.));
#942=AXIS2_PLACEMENT_3D('',#939,#941,#940);
#943=CYLINDRICAL_SURFACE('',#942,1.25);
#944=ORIENTED_EDGE('',*,*,#729,.F.);
#945=CARTESIAN_POINT('',(15.5,2.7788609956615,-14.25));
#946=CARTESIAN_POINT('',(16.017766952966,2.8288609956615,-14.25));
#947=CARTESIAN_POINT('',(16.383883476483,2.8788609956615,-14.616116523517));
#948=CARTESIAN_POINT('',(16.75,2.9288609956615,-14.982233047034));
#949=CARTESIAN_POINT('',(16.75,2.9788609956615,-15.5));
#950=CARTESIAN_POINT('',(16.75,3.0288609956615,-16.017766952966));
#951=CARTESIAN_POINT('',(16.383883476483,3.0788609956615,-16.383883476483));
#952=CARTESIAN_POINT('',(16.017766952966,3.1288609956615,-16.75));
#953=CARTESIAN_POINT('',(15.5,3.1788609956615,-16.75));
#954=(BOUNDED_CURVE()B_SPLINE_CURVE(2,(#945,#946,#947,#948,#949,#950,#951,#952,#953),.UNSPECIFIED.,.F.,.U.)B_SPLINE_CURVE_WITH_KNOTS((3,2,2,2,3),(0.20833333333333,0.22916666666667,0.25,0.27083333333333,0.29166666666667),.UNSPECIFIED.)CURVE()GEOMETRIC_REPRESENTATION_ITEM()RATIONAL_B_SPLINE_CURVE((1.,0.92387953251129,1.,0.92387953251129,1.,0.92387953251129,1.,0.92387953251129,1.))REPRESENTATION_ITEM(''));
#955=EDGE_CURVE('',#710,#656,#954,.T.);
#956=ORIENTED_EDGE('',*,*,#955,.T.);
#957=ORIENTED_EDGE('',*,*,#697,.F.);
#958=CARTESIAN_POINT('',(15.5,2.8211390043385,-16.75));
#959=CARTESIAN_POINT('',(16.017766952966,2.7711390043385,-16.75));
#960=CARTESIAN_POINT('',(16.383883476483,2.7211390043385,-16.383883476483));
#961=CARTESIAN_POINT('',(16.75,2.6711390043385,-16.017766952966));
#962=CARTESIAN_POINT('',(16.75,2.6211390043385,-15.5));
#963=CARTESIAN_POINT('',(16.75,2.5711390043385,-14.982233047034));
#964=CARTESIAN_POINT('',(16.383883476483,2.5211390043385,-14.616116523517));
#965=CARTESIAN_POINT('',(16.017766952966,2.4711390043385,-14.25));
#966=CARTESIAN_POINT('',(15.5,2.4211390043385,-14.25));
#967=(BOUNDED_CURVE()B_SPLINE_CURVE(2,(#958,#959,#960,#961,#962,#963,#964,#965,#966),.UNSPECIFIED.,.F.,.U.)B_SPLINE_CURVE_WITH_KNOTS((3,2,2,2,3),(0.375,0.39583333333333,0.41666666666667,0.4375,0.45833333333333),.UNSPECIFIED.)CURVE()GEOMETRIC_REPRESENTATION_ITEM()RATIONAL_B_SPLINE_CURVE((1.,0.92387953251129,1.,0.92387953251129,1.,0.92387953251129,1.,0.92387953251129,1.))REPRESENTATION_ITEM(''));
#968=EDGE_CURVE('',#680,#724,#967,.T.);
#969=ORIENTED_EDGE('',*,*,#968,.T.);
#970=EDGE_LOOP('',(#944,#956,#957,#969));
#971=FACE_OUTER_BOUND('',#970,.T.);
#972=ADVANCED_FACE('',(#971),#943,.F.);
#973=CARTESIAN_POINT('',(15.5,2.3788609956615,-15.5));
#974=DIRECTION('',(1.5631940186722E-14,-3.5527136788005E-16,-1.));
#975=DIRECTION('',(0.,-1.,0.));
#976=AXIS2_PLACEMENT_3D('',#973,#975,#974);
#977=CYLINDRICAL_SURFACE('',#976,1.25);
#978=ORIENTED_EDGE('',*,*,#781,.F.);
#979=CARTESIAN_POINT('',(15.5,1.9788609956615,-14.25));
#980=CARTESIAN_POINT('',(16.017766952966,2.0288609956615,-14.25));
#981=CARTESIAN_POINT('',(16.383883476483,2.0788609956615,-14.616116523517));
#982=CARTESIAN_POINT('',(16.75,2.1288609956615,-14.982233047034));
#983=CARTESIAN_POINT('',(16.75,2.1788609956615,-15.5));
#984=CARTESIAN_POINT('',(16.75,2.2288609956615,-16.017766952966));
#985=CARTESIAN_POINT('',(16.383883476483,2.2788609956615,-16.383883476483));
#986=CARTESIAN_POINT('',(16.017766952966,2.3288609956615,-16.75));
#987=CARTESIAN_POINT('',(15.5,2.3788609956615,-16.75));
#988=(BOUNDED_CURVE()B_SPLINE_CURVE(2,(#979,#980,#981,#982,#983,#984,#985,#986,#987),.UNSPECIFIED.,.F.,.U.)B_SPLINE_CURVE_WITH_KNOTS((3,2,2,2,3),(0.375,0.39583333333333,0.41666666666667,0.4375,0.45833333333333),.UNSPECIFIED.)CURVE()GEOMETRIC_REPRESENTATION_ITEM()RATIONAL_B_SPLINE_CURVE((1.,0.92387953251129,1.,0.92387953251129,1.,0.92387953251129,1.,0.92387953251129,1.))REPRESENTATION_ITEM(''));
#989=EDGE_CURVE('',#762,#708,#988,.T.);
#990=ORIENTED_EDGE('',*,*,#989,.T.);
#991=ORIENTED_EDGE('',*,*,#749,.F.);
#992=CARTESIAN_POINT('',(15.5,2.0211390043385,-16.75));
#993=CARTESIAN_POINT('',(16.017766952966,1.9711390043385,-16.75));
#994=CARTESIAN_POINT('',(16.383883476483,1.9211390043385,-16.383883476483));
#995=CARTESIAN_POINT('',(16.75,1.8711390043385,-16.017766952966));
#996=CARTESIAN_POINT('',(16.75,1.8211390043385,-15.5));
#997=CARTESIAN_POINT('',(16.75,1.7711390043385,-14.982233047034));
#998=CARTESIAN_POINT('',(16.383883476483,1.7211390043385,-14.616116523517));
#999=CARTESIAN_POINT('',(16.017766952966,1.6711390043385,-14.25));
#1000=CARTESIAN_POINT('',(15.5,1.6211390043385,-14.25));
#1001=(BOUNDED_CURVE()B_SPLINE_CURVE(2,(#992,#993,#994,#995,#996,#997,#998,#999,#1000),.UNSPECIFIED.,.F.,.U.)B_SPLINE_CURVE_WITH_KNOTS((3,2,2,2,3),(0.54166666666667,0.5625,0.58333333333333,0.60416666666667,0.625),.UNSPECIFIED.)CURVE()GEOMETRIC_REPRESENTATION_ITEM()RATIONAL_B_SPLINE_CURVE((1.,0.92387953251129,1.,0.92387953251129,1.,0.92387953251129,1.,0.92387953251129,1.))REPRESENTATION_ITEM(''));
#1002=EDGE_CURVE('',#732,#776,#1001,.T.);
#1003=ORIENTED_EDGE('',*,*,#1002,.T.);
#1004=EDGE_LOOP('',(#978,#990,#991,#1003));
#1005=FACE_OUTER_BOUND('',#1004,.T.);
#1006=ADVANCED_FACE('',(#1005),#977,.F.);
#1007=CARTESIAN_POINT('',(15.5,1.5788609956615,-15.5));
#1008=DIRECTION('',(-1.1368683772162E-14,-4.4408920985006E-15,-1.));
#1009=DIRECTION('',(0.,-1.,0.));
#1010=AXIS2_PLACEMENT_3D('',#1007,#1009,#1008);
#1011=CYLINDRICAL_SURFACE('',#1010,1.25);
#1012=ORIENTED_EDGE('',*,*,#833,.F.);
#1013=CARTESIAN_POINT('',(15.5,1.1788609956615,-14.25));
#1014=CARTESIAN_POINT('',(16.017766952966,1.2288609956615,-14.25));
#1015=CARTESIAN_POINT('',(16.383883476483,1.2788609956615,-14.616116523517));
#1016=CARTESIAN_POINT('',(16.75,1.3288609956615,-14.982233047034));
#1017=CARTESIAN_POINT('',(16.75,1.3788609956615,-15.5));
#1018=CARTESIAN_POINT('',(16.75,1.4288609956615,-16.017766952966));
#1019=CARTESIAN_POINT('',(16.383883476483,1.4788609956615,-16.383883476483));
#1020=CARTESIAN_POINT('',(16.017766952966,1.5288609956615,-16.75));
#1021=CARTESIAN_POINT('',(15.5,1.5788609956615,-16.75));
#1022=(BOUNDED_CURVE()B_SPLINE_CURVE(2,(#1013,#1014,#1015,#1016,#1017,#1018,#1019,#1020,#1021),.UNSPECIFIED.,.F.,.U.)B_SPLINE_CURVE_WITH_KNOTS((3,2,2,2,3),(0.54166666666667,0.5625,0.58333333333333,0.60416666666667,0.625),.UNSPECIFIED.)CURVE()GEOMETRIC_REPRESENTATION_ITEM()RATIONAL_B_SPLINE_CURVE((1.,0.92387953251129,1.,0.92387953251129,1.,0.92387953251129,1.,0.92387953251129,1.))REPRESENTATION_ITEM(''));
#1023=EDGE_CURVE('',#814,#760,#1022,.T.);
#1024=ORIENTED_EDGE('',*,*,#1023,.T.);
#1025=ORIENTED_EDGE('',*,*,#801,.F.);
#1026=CARTESIAN_POINT('',(15.5,1.2211390043385,-16.75));
#1027=CARTESIAN_POINT('',(16.017766952966,1.1711390043385,-16.75));
#1028=CARTESIAN_POINT('',(16.383883476483,1.1211390043385,-16.383883476483));
#1029=CARTESIAN_POINT('',(16.75,1.0711390043385,-16.017766952966));
#1030=CARTESIAN_POINT('',(16.75,1.0211390043385,-15.5));
#1031=CARTESIAN_POINT('',(16.75,0.97113900433851,-14.982233047034));
#1032=CARTESIAN_POINT('',(16.383883476483,0.92113900433851,-14.616116523517));
#1033=CARTESIAN_POINT('',(16.017766952966,0.87113900433851,-14.25));
#1034=CARTESIAN_POINT('',(15.5,0.82113900433851,-14.25));
#1035=(BOUNDED_CURVE()B_SPLINE_CURVE(2,(#1026,#1027,#1028,#1029,#1030,#1031,#1032,#1033,#1034),.UNSPECIFIED.,.F.,.U.)B_SPLINE_CURVE_WITH_KNOTS((3,2,2,2,3),(0.70833333333333,0.72916666666667,0.75,0.77083333333333,0.79166666666667),.UNSPECIFIED.)CURVE()GEOMETRIC_REPRESENTATION_ITEM()RATIONAL_B_SPLINE_CURVE((1.,0.92387953251129,1.,0.92387953251129,1.,0.92387953251129,1.,0.92387953251129,1.))REPRESENTATION_ITEM(''));
#1036=EDGE_CURVE('',#784,#828,#1035,.T.);
#1037=ORIENTED_EDGE('',*,*,#1036,.T.);
#1038=EDGE_LOOP('',(#1012,#1024,#1025,#1037));
#1039=FACE_OUTER_BOUND('',#1038,.T.);
#1040=ADVANCED_FACE('',(#1039),#1011,.F.);
#1041=CARTESIAN_POINT('',(15.5,0.77886099566149,-15.5));
#1042=DIRECTION('',(3.0647129278804E-10,4.4408920985006E-16,-1.));
#1043=DIRECTION('',(0.,-1.,0.));
#1044=AXIS2_PLACEMENT_3D('',#1041,#1043,#1042);
#1045=CYLINDRICAL_SURFACE('',#1044,1.25);
#1046=CARTESIAN_POINT('',(16.52065763831,0.50000000000015,-14.778364368009));
#1047=VERTEX_POINT('',#1046);
#1048=CARTESIAN_POINT('',(16.52065763831,0.50000000000015,-14.778364368009));
#1049=CARTESIAN_POINT('',(16.75,0.5404980452005,-15.10273864066));
#1050=CARTESIAN_POINT('',(16.75,0.57886099566149,-15.5));
#1051=CARTESIAN_POINT('',(16.75,0.62886099566149,-16.017766952966));
#1052=CARTESIAN_POINT('',(16.383883476483,0.67886099566149,-16.383883476483));
#1053=CARTESIAN_POINT('',(16.017766952966,0.72886099566149,-16.75));
#1054=CARTESIAN_POINT('',(15.5,0.77886099566149,-16.75));
#1055=(BOUNDED_CURVE()B_SPLINE_CURVE(2,(#1048,#1049,#1050,#1051,#1052,#1053,#1054),.UNSPECIFIED.,.F.,.U.)B_SPLINE_CURVE_WITH_KNOTS((3,2,2,3),(0.70833333333333,0.72460619172943,0.74543952506277,0.7662728583961),.UNSPECIFIED.)CURVE()GEOMETRIC_REPRESENTATION_ITEM()RATIONAL_B_SPLINE_CURVE((0.97396918079282,0.94054251575253,1.,0.92387953251129,1.,0.92387953251129,1.))REPRESENTATION_ITEM(''));
#1056=EDGE_CURVE('',#1047,#812,#1055,.T.);
#1057=ORIENTED_EDGE('',*,*,#1056,.T.);
#1058=ORIENTED_EDGE('',*,*,#862,.F.);
#1059=CARTESIAN_POINT('',(15.5,0.5,-15.5));
#1060=DIRECTION('',(1.4210854715202E-15,-4.4408920985006E-17,-1.));
#1061=DIRECTION('',(-1.9804859987865E-17,-1.,3.2553603376291E-17));
#1062=AXIS2_PLACEMENT_3D('',#1059,#1061,#1060);
#1063=CIRCLE('',#1062,1.25);
#1064=EDGE_CURVE('',#850,#1047,#1063,.T.);
#1065=ORIENTED_EDGE('',*,*,#1064,.T.);
#1066=EDGE_LOOP('',(#1057,#1058,#1065));
#1067=FACE_OUTER_BOUND('',#1066,.T.);
#1068=ADVANCED_FACE('',(#1067),#1045,.F.);
#1069=CARTESIAN_POINT('',(15.5,4.5,15.5));
#1070=DIRECTION('',(7.3952783779423E-06,0.,0.99999999997265));
#1071=DIRECTION('',(0.,-1.,0.));
#1072=AXIS2_PLACEMENT_3D('',#1069,#1071,#1070);
#1073=CYLINDRICAL_SURFACE('',#1072,1.2499999999999);
#1074=CARTESIAN_POINT('',(15.5,4.5,14.25));
#1075=VERTEX_POINT('',#1074);
#1076=CARTESIAN_POINT('',(15.5,4.5,16.75));
#1077=VERTEX_POINT('',#1076);
#1078=CARTESIAN_POINT('',(15.5,4.5,15.5));
#1079=DIRECTION('',(-1.4210854715202E-15,0.,-1.));
#1080=DIRECTION('',(4.2885047732943E-16,1.,4.2885047732943E-16));
#1081=AXIS2_PLACEMENT_3D('',#1078,#1080,#1079);
#1082=CIRCLE('',#1081,1.25);
#1083=EDGE_CURVE('',#1075,#1077,#1082,.T.);
#1084=ORIENTED_EDGE('',*,*,#1083,.T.);
#1085=CARTESIAN_POINT('',(15.5,4.2211390043385,16.75));
#1086=VERTEX_POINT('',#1085);
#1087=CARTESIAN_POINT('',(15.5,4.5,16.75));
#1088=DIRECTION('',(-1.0192070555792E-13,-1.,-1.274008819474E-14));
#1089=VECTOR('',#1088,0.27886099566149);
#1090=LINE('',#1087,#1089);
#1091=EDGE_CURVE('',#1077,#1086,#1090,.T.);
#1092=ORIENTED_EDGE('',*,*,#1091,.T.);
#1093=CARTESIAN_POINT('',(15.5,3.8211390043385,14.25));
#1094=VERTEX_POINT('',#1093);
#1095=CARTESIAN_POINT('',(15.5,4.2211390043385,16.75));
#1096=CARTESIAN_POINT('',(14.982233047033,4.1711390043385,16.75));
#1097=CARTESIAN_POINT('',(14.616116523517,4.1211390043385,16.383883476483));
#1098=CARTESIAN_POINT('',(14.25,4.0711390043385,16.017766952966));
#1099=CARTESIAN_POINT('',(14.25,4.0211390043385,15.5));
#1100=CARTESIAN_POINT('',(14.25,3.9711390043385,14.982233047034));
#1101=CARTESIAN_POINT('',(14.616116523517,3.9211390043385,14.616116523517));
#1102=CARTESIAN_POINT('',(14.982233047033,3.8711390043385,14.25));
#1103=CARTESIAN_POINT('',(15.5,3.8211390043385,14.25));
#1104=(BOUNDED_CURVE()B_SPLINE_CURVE(2,(#1095,#1096,#1097,#1098,#1099,#1100,#1101,#1102,#1103),.UNSPECIFIED.,.F.,.U.)B_SPLINE_CURVE_WITH_KNOTS((3,2,2,2,3),(0.083333333333333,0.10416666666667,0.125,0.14583333333333,0.16666666666667),.UNSPECIFIED.)CURVE()GEOMETRIC_REPRESENTATION_ITEM()RATIONAL_B_SPLINE_CURVE((1.,0.92387953251129,1.,0.92387953251129,1.,0.92387953251129,1.,0.92387953251129,1.))REPRESENTATION_ITEM(''));
#1105=EDGE_CURVE('',#1086,#1094,#1104,.T.);
#1106=ORIENTED_EDGE('',*,*,#1105,.T.);
#1107=CARTESIAN_POINT('',(15.5,4.1788609956615,14.250267002091));
#1108=VERTEX_POINT('',#1107);
#1109=CARTESIAN_POINT('',(15.5,3.8211390043385,14.25));
#1110=DIRECTION('',(-4.9657454327063E-15,0.99999972144698,0.00074639530905419));
#1111=VECTOR('',#1110,0.35772209096755);
#1112=LINE('',#1109,#1111);
#1113=EDGE_CURVE('',#1094,#1108,#1112,.T.);
#1114=ORIENTED_EDGE('',*,*,#1113,.T.);
#1115=CARTESIAN_POINT('',(15.5,4.1788609956615,14.250267002091));
#1116=DIRECTION('',(0.,0.99999965436876,-0.00083142189131065));
#1117=VECTOR('',#1116,0.32113911533422);
#1118=LINE('',#1115,#1117);
#1119=EDGE_CURVE('',#1108,#1075,#1118,.T.);
#1120=ORIENTED_EDGE('',*,*,#1119,.T.);
#1121=EDGE_LOOP('',(#1084,#1092,#1106,#1114,#1120));
#1122=FACE_OUTER_BOUND('',#1121,.T.);
#1123=ADVANCED_FACE('',(#1122),#1073,.F.);
#1124=CARTESIAN_POINT('',(15.5,3.7788609956615,15.5));
#1125=DIRECTION('',(-4.1211478674086E-14,-4.9737991503207E-15,1.));
#1126=DIRECTION('',(2.3443385037548E-15,-1.,0.));
#1127=AXIS2_PLACEMENT_3D('',#1124,#1126,#1125);
#1128=CYLINDRICAL_SURFACE('',#1127,1.25);
#1129=CARTESIAN_POINT('',(15.5,3.3788609956615,14.25));
#1130=VERTEX_POINT('',#1129);
#1131=CARTESIAN_POINT('',(15.5,3.7788609956615,16.75));
#1132=VERTEX_POINT('',#1131);
#1133=CARTESIAN_POINT('',(15.5,3.3788609956615,14.25));
#1134=CARTESIAN_POINT('',(14.982233047034,3.4288609956615,14.25));
#1135=CARTESIAN_POINT('',(14.616116523517,3.4788609956615,14.616116523517));
#1136=CARTESIAN_POINT('',(14.25,3.5288609956615,14.982233047034));
#1137=CARTESIAN_POINT('',(14.25,3.5788609956615,15.5));
#1138=CARTESIAN_POINT('',(14.25,3.6288609956615,16.017766952966));
#1139=CARTESIAN_POINT('',(14.616116523517,3.6788609956615,16.383883476483));
#1140=CARTESIAN_POINT('',(14.982233047033,3.7288609956615,16.75));
#1141=CARTESIAN_POINT('',(15.5,3.7788609956615,16.75));
#1142=(BOUNDED_CURVE()B_SPLINE_CURVE(2,(#1133,#1134,#1135,#1136,#1137,#1138,#1139,#1140,#1141),.UNSPECIFIED.,.F.,.U.)B_SPLINE_CURVE_WITH_KNOTS((3,2,2,2,3),(0.083333333333333,0.10416666666667,0.125,0.14583333333333,0.16666666666667),.UNSPECIFIED.)CURVE()GEOMETRIC_REPRESENTATION_ITEM()RATIONAL_B_SPLINE_CURVE((1.,0.92387953251129,1.,0.92387953251129,1.,0.92387953251129,1.,0.92387953251129,1.))REPRESENTATION_ITEM(''));
#1143=EDGE_CURVE('',#1130,#1132,#1142,.T.);
#1144=ORIENTED_EDGE('',*,*,#1143,.T.);
#1145=CARTESIAN_POINT('',(15.5,3.4211390043385,16.75));
#1146=VERTEX_POINT('',#1145);
#1147=CARTESIAN_POINT('',(15.5,3.7788609956615,16.75));
#1148=DIRECTION('',(0.,-1.,-9.9314936318602E-15));
#1149=VECTOR('',#1148,0.35772199132298);
#1150=LINE('',#1147,#1149);
#1151=EDGE_CURVE('',#1132,#1146,#1150,.T.);
#1152=ORIENTED_EDGE('',*,*,#1151,.T.);
#1153=CARTESIAN_POINT('',(15.5,3.0211390043385,14.25));
#1154=VERTEX_POINT('',#1153);
#1155=CARTESIAN_POINT('',(15.5,3.4211390043385,16.75));
#1156=CARTESIAN_POINT('',(14.982233047033,3.3711390043385,16.75));
#1157=CARTESIAN_POINT('',(14.616116523517,3.3211390043385,16.383883476483));
#1158=CARTESIAN_POINT('',(14.25,3.2711390043385,16.017766952966));
#1159=CARTESIAN_POINT('',(14.25,3.2211390043385,15.5));
#1160=CARTESIAN_POINT('',(14.25,3.1711390043385,14.982233047034));
#1161=CARTESIAN_POINT('',(14.616116523517,3.1211390043385,14.616116523517));
#1162=CARTESIAN_POINT('',(14.982233047033,3.0711390043385,14.25));
#1163=CARTESIAN_POINT('',(15.5,3.0211390043385,14.25));
#1164=(BOUNDED_CURVE()B_SPLINE_CURVE(2,(#1155,#1156,#1157,#1158,#1159,#1160,#1161,#1162,#1163),.UNSPECIFIED.,.F.,.U.)B_SPLINE_CURVE_WITH_KNOTS((3,2,2,2,3),(0.25,0.27083333333333,0.29166666666667,0.3125,0.33333333333333),.UNSPECIFIED.)CURVE()GEOMETRIC_REPRESENTATION_ITEM()RATIONAL_B_SPLINE_CURVE((1.,0.92387953251129,1.,0.92387953251129,1.,0.92387953251129,1.,0.92387953251129,1.))REPRESENTATION_ITEM(''));
#1165=EDGE_CURVE('',#1146,#1154,#1164,.T.);
#1166=ORIENTED_EDGE('',*,*,#1165,.T.);
#1167=CARTESIAN_POINT('',(15.5,3.0211390043385,14.25));
#1168=DIRECTION('',(0.,1.,-4.9657468159301E-15));
#1169=VECTOR('',#1168,0.35772199132298);
#1170=LINE('',#1167,#1169);
#1171=EDGE_CURVE('',#1154,#1130,#1170,.T.);
#1172=ORIENTED_EDGE('',*,*,#1171,.T.);
#1173=EDGE_LOOP('',(#1144,#1152,#1166,#1172));
#1174=FACE_OUTER_BOUND('',#1173,.T.);
#1175=ADVANCED_FACE('',(#1174),#1128,.F.);
#1176=CARTESIAN_POINT('',(15.5,2.9788609956615,15.5));
#1177=DIRECTION('',(-4.1211478674086E-14,-1.7763568394002E-15,1.));
#1178=DIRECTION('',(2.3443385037548E-15,-1.,0.));
#1179=AXIS2_PLACEMENT_3D('',#1176,#1178,#1177);
#1180=CYLINDRICAL_SURFACE('',#1179,1.25);
#1181=CARTESIAN_POINT('',(15.5,2.5788609956615,14.25));
#1182=VERTEX_POINT('',#1181);
#1183=CARTESIAN_POINT('',(15.5,2.9788609956615,16.75));
#1184=VERTEX_POINT('',#1183);
#1185=CARTESIAN_POINT('',(15.5,2.5788609956615,14.25));
#1186=CARTESIAN_POINT('',(14.982233047033,2.6288609956615,14.25));
#1187=CARTESIAN_POINT('',(14.616116523517,2.6788609956615,14.616116523517));
#1188=CARTESIAN_POINT('',(14.25,2.7288609956615,14.982233047034));
#1189=CARTESIAN_POINT('',(14.25,2.7788609956615,15.5));
#1190=CARTESIAN_POINT('',(14.25,2.8288609956615,16.017766952966));
#1191=CARTESIAN_POINT('',(14.616116523517,2.8788609956615,16.383883476483));
#1192=CARTESIAN_POINT('',(14.982233047033,2.9288609956615,16.75));
#1193=CARTESIAN_POINT('',(15.5,2.9788609956615,16.75));
#1194=(BOUNDED_CURVE()B_SPLINE_CURVE(2,(#1185,#1186,#1187,#1188,#1189,#1190,#1191,#1192,#1193),.UNSPECIFIED.,.F.,.U.)B_SPLINE_CURVE_WITH_KNOTS((3,2,2,2,3),(0.25,0.27083333333333,0.29166666666667,0.3125,0.33333333333333),.UNSPECIFIED.)CURVE()GEOMETRIC_REPRESENTATION_ITEM()RATIONAL_B_SPLINE_CURVE((1.,0.92387953251129,1.,0.92387953251129,1.,0.92387953251129,1.,0.92387953251129,1.))REPRESENTATION_ITEM(''));
#1195=EDGE_CURVE('',#1182,#1184,#1194,.T.);
#1196=ORIENTED_EDGE('',*,*,#1195,.T.);
#1197=CARTESIAN_POINT('',(15.5,2.6211390043385,16.75));
#1198=VERTEX_POINT('',#1197);
#1199=CARTESIAN_POINT('',(15.5,2.9788609956615,16.75));
#1200=DIRECTION('',(0.,-1.,-9.9314936318602E-15));
#1201=VECTOR('',#1200,0.35772199132298);
#1202=LINE('',#1199,#1201);
#1203=EDGE_CURVE('',#1184,#1198,#1202,.T.);
#1204=ORIENTED_EDGE('',*,*,#1203,.T.);
#1205=CARTESIAN_POINT('',(15.5,2.2211390043385,14.25));
#1206=VERTEX_POINT('',#1205);
#1207=CARTESIAN_POINT('',(15.5,2.6211390043385,16.75));
#1208=CARTESIAN_POINT('',(14.982233047033,2.5711390043385,16.75));
#1209=CARTESIAN_POINT('',(14.616116523517,2.5211390043385,16.383883476483));
#1210=CARTESIAN_POINT('',(14.25,2.4711390043385,16.017766952966));
#1211=CARTESIAN_POINT('',(14.25,2.4211390043385,15.5));
#1212=CARTESIAN_POINT('',(14.25,2.3711390043385,14.982233047034));
#1213=CARTESIAN_POINT('',(14.616116523517,2.3211390043385,14.616116523517));
#1214=CARTESIAN_POINT('',(14.982233047033,2.2711390043385,14.25));
#1215=CARTESIAN_POINT('',(15.5,2.2211390043385,14.25));
#1216=(BOUNDED_CURVE()B_SPLINE_CURVE(2,(#1207,#1208,#1209,#1210,#1211,#1212,#1213,#1214,#1215),.UNSPECIFIED.,.F.,.U.)B_SPLINE_CURVE_WITH_KNOTS((3,2,2,2,3),(0.41666666666667,0.4375,0.45833333333333,0.47916666666667,0.5),.UNSPECIFIED.)CURVE()GEOMETRIC_REPRESENTATION_ITEM()RATIONAL_B_SPLINE_CURVE((1.,0.92387953251129,1.,0.92387953251129,1.,0.92387953251129,1.,0.92387953251129,1.))REPRESENTATION_ITEM(''));
#1217=EDGE_CURVE('',#1198,#1206,#1216,.T.);
#1218=ORIENTED_EDGE('',*,*,#1217,.T.);
#1219=CARTESIAN_POINT('',(15.5,2.2211390043385,14.25));
#1220=DIRECTION('',(0.,1.,-4.9657468159301E-15));
#1221=VECTOR('',#1220,0.35772199132298);
#1222=LINE('',#1219,#1221);
#1223=EDGE_CURVE('',#1206,#1182,#1222,.T.);
#1224=ORIENTED_EDGE('',*,*,#1223,.T.);
#1225=EDGE_LOOP('',(#1196,#1204,#1218,#1224));
#1226=FACE_OUTER_BOUND('',#1225,.T.);
#1227=ADVANCED_FACE('',(#1226),#1180,.F.);
#1228=CARTESIAN_POINT('',(15.5,2.1788609956615,15.5));
#1229=DIRECTION('',(-4.4053649617126E-14,-1.4210854715202E-15,1.));
#1230=DIRECTION('',(2.3443385037548E-15,-1.,0.));
#1231=AXIS2_PLACEMENT_3D('',#1228,#1230,#1229);
#1232=CYLINDRICAL_SURFACE('',#1231,1.25);
#1233=CARTESIAN_POINT('',(15.5,1.7788609956615,14.25));
#1234=VERTEX_POINT('',#1233);
#1235=CARTESIAN_POINT('',(15.5,2.1788609956615,16.75));
#1236=VERTEX_POINT('',#1235);
#1237=CARTESIAN_POINT('',(15.5,1.7788609956615,14.25));
#1238=CARTESIAN_POINT('',(14.982233047033,1.8288609956615,14.25));
#1239=CARTESIAN_POINT('',(14.616116523517,1.8788609956615,14.616116523517));
#1240=CARTESIAN_POINT('',(14.25,1.9288609956615,14.982233047034));
#1241=CARTESIAN_POINT('',(14.25,1.9788609956615,15.5));
#1242=CARTESIAN_POINT('',(14.25,2.0288609956615,16.017766952966));
#1243=CARTESIAN_POINT('',(14.616116523517,2.0788609956615,16.383883476483));
#1244=CARTESIAN_POINT('',(14.982233047033,2.1288609956615,16.75));
#1245=CARTESIAN_POINT('',(15.5,2.1788609956615,16.75));
#1246=(BOUNDED_CURVE()B_SPLINE_CURVE(2,(#1237,#1238,#1239,#1240,#1241,#1242,#1243,#1244,#1245),.UNSPECIFIED.,.F.,.U.)B_SPLINE_CURVE_WITH_KNOTS((3,2,2,2,3),(0.41666666666667,0.4375,0.45833333333333,0.47916666666667,0.5),.UNSPECIFIED.)CURVE()GEOMETRIC_REPRESENTATION_ITEM()RATIONAL_B_SPLINE_CURVE((1.,0.92387953251129,1.,0.92387953251129,1.,0.92387953251129,1.,0.92387953251129,1.))REPRESENTATION_ITEM(''));
#1247=EDGE_CURVE('',#1234,#1236,#1246,.T.);
#1248=ORIENTED_EDGE('',*,*,#1247,.T.);
#1249=CARTESIAN_POINT('',(15.5,1.8211390043385,16.75));
#1250=VERTEX_POINT('',#1249);
#1251=CARTESIAN_POINT('',(15.5,2.1788609956615,16.75));
#1252=DIRECTION('',(0.,-1.,-9.9314936318602E-15));
#1253=VECTOR('',#1252,0.35772199132298);
#1254=LINE('',#1251,#1253);
#1255=EDGE_CURVE('',#1236,#1250,#1254,.T.);
#1256=ORIENTED_EDGE('',*,*,#1255,.T.);
#1257=CARTESIAN_POINT('',(15.5,1.4211390043385,14.25));
#1258=VERTEX_POINT('',#1257);
#1259=CARTESIAN_POINT('',(15.5,1.8211390043385,16.75));
#1260=CARTESIAN_POINT('',(14.982233047033,1.7711390043385,16.75));
#1261=CARTESIAN_POINT('',(14.616116523517,1.7211390043385,16.383883476483));
#1262=CARTESIAN_POINT('',(14.25,1.6711390043385,16.017766952966));
#1263=CARTESIAN_POINT('',(14.25,1.6211390043385,15.5));
#1264=CARTESIAN_POINT('',(14.25,1.5711390043385,14.982233047034));
#1265=CARTESIAN_POINT('',(14.616116523517,1.5211390043385,14.616116523517));
#1266=CARTESIAN_POINT('',(14.982233047033,1.4711390043385,14.25));
#1267=CARTESIAN_POINT('',(15.5,1.4211390043385,14.25));
#1268=(BOUNDED_CURVE()B_SPLINE_CURVE(2,(#1259,#1260,#1261,#1262,#1263,#1264,#1265,#1266,#1267),.UNSPECIFIED.,.F.,.U.)B_SPLINE_CURVE_WITH_KNOTS((3,2,2,2,3),(0.58333333333333,0.60416666666667,0.625,0.64583333333333,0.66666666666667),.UNSPECIFIED.)CURVE()GEOMETRIC_REPRESENTATION_ITEM()RATIONAL_B_SPLINE_CURVE((1.,0.92387953251129,1.,0.92387953251129,1.,0.92387953251129,1.,0.92387953251129,1.))REPRESENTATION_ITEM(''));
#1269=EDGE_CURVE('',#1250,#1258,#1268,.T.);
#1270=ORIENTED_EDGE('',*,*,#1269,.T.);
#1271=CARTESIAN_POINT('',(15.5,1.4211390043385,14.25));
#1272=DIRECTION('',(0.,1.,-4.9657468159301E-15));
#1273=VECTOR('',#1272,0.35772199132298);
#1274=LINE('',#1271,#1273);
#1275=EDGE_CURVE('',#1258,#1234,#1274,.T.);
#1276=ORIENTED_EDGE('',*,*,#1275,.T.);
#1277=EDGE_LOOP('',(#1248,#1256,#1270,#1276));
#1278=FACE_OUTER_BOUND('',#1277,.T.);
#1279=ADVANCED_FACE('',(#1278),#1232,.F.);
#1280=CARTESIAN_POINT('',(15.5,1.3788609956615,15.5));
#1281=DIRECTION('',(-2.8421709430404E-14,-1.4210854715202E-15,1.));
#1282=DIRECTION('',(0.,-1.,0.));
#1283=AXIS2_PLACEMENT_3D('',#1280,#1282,#1281);
#1284=CYLINDRICAL_SURFACE('',#1283,1.25);
#1285=CARTESIAN_POINT('',(15.5,0.97886099566149,14.25));
#1286=VERTEX_POINT('',#1285);
#1287=CARTESIAN_POINT('',(15.5,1.3788609956615,16.75));
#1288=VERTEX_POINT('',#1287);
#1289=CARTESIAN_POINT('',(15.5,0.97886099566149,14.25));
#1290=CARTESIAN_POINT('',(14.982233047033,1.0288609956615,14.25));
#1291=CARTESIAN_POINT('',(14.616116523517,1.0788609956615,14.616116523517));
#1292=CARTESIAN_POINT('',(14.25,1.1288609956615,14.982233047034));
#1293=CARTESIAN_POINT('',(14.25,1.1788609956615,15.5));
#1294=CARTESIAN_POINT('',(14.25,1.2288609956615,16.017766952966));
#1295=CARTESIAN_POINT('',(14.616116523517,1.2788609956615,16.383883476483));
#1296=CARTESIAN_POINT('',(14.982233047033,1.3288609956615,16.75));
#1297=CARTESIAN_POINT('',(15.5,1.3788609956615,16.75));
#1298=(BOUNDED_CURVE()B_SPLINE_CURVE(2,(#1289,#1290,#1291,#1292,#1293,#1294,#1295,#1296,#1297),.UNSPECIFIED.,.F.,.U.)B_SPLINE_CURVE_WITH_KNOTS((3,2,2,2,3),(0.58333333333333,0.60416666666667,0.625,0.64583333333333,0.66666666666667),.UNSPECIFIED.)CURVE()GEOMETRIC_REPRESENTATION_ITEM()RATIONAL_B_SPLINE_CURVE((1.,0.92387953251129,1.,0.92387953251129,1.,0.92387953251129,1.,0.92387953251129,1.))REPRESENTATION_ITEM(''));
#1299=EDGE_CURVE('',#1286,#1288,#1298,.T.);
#1300=ORIENTED_EDGE('',*,*,#1299,.T.);
#1301=CARTESIAN_POINT('',(15.5,1.0211390043385,16.75));
#1302=VERTEX_POINT('',#1301);
#1303=CARTESIAN_POINT('',(15.5,1.3788609956615,16.75));
#1304=DIRECTION('',(0.,-1.,-9.9314936318602E-15));
#1305=VECTOR('',#1304,0.35772199132298);
#1306=LINE('',#1303,#1305);
#1307=EDGE_CURVE('',#1288,#1302,#1306,.T.);
#1308=ORIENTED_EDGE('',*,*,#1307,.T.);
#1309=CARTESIAN_POINT('',(15.5,0.62113900433851,14.25));
#1310=VERTEX_POINT('',#1309);
#1311=CARTESIAN_POINT('',(15.5,1.0211390043385,16.75));
#1312=CARTESIAN_POINT('',(14.982233047033,0.97113900433851,16.75));
#1313=CARTESIAN_POINT('',(14.616116523517,0.92113900433851,16.383883476483));
#1314=CARTESIAN_POINT('',(14.25,0.87113900433851,16.017766952966));
#1315=CARTESIAN_POINT('',(14.25,0.82113900433851,15.5));
#1316=CARTESIAN_POINT('',(14.25,0.77113900433851,14.982233047034));
#1317=CARTESIAN_POINT('',(14.616116523517,0.72113900433851,14.616116523517));
#1318=CARTESIAN_POINT('',(14.982233047033,0.67113900433851,14.25));
#1319=CARTESIAN_POINT('',(15.5,0.62113900433851,14.25));
#1320=(BOUNDED_CURVE()B_SPLINE_CURVE(2,(#1311,#1312,#1313,#1314,#1315,#1316,#1317,#1318,#1319),.UNSPECIFIED.,.F.,.U.)B_SPLINE_CURVE_WITH_KNOTS((3,2,2,2,3),(0.75,0.77083333333333,0.79166666666667,0.8125,0.83333333333333),.UNSPECIFIED.)CURVE()GEOMETRIC_REPRESENTATION_ITEM()RATIONAL_B_SPLINE_CURVE((1.,0.92387953251129,1.,0.92387953251129,1.,0.92387953251129,1.,0.92387953251129,1.))REPRESENTATION_ITEM(''));
#1321=EDGE_CURVE('',#1302,#1310,#1320,.T.);
#1322=ORIENTED_EDGE('',*,*,#1321,.T.);
#1323=CARTESIAN_POINT('',(15.5,0.62113900433851,14.25));
#1324=DIRECTION('',(0.,1.,-4.9657468159301E-15));
#1325=VECTOR('',#1324,0.35772199132298);
#1326=LINE('',#1323,#1325);
#1327=EDGE_CURVE('',#1310,#1286,#1326,.T.);
#1328=ORIENTED_EDGE('',*,*,#1327,.T.);
#1329=EDGE_LOOP('',(#1300,#1308,#1322,#1328));
#1330=FACE_OUTER_BOUND('',#1329,.T.);
#1331=ADVANCED_FACE('',(#1330),#1284,.F.);
#1332=CARTESIAN_POINT('',(15.5,0.57886099566149,15.5));
#1333=DIRECTION('',(2.2246737785277E-09,-1.7763568394E-16,1.));
#1334=DIRECTION('',(-2.2525163732719E-14,-1.,-4.5050327465437E-14));
#1335=AXIS2_PLACEMENT_3D('',#1332,#1334,#1333);
#1336=CYLINDRICAL_SURFACE('',#1335,1.2500000000002);
#1337=CARTESIAN_POINT('',(14.778364368009,0.50000000000015,16.52065763831));
#1338=VERTEX_POINT('',#1337);
#1339=CARTESIAN_POINT('',(15.5,0.57886099566149,16.75));
#1340=VERTEX_POINT('',#1339);
#1341=CARTESIAN_POINT('',(14.778364368009,0.50000000000015,16.52065763831));
#1342=CARTESIAN_POINT('',(15.10273864066,0.5404980452005,16.75));
#1343=CARTESIAN_POINT('',(15.5,0.57886099566149,16.75));
#1344=(BOUNDED_CURVE()B_SPLINE_CURVE(2,(#1341,#1342,#1343),.UNSPECIFIED.,.F.,.U.)B_SPLINE_CURVE_WITH_KNOTS((3,3),(0.75,0.7662728583961),.UNSPECIFIED.)CURVE()GEOMETRIC_REPRESENTATION_ITEM()RATIONAL_B_SPLINE_CURVE((0.97396918079282,0.94054251575253,1.))REPRESENTATION_ITEM(''));
#1345=EDGE_CURVE('',#1338,#1340,#1344,.T.);
#1346=ORIENTED_EDGE('',*,*,#1345,.T.);
#1347=CARTESIAN_POINT('',(15.5,0.5,16.75));
#1348=VERTEX_POINT('',#1347);
#1349=CARTESIAN_POINT('',(15.5,0.57886099566149,16.75));
#1350=DIRECTION('',(3.6040261972349E-13,-1.,0.));
#1351=VECTOR('',#1350,0.07886099566149);
#1352=LINE('',#1349,#1351);
#1353=EDGE_CURVE('',#1340,#1348,#1352,.T.);
#1354=ORIENTED_EDGE('',*,*,#1353,.T.);
#1355=CARTESIAN_POINT('',(15.5,0.5,15.5));
#1356=DIRECTION('',(5.6843418860808E-15,-1.7763568394003E-16,1.));
#1357=DIRECTION('',(6.2640425158932E-17,-1.,-1.9710079927974E-16));
#1358=AXIS2_PLACEMENT_3D('',#1355,#1357,#1356);
#1359=CIRCLE('',#1358,1.25);
#1360=EDGE_CURVE('',#1348,#1338,#1359,.T.);
#1361=ORIENTED_EDGE('',*,*,#1360,.T.);
#1362=EDGE_LOOP('',(#1346,#1354,#1361));
#1363=FACE_OUTER_BOUND('',#1362,.T.);
#1364=ADVANCED_FACE('',(#1363),#1336,.F.);
#1365=CARTESIAN_POINT('',(15.500000000094,4.1788609956615,15.499999999868));
#1366=DIRECTION('',(3.4655400330864E-09,-7.10542735835E-16,-1.));
#1367=DIRECTION('',(0.,-1.,0.));
#1368=AXIS2_PLACEMENT_3D('',#1365,#1367,#1366);
#1369=CYLINDRICAL_SURFACE('',#1368,1.2499999998381);
#1370=ORIENTED_EDGE('',*,*,#1151,.F.);
#1371=CARTESIAN_POINT('',(15.5,3.7788609956615,16.75));
#1372=CARTESIAN_POINT('',(16.017766952966,3.8288609956615,16.75));
#1373=CARTESIAN_POINT('',(16.383883476483,3.8788609956615,16.383883476483));
#1374=CARTESIAN_POINT('',(16.75,3.9288609956615,16.017766952967));
#1375=CARTESIAN_POINT('',(16.75,3.9788609956615,15.5));
#1376=CARTESIAN_POINT('',(16.75,4.0288609956615,14.982233047034));
#1377=CARTESIAN_POINT('',(16.383883476483,4.0788609956615,14.616116523517));
#1378=CARTESIAN_POINT('',(16.017766952966,4.1288609956615,14.25));
#1379=CARTESIAN_POINT('',(15.5,4.1788609956615,14.250267002091));
#1380=(BOUNDED_CURVE()B_SPLINE_CURVE(2,(#1371,#1372,#1373,#1374,#1375,#1376,#1377,#1378,#1379),.UNSPECIFIED.,.F.,.U.)B_SPLINE_CURVE_WITH_KNOTS((3,2,2,2,3),(0.,0.020833333333333,0.041666666666667,0.0625,0.083333333333333),.UNSPECIFIED.)CURVE()GEOMETRIC_REPRESENTATION_ITEM()RATIONAL_B_SPLINE_CURVE((1.,0.92387953251129,1.,0.92387953251129,1.,0.92387953251129,1.,0.92387953251129,1.))REPRESENTATION_ITEM(''));
#1381=EDGE_CURVE('',#1132,#1108,#1380,.T.);
#1382=ORIENTED_EDGE('',*,*,#1381,.T.);
#1383=ORIENTED_EDGE('',*,*,#1113,.F.);
#1384=CARTESIAN_POINT('',(15.5,3.8211390043385,14.25));
#1385=CARTESIAN_POINT('',(16.017766952966,3.7711390043385,14.25));
#1386=CARTESIAN_POINT('',(16.383883476483,3.7211390043385,14.616116523517));
#1387=CARTESIAN_POINT('',(16.75,3.6711390043385,14.982233047034));
#1388=CARTESIAN_POINT('',(16.75,3.6211390043385,15.5));
#1389=CARTESIAN_POINT('',(16.75,3.5711390043385,16.017766952967));
#1390=CARTESIAN_POINT('',(16.383883476483,3.5211390043385,16.383883476483));
#1391=CARTESIAN_POINT('',(16.017766952966,3.4711390043385,16.75));
#1392=CARTESIAN_POINT('',(15.5,3.4211390043385,16.75));
#1393=(BOUNDED_CURVE()B_SPLINE_CURVE(2,(#1384,#1385,#1386,#1387,#1388,#1389,#1390,#1391,#1392),.UNSPECIFIED.,.F.,.U.)B_SPLINE_CURVE_WITH_KNOTS((3,2,2,2,3),(0.16666666666667,0.1875,0.20833333333333,0.22916666666667,0.25),.UNSPECIFIED.)CURVE()GEOMETRIC_REPRESENTATION_ITEM()RATIONAL_B_SPLINE_CURVE((1.,0.92387953251129,1.,0.92387953251129,1.,0.92387953251129,1.,0.92387953251129,1.))REPRESENTATION_ITEM(''));
#1394=EDGE_CURVE('',#1094,#1146,#1393,.T.);
#1395=ORIENTED_EDGE('',*,*,#1394,.T.);
#1396=EDGE_LOOP('',(#1370,#1382,#1383,#1395));
#1397=FACE_OUTER_BOUND('',#1396,.T.);
#1398=ADVANCED_FACE('',(#1397),#1369,.F.);
#1399=CARTESIAN_POINT('',(15.5,3.3788609956615,15.5));
#1400=DIRECTION('',(1.4210854715202E-14,-3.5527136788005E-16,-1.));
#1401=DIRECTION('',(-2.3443385037548E-15,-1.,0.));
#1402=AXIS2_PLACEMENT_3D('',#1399,#1401,#1400);
#1403=CYLINDRICAL_SURFACE('',#1402,1.25);
#1404=ORIENTED_EDGE('',*,*,#1203,.F.);
#1405=CARTESIAN_POINT('',(15.5,2.9788609956615,16.75));
#1406=CARTESIAN_POINT('',(16.017766952966,3.0288609956615,16.75));
#1407=CARTESIAN_POINT('',(16.383883476483,3.0788609956615,16.383883476483));
#1408=CARTESIAN_POINT('',(16.75,3.1288609956615,16.017766952967));
#1409=CARTESIAN_POINT('',(16.75,3.1788609956615,15.5));
#1410=CARTESIAN_POINT('',(16.75,3.2288609956615,14.982233047034));
#1411=CARTESIAN_POINT('',(16.383883476483,3.2788609956615,14.616116523517));
#1412=CARTESIAN_POINT('',(16.017766952966,3.3288609956615,14.25));
#1413=CARTESIAN_POINT('',(15.5,3.3788609956615,14.25));
#1414=(BOUNDED_CURVE()B_SPLINE_CURVE(2,(#1405,#1406,#1407,#1408,#1409,#1410,#1411,#1412,#1413),.UNSPECIFIED.,.F.,.U.)B_SPLINE_CURVE_WITH_KNOTS((3,2,2,2,3),(0.16666666666667,0.1875,0.20833333333333,0.22916666666667,0.25),.UNSPECIFIED.)CURVE()GEOMETRIC_REPRESENTATION_ITEM()RATIONAL_B_SPLINE_CURVE((1.,0.92387953251129,1.,0.92387953251129,1.,0.92387953251129,1.,0.92387953251129,1.))REPRESENTATION_ITEM(''));
#1415=EDGE_CURVE('',#1184,#1130,#1414,.T.);
#1416=ORIENTED_EDGE('',*,*,#1415,.T.);
#1417=ORIENTED_EDGE('',*,*,#1171,.F.);
#1418=CARTESIAN_POINT('',(15.5,3.0211390043385,14.25));
#1419=CARTESIAN_POINT('',(16.017766952966,2.9711390043385,14.25));
#1420=CARTESIAN_POINT('',(16.383883476483,2.9211390043385,14.616116523517));
#1421=CARTESIAN_POINT('',(16.75,2.8711390043385,14.982233047034));
#1422=CARTESIAN_POINT('',(16.75,2.8211390043385,15.5));
#1423=CARTESIAN_POINT('',(16.75,2.7711390043385,16.017766952967));
#1424=CARTESIAN_POINT('',(16.383883476483,2.7211390043385,16.383883476483));
#1425=CARTESIAN_POINT('',(16.017766952966,2.6711390043385,16.75));
#1426=CARTESIAN_POINT('',(15.5,2.6211390043385,16.75));
#1427=(BOUNDED_CURVE()B_SPLINE_CURVE(2,(#1418,#1419,#1420,#1421,#1422,#1423,#1424,#1425,#1426),.UNSPECIFIED.,.F.,.U.)B_SPLINE_CURVE_WITH_KNOTS((3,2,2,2,3),(0.33333333333333,0.35416666666667,0.375,0.39583333333333,0.41666666666667),.UNSPECIFIED.)CURVE()GEOMETRIC_REPRESENTATION_ITEM()RATIONAL_B_SPLINE_CURVE((1.,0.92387953251129,1.,0.92387953251129,1.,0.92387953251129,1.,0.92387953251129,1.))REPRESENTATION_ITEM(''));
#1428=EDGE_CURVE('',#1154,#1198,#1427,.T.);
#1429=ORIENTED_EDGE('',*,*,#1428,.T.);
#1430=EDGE_LOOP('',(#1404,#1416,#1417,#1429));
#1431=FACE_OUTER_BOUND('',#1430,.T.);
#1432=ADVANCED_FACE('',(#1431),#1403,.F.);
#1433=CARTESIAN_POINT('',(15.5,2.5788609956615,15.5));
#1434=DIRECTION('',(1.2789769243682E-14,1.7763568394003E-15,-1.));
#1435=DIRECTION('',(2.3443385037548E-15,-1.,0.));
#1436=AXIS2_PLACEMENT_3D('',#1433,#1435,#1434);
#1437=CYLINDRICAL_SURFACE('',#1436,1.25);
#1438=ORIENTED_EDGE('',*,*,#1255,.F.);
#1439=CARTESIAN_POINT('',(15.5,2.1788609956615,16.75));
#1440=CARTESIAN_POINT('',(16.017766952966,2.2288609956615,16.75));
#1441=CARTESIAN_POINT('',(16.383883476483,2.2788609956615,16.383883476483));
#1442=CARTESIAN_POINT('',(16.75,2.3288609956615,16.017766952967));
#1443=CARTESIAN_POINT('',(16.75,2.3788609956615,15.5));
#1444=CARTESIAN_POINT('',(16.75,2.4288609956615,14.982233047034));
#1445=CARTESIAN_POINT('',(16.383883476483,2.4788609956615,14.616116523517));
#1446=CARTESIAN_POINT('',(16.017766952966,2.5288609956615,14.25));
#1447=CARTESIAN_POINT('',(15.5,2.5788609956615,14.25));
#1448=(BOUNDED_CURVE()B_SPLINE_CURVE(2,(#1439,#1440,#1441,#1442,#1443,#1444,#1445,#1446,#1447),.UNSPECIFIED.,.F.,.U.)B_SPLINE_CURVE_WITH_KNOTS((3,2,2,2,3),(0.33333333333333,0.35416666666667,0.375,0.39583333333333,0.41666666666667),.UNSPECIFIED.)CURVE()GEOMETRIC_REPRESENTATION_ITEM()RATIONAL_B_SPLINE_CURVE((1.,0.92387953251129,1.,0.92387953251129,1.,0.92387953251129,1.,0.92387953251129,1.))REPRESENTATION_ITEM(''));
#1449=EDGE_CURVE('',#1236,#1182,#1448,.T.);
#1450=ORIENTED_EDGE('',*,*,#1449,.T.);
#1451=ORIENTED_EDGE('',*,*,#1223,.F.);
#1452=CARTESIAN_POINT('',(15.5,2.2211390043385,14.25));
#1453=CARTESIAN_POINT('',(16.017766952966,2.1711390043385,14.25));
#1454=CARTESIAN_POINT('',(16.383883476483,2.1211390043385,14.616116523517));
#1455=CARTESIAN_POINT('',(16.75,2.0711390043385,14.982233047034));
#1456=CARTESIAN_POINT('',(16.75,2.0211390043385,15.5));
#1457=CARTESIAN_POINT('',(16.75,1.9711390043385,16.017766952967));
#1458=CARTESIAN_POINT('',(16.383883476483,1.9211390043385,16.383883476483));
#1459=CARTESIAN_POINT('',(16.017766952966,1.8711390043385,16.75));
#1460=CARTESIAN_POINT('',(15.5,1.8211390043385,16.75));
#1461=(BOUNDED_CURVE()B_SPLINE_CURVE(2,(#1452,#1453,#1454,#1455,#1456,#1457,#1458,#1459,#1460),.UNSPECIFIED.,.F.,.U.)B_SPLINE_CURVE_WITH_KNOTS((3,2,2,2,3),(0.5,0.52083333333333,0.54166666666667,0.5625,0.58333333333333),.UNSPECIFIED.)CURVE()GEOMETRIC_REPRESENTATION_ITEM()RATIONAL_B_SPLINE_CURVE((1.,0.92387953251129,1.,0.92387953251129,1.,0.92387953251129,1.,0.92387953251129,1.))REPRESENTATION_ITEM(''));
#1462=EDGE_CURVE('',#1206,#1250,#1461,.T.);
#1463=ORIENTED_EDGE('',*,*,#1462,.T.);
#1464=EDGE_LOOP('',(#1438,#1450,#1451,#1463));
#1465=FACE_OUTER_BOUND('',#1464,.T.);
#1466=ADVANCED_FACE('',(#1465),#1437,.F.);
#1467=CARTESIAN_POINT('',(15.5,1.7788609956615,15.5));
#1468=DIRECTION('',(2.5579538487364E-14,3.5527136788005E-16,-1.));
#1469=DIRECTION('',(-2.3443385037548E-15,-1.,-2.3443385037548E-15));
#1470=AXIS2_PLACEMENT_3D('',#1467,#1469,#1468);
#1471=CYLINDRICAL_SURFACE('',#1470,1.25);
#1472=ORIENTED_EDGE('',*,*,#1307,.F.);
#1473=CARTESIAN_POINT('',(15.5,1.3788609956615,16.75));
#1474=CARTESIAN_POINT('',(16.017766952966,1.4288609956615,16.75));
#1475=CARTESIAN_POINT('',(16.383883476483,1.4788609956615,16.383883476483));
#1476=CARTESIAN_POINT('',(16.75,1.5288609956615,16.017766952967));
#1477=CARTESIAN_POINT('',(16.75,1.5788609956615,15.5));
#1478=CARTESIAN_POINT('',(16.75,1.6288609956615,14.982233047034));
#1479=CARTESIAN_POINT('',(16.383883476483,1.6788609956615,14.616116523517));
#1480=CARTESIAN_POINT('',(16.017766952966,1.7288609956615,14.25));
#1481=CARTESIAN_POINT('',(15.5,1.7788609956615,14.25));
#1482=(BOUNDED_CURVE()B_SPLINE_CURVE(2,(#1473,#1474,#1475,#1476,#1477,#1478,#1479,#1480,#1481),.UNSPECIFIED.,.F.,.U.)B_SPLINE_CURVE_WITH_KNOTS((3,2,2,2,3),(0.5,0.52083333333333,0.54166666666667,0.5625,0.58333333333333),.UNSPECIFIED.)CURVE()GEOMETRIC_REPRESENTATION_ITEM()RATIONAL_B_SPLINE_CURVE((1.,0.92387953251129,1.,0.92387953251129,1.,0.92387953251129,1.,0.92387953251129,1.))REPRESENTATION_ITEM(''));
#1483=EDGE_CURVE('',#1288,#1234,#1482,.T.);
#1484=ORIENTED_EDGE('',*,*,#1483,.T.);
#1485=ORIENTED_EDGE('',*,*,#1275,.F.);
#1486=CARTESIAN_POINT('',(15.5,1.4211390043385,14.25));
#1487=CARTESIAN_POINT('',(16.017766952966,1.3711390043385,14.25));
#1488=CARTESIAN_POINT('',(16.383883476483,1.3211390043385,14.616116523517));
#1489=CARTESIAN_POINT('',(16.75,1.2711390043385,14.982233047034));
#1490=CARTESIAN_POINT('',(16.75,1.2211390043385,15.5));
#1491=CARTESIAN_POINT('',(16.75,1.1711390043385,16.017766952967));
#1492=CARTESIAN_POINT('',(16.383883476483,1.1211390043385,16.383883476483));
#1493=CARTESIAN_POINT('',(16.017766952966,1.0711390043385,16.75));
#1494=CARTESIAN_POINT('',(15.5,1.0211390043385,16.75));
#1495=(BOUNDED_CURVE()B_SPLINE_CURVE(2,(#1486,#1487,#1488,#1489,#1490,#1491,#1492,#1493,#1494),.UNSPECIFIED.,.F.,.U.)B_SPLINE_CURVE_WITH_KNOTS((3,2,2,2,3),(0.66666666666667,0.6875,0.70833333333333,0.72916666666667,0.75),.UNSPECIFIED.)CURVE()GEOMETRIC_REPRESENTATION_ITEM()RATIONAL_B_SPLINE_CURVE((1.,0.92387953251129,1.,0.92387953251129,1.,0.92387953251129,1.,0.92387953251129,1.))REPRESENTATION_ITEM(''));
#1496=EDGE_CURVE('',#1258,#1302,#1495,.T.);
#1497=ORIENTED_EDGE('',*,*,#1496,.T.);
#1498=EDGE_LOOP('',(#1472,#1484,#1485,#1497));
#1499=FACE_OUTER_BOUND('',#1498,.T.);
#1500=ADVANCED_FACE('',(#1499),#1471,.F.);
#1501=CARTESIAN_POINT('',(15.5,0.97886099566149,15.5));
#1502=DIRECTION('',(3.9796674400349E-08,-3.0198066269804E-15,-1.));
#1503=DIRECTION('',(0.,-1.,3.7095458922196E-15));
#1504=AXIS2_PLACEMENT_3D('',#1501,#1503,#1502);
#1505=CYLINDRICAL_SURFACE('',#1504,1.25);
#1506=ORIENTED_EDGE('',*,*,#1353,.F.);
#1507=CARTESIAN_POINT('',(15.5,0.57886099566149,16.75));
#1508=CARTESIAN_POINT('',(16.017766952966,0.62886099566149,16.75));
#1509=CARTESIAN_POINT('',(16.383883476483,0.67886099566149,16.383883476483));
#1510=CARTESIAN_POINT('',(16.75,0.72886099566149,16.017766952967));
#1511=CARTESIAN_POINT('',(16.75,0.77886099566149,15.5));
#1512=CARTESIAN_POINT('',(16.75,0.82886099566149,14.982233047034));
#1513=CARTESIAN_POINT('',(16.383883476483,0.87886099566149,14.616116523517));
#1514=CARTESIAN_POINT('',(16.017766952966,0.92886099566149,14.25));
#1515=CARTESIAN_POINT('',(15.5,0.97886099566149,14.25));
#1516=(BOUNDED_CURVE()B_SPLINE_CURVE(2,(#1507,#1508,#1509,#1510,#1511,#1512,#1513,#1514,#1515),.UNSPECIFIED.,.F.,.U.)B_SPLINE_CURVE_WITH_KNOTS((3,2,2,2,3),(0.66666666666667,0.6875,0.70833333333333,0.72916666666667,0.75),.UNSPECIFIED.)CURVE()GEOMETRIC_REPRESENTATION_ITEM()RATIONAL_B_SPLINE_CURVE((1.,0.92387953251129,1.,0.92387953251129,1.,0.92387953251129,1.,0.92387953251129,1.))REPRESENTATION_ITEM(''));
#1517=EDGE_CURVE('',#1340,#1286,#1516,.T.);
#1518=ORIENTED_EDGE('',*,*,#1517,.T.);
#1519=ORIENTED_EDGE('',*,*,#1327,.F.);
#1520=CARTESIAN_POINT('',(16.520657638309,0.5,14.778364368008));
#1521=VERTEX_POINT('',#1520);
#1522=CARTESIAN_POINT('',(15.5,0.62113900433851,14.25));
#1523=CARTESIAN_POINT('',(16.017766952966,0.57113900433851,14.25));
#1524=CARTESIAN_POINT('',(16.383883476483,0.52113900433851,14.616116523517));
#1525=CARTESIAN_POINT('',(16.459181503781,0.51085566249768,14.691414550815));
#1526=CARTESIAN_POINT('',(16.520657638309,0.5,14.778364368008));
#1527=(BOUNDED_CURVE()B_SPLINE_CURVE(2,(#1522,#1523,#1524,#1525,#1526),.UNSPECIFIED.,.F.,.U.)B_SPLINE_CURVE_WITH_KNOTS((3,2,3),(0.83333333333333,0.85416666666667,0.85872714160425),.UNSPECIFIED.)CURVE()GEOMETRIC_REPRESENTATION_ITEM()RATIONAL_B_SPLINE_CURVE((1.,0.92387953251129,1.,0.98333701675748,0.9739691807914))REPRESENTATION_ITEM(''));
#1528=EDGE_CURVE('',#1310,#1521,#1527,.T.);
#1529=ORIENTED_EDGE('',*,*,#1528,.T.);
#1530=CARTESIAN_POINT('',(15.5,0.5,15.5));
#1531=DIRECTION('',(0.81652611064761,-4.4408920985006E-17,-0.57730850559357));
#1532=DIRECTION('',(-3.8014381275455E-17,-1.,2.6222868190274E-18));
#1533=AXIS2_PLACEMENT_3D('',#1530,#1532,#1531);
#1534=CIRCLE('',#1533,1.25);
#1535=EDGE_CURVE('',#1521,#1348,#1534,.T.);
#1536=ORIENTED_EDGE('',*,*,#1535,.T.);
#1537=EDGE_LOOP('',(#1506,#1518,#1519,#1529,#1536));
#1538=FACE_OUTER_BOUND('',#1537,.T.);
#1539=ADVANCED_FACE('',(#1538),#1505,.F.);
#1540=CARTESIAN_POINT('',(-15.5,0.5,-15.5));
#1541=DIRECTION('',(7.105427357601E-15,1.4802973661669E-16,1.));
#1542=DIRECTION('',(0.,-1.,0.));
#1543=AXIS2_PLACEMENT_3D('',#1540,#1542,#1541);
#1544=CYLINDRICAL_SURFACE('',#1543,1.5);
#1545=CARTESIAN_POINT('',(-15.5,0.5,-17.));
#1546=VERTEX_POINT('',#1545);
#1547=CARTESIAN_POINT('',(-15.5,0.5,-14.));
#1548=VERTEX_POINT('',#1547);
#1549=CARTESIAN_POINT('',(-15.5,0.5,-15.5));
#1550=DIRECTION('',(-1.1842378929335E-15,0.,-1.));
#1551=DIRECTION('',(0.,1.,-0.));
#1552=AXIS2_PLACEMENT_3D('',#1549,#1551,#1550);
#1553=CIRCLE('',#1552,1.5);
#1554=EDGE_CURVE('',#1546,#1548,#1553,.T.);
#1555=ORIENTED_EDGE('',*,*,#1554,.T.);
#1556=CARTESIAN_POINT('',(-15.5,0.,-14.));
#1557=VERTEX_POINT('',#1556);
#1558=CARTESIAN_POINT('',(-15.5,0.5,-14.));
#1559=DIRECTION('',(0.,-1.,0.));
#1560=VECTOR('',#1559,0.5);
#1561=LINE('',#1558,#1560);
#1562=EDGE_CURVE('',#1548,#1557,#1561,.T.);
#1563=ORIENTED_EDGE('',*,*,#1562,.T.);
#1564=CARTESIAN_POINT('',(-15.5,0.,-17.));
#1565=VERTEX_POINT('',#1564);
#1566=CARTESIAN_POINT('',(-15.5,0.,-15.5));
#1567=DIRECTION('',(-2.368475785867E-15,0.,1.));
#1568=DIRECTION('',(0.,-1.,-0.));
#1569=AXIS2_PLACEMENT_3D('',#1566,#1568,#1567);
#1570=CIRCLE('',#1569,1.5);
#1571=EDGE_CURVE('',#1557,#1565,#1570,.T.);
#1572=ORIENTED_EDGE('',*,*,#1571,.T.);
#1573=CARTESIAN_POINT('',(-15.5,0.,-17.));
#1574=DIRECTION('',(0.,1.,0.));
#1575=VECTOR('',#1574,0.5);
#1576=LINE('',#1573,#1575);
#1577=EDGE_CURVE('',#1565,#1546,#1576,.T.);
#1578=ORIENTED_EDGE('',*,*,#1577,.T.);
#1579=EDGE_LOOP('',(#1555,#1563,#1572,#1578));
#1580=FACE_OUTER_BOUND('',#1579,.T.);
#1581=ADVANCED_FACE('',(#1580),#1544,.F.);
#1582=CARTESIAN_POINT('',(15.5,0.5,-15.5));
#1583=DIRECTION('',(1.1842378929335E-15,-1.4802973661669E-16,1.));
#1584=DIRECTION('',(0.,-1.,0.));
#1585=AXIS2_PLACEMENT_3D('',#1582,#1584,#1583);
#1586=CYLINDRICAL_SURFACE('',#1585,1.5);
#1587=CARTESIAN_POINT('',(15.5,0.5,-17.));
#1588=VERTEX_POINT('',#1587);
#1589=CARTESIAN_POINT('',(15.5,0.5,-14.));
#1590=VERTEX_POINT('',#1589);
#1591=CARTESIAN_POINT('',(15.5,0.5,-15.5));
#1592=DIRECTION('',(2.368475785867E-15,0.,-1.));
#1593=DIRECTION('',(0.,1.,-0.));
#1594=AXIS2_PLACEMENT_3D('',#1591,#1593,#1592);
#1595=CIRCLE('',#1594,1.5);
#1596=EDGE_CURVE('',#1588,#1590,#1595,.T.);
#1597=ORIENTED_EDGE('',*,*,#1596,.T.);
#1598=CARTESIAN_POINT('',(15.5,0.,-14.));
#1599=VERTEX_POINT('',#1598);
#1600=CARTESIAN_POINT('',(15.5,0.5,-14.));
#1601=DIRECTION('',(0.,-1.,0.));
#1602=VECTOR('',#1601,0.5);
#1603=LINE('',#1600,#1602);
#1604=EDGE_CURVE('',#1590,#1599,#1603,.T.);
#1605=ORIENTED_EDGE('',*,*,#1604,.T.);
#1606=CARTESIAN_POINT('',(15.5,0.,-17.));
#1607=VERTEX_POINT('',#1606);
#1608=CARTESIAN_POINT('',(15.5,0.,-15.5));
#1609=DIRECTION('',(-1.1842378929335E-15,0.,1.));
#1610=DIRECTION('',(0.,-1.,-0.));
#1611=AXIS2_PLACEMENT_3D('',#1608,#1610,#1609);
#1612=CIRCLE('',#1611,1.5);
#1613=EDGE_CURVE('',#1599,#1607,#1612,.T.);
#1614=ORIENTED_EDGE('',*,*,#1613,.T.);
#1615=CARTESIAN_POINT('',(15.5,0.,-17.));
#1616=DIRECTION('',(0.,1.,0.));
#1617=VECTOR('',#1616,0.5);
#1618=LINE('',#1615,#1617);
#1619=EDGE_CURVE('',#1607,#1588,#1618,.T.);
#1620=ORIENTED_EDGE('',*,*,#1619,.T.);
#1621=EDGE_LOOP('',(#1597,#1605,#1614,#1620));
#1622=FACE_OUTER_BOUND('',#1621,.T.);
#1623=ADVANCED_FACE('',(#1622),#1586,.F.);
#1624=CARTESIAN_POINT('',(15.5,0.5,15.5));
#1625=DIRECTION('',(5.9211894646675E-15,-7.4014868308344E-17,1.));
#1626=DIRECTION('',(0.,-1.,0.));
#1627=AXIS2_PLACEMENT_3D('',#1624,#1626,#1625);
#1628=CYLINDRICAL_SURFACE('',#1627,1.5);
#1629=CARTESIAN_POINT('',(15.5,0.5,14.));
#1630=VERTEX_POINT('',#1629);
#1631=CARTESIAN_POINT('',(15.5,0.5,17.));
#1632=VERTEX_POINT('',#1631);
#1633=CARTESIAN_POINT('',(15.5,0.5,15.5));
#1634=DIRECTION('',(-1.1842378929335E-15,0.,-1.));
#1635=DIRECTION('',(0.,1.,-0.));
#1636=AXIS2_PLACEMENT_3D('',#1633,#1635,#1634);
#1637=CIRCLE('',#1636,1.5);
#1638=EDGE_CURVE('',#1630,#1632,#1637,.T.);
#1639=ORIENTED_EDGE('',*,*,#1638,.T.);
#1640=CARTESIAN_POINT('',(15.5,0.,17.));
#1641=VERTEX_POINT('',#1640);
#1642=CARTESIAN_POINT('',(15.5,0.5,17.));
#1643=DIRECTION('',(0.,-1.,0.));
#1644=VECTOR('',#1643,0.5);
#1645=LINE('',#1642,#1644);
#1646=EDGE_CURVE('',#1632,#1641,#1645,.T.);
#1647=ORIENTED_EDGE('',*,*,#1646,.T.);
#1648=CARTESIAN_POINT('',(15.5,0.,14.));
#1649=VERTEX_POINT('',#1648);
#1650=CARTESIAN_POINT('',(15.5,0.,15.5));
#1651=DIRECTION('',(-1.1842378929335E-15,0.,1.));
#1652=DIRECTION('',(0.,-1.,-0.));
#1653=AXIS2_PLACEMENT_3D('',#1650,#1652,#1651);
#1654=CIRCLE('',#1653,1.5);
#1655=EDGE_CURVE('',#1641,#1649,#1654,.T.);
#1656=ORIENTED_EDGE('',*,*,#1655,.T.);
#1657=CARTESIAN_POINT('',(15.5,0.,14.));
#1658=DIRECTION('',(0.,1.,0.));
#1659=VECTOR('',#1658,0.5);
#1660=LINE('',#1657,#1659);
#1661=EDGE_CURVE('',#1649,#1630,#1660,.T.);
#1662=ORIENTED_EDGE('',*,*,#1661,.T.);
#1663=EDGE_LOOP('',(#1639,#1647,#1656,#1662));
#1664=FACE_OUTER_BOUND('',#1663,.T.);
#1665=ADVANCED_FACE('',(#1664),#1628,.F.);
#1666=CARTESIAN_POINT('',(-15.5,4.5,15.5));
#1667=DIRECTION('',(-2.9842794901924E-14,7.105427357601E-16,1.));
#1668=DIRECTION('',(0.,-1.,0.));
#1669=AXIS2_PLACEMENT_3D('',#1666,#1668,#1667);
#1670=CYLINDRICAL_SURFACE('',#1669,1.25);
#1671=CARTESIAN_POINT('',(-15.5,4.5,14.25));
#1672=VERTEX_POINT('',#1671);
#1673=CARTESIAN_POINT('',(-15.5,4.5,16.75));
#1674=VERTEX_POINT('',#1673);
#1675=CARTESIAN_POINT('',(-15.5,4.5,15.5));
#1676=DIRECTION('',(-1.4210854715202E-15,0.,-1.));
#1677=DIRECTION('',(4.2885047732943E-16,1.,4.2885047732943E-16));
#1678=AXIS2_PLACEMENT_3D('',#1675,#1677,#1676);
#1679=CIRCLE('',#1678,1.25);
#1680=EDGE_CURVE('',#1672,#1674,#1679,.T.);
#1681=ORIENTED_EDGE('',*,*,#1680,.T.);
#1682=CARTESIAN_POINT('',(-15.5,4.4211390043385,16.75));
#1683=VERTEX_POINT('',#1682);
#1684=CARTESIAN_POINT('',(-15.5,4.5,16.75));
#1685=DIRECTION('',(-2.2525163732719E-13,-1.,-4.5050327465437E-14));
#1686=VECTOR('',#1685,0.078860995661489);
#1687=LINE('',#1684,#1686);
#1688=EDGE_CURVE('',#1674,#1683,#1687,.T.);
#1689=ORIENTED_EDGE('',*,*,#1688,.T.);
#1690=CARTESIAN_POINT('',(-15.5,4.0211390043385,14.25));
#1691=VERTEX_POINT('',#1690);
#1692=CARTESIAN_POINT('',(-15.5,4.4211390043385,16.75));
#1693=CARTESIAN_POINT('',(-16.017766952966,4.3711390043385,16.75));
#1694=CARTESIAN_POINT('',(-16.383883476483,4.3211390043385,16.383883476483));
#1695=CARTESIAN_POINT('',(-16.75,4.2711390043385,16.017766952966));
#1696=CARTESIAN_POINT('',(-16.75,4.2211390043385,15.5));
#1697=CARTESIAN_POINT('',(-16.75,4.1711390043385,14.982233047034));
#1698=CARTESIAN_POINT('',(-16.383883476483,4.1211390043385,14.616116523517));
#1699=CARTESIAN_POINT('',(-16.017766952966,4.0711390043385,14.25));
#1700=CARTESIAN_POINT('',(-15.5,4.0211390043385,14.25));
#1701=(BOUNDED_CURVE()B_SPLINE_CURVE(2,(#1692,#1693,#1694,#1695,#1696,#1697,#1698,#1699,#1700),.UNSPECIFIED.,.F.,.U.)B_SPLINE_CURVE_WITH_KNOTS((3,2,2,2,3),(0.041666666666667,0.0625,0.083333333333333,0.10416666666667,0.125),.UNSPECIFIED.)CURVE()GEOMETRIC_REPRESENTATION_ITEM()RATIONAL_B_SPLINE_CURVE((1.,0.92387953251129,1.,0.92387953251129,1.,0.92387953251129,1.,0.92387953251129,1.))REPRESENTATION_ITEM(''));
#1702=EDGE_CURVE('',#1683,#1691,#1701,.T.);
#1703=ORIENTED_EDGE('',*,*,#1702,.T.);
#1704=CARTESIAN_POINT('',(-15.5,4.0211390043385,14.25));
#1705=DIRECTION('',(-3.7095458922196E-14,1.,0.));
#1706=VECTOR('',#1705,0.47886099566149);
#1707=LINE('',#1704,#1706);
#1708=EDGE_CURVE('',#1691,#1672,#1707,.T.);
#1709=ORIENTED_EDGE('',*,*,#1708,.T.);
#1710=EDGE_LOOP('',(#1681,#1689,#1703,#1709));
#1711=FACE_OUTER_BOUND('',#1710,.T.);
#1712=ADVANCED_FACE('',(#1711),#1670,.F.);
#1713=CARTESIAN_POINT('',(-15.5,3.9788609956615,15.5));
#1714=DIRECTION('',(-1.2789769243682E-14,3.5527136788005E-16,1.));
#1715=DIRECTION('',(0.,-1.,0.));
#1716=AXIS2_PLACEMENT_3D('',#1713,#1715,#1714);
#1717=CYLINDRICAL_SURFACE('',#1716,1.25);
#1718=CARTESIAN_POINT('',(-15.5,3.5788609956615,14.25));
#1719=VERTEX_POINT('',#1718);
#1720=CARTESIAN_POINT('',(-15.5,3.9788609956615,16.75));
#1721=VERTEX_POINT('',#1720);
#1722=CARTESIAN_POINT('',(-15.5,3.5788609956615,14.25));
#1723=CARTESIAN_POINT('',(-16.017766952966,3.6288609956615,14.25));
#1724=CARTESIAN_POINT('',(-16.383883476483,3.6788609956615,14.616116523517));
#1725=CARTESIAN_POINT('',(-16.75,3.7288609956615,14.982233047034));
#1726=CARTESIAN_POINT('',(-16.75,3.7788609956615,15.5));
#1727=CARTESIAN_POINT('',(-16.75,3.8288609956615,16.017766952966));
#1728=CARTESIAN_POINT('',(-16.383883476483,3.8788609956615,16.383883476483));
#1729=CARTESIAN_POINT('',(-16.017766952966,3.9288609956615,16.75));
#1730=CARTESIAN_POINT('',(-15.5,3.9788609956615,16.75));
#1731=(BOUNDED_CURVE()B_SPLINE_CURVE(2,(#1722,#1723,#1724,#1725,#1726,#1727,#1728,#1729,#1730),.UNSPECIFIED.,.F.,.U.)B_SPLINE_CURVE_WITH_KNOTS((3,2,2,2,3),(0.041666666666667,0.0625,0.083333333333333,0.10416666666667,0.125),.UNSPECIFIED.)CURVE()GEOMETRIC_REPRESENTATION_ITEM()RATIONAL_B_SPLINE_CURVE((1.,0.92387953251129,1.,0.92387953251129,1.,0.92387953251129,1.,0.92387953251129,1.))REPRESENTATION_ITEM(''));
#1732=EDGE_CURVE('',#1719,#1721,#1731,.T.);
#1733=ORIENTED_EDGE('',*,*,#1732,.T.);
#1734=CARTESIAN_POINT('',(-15.5,3.6211390043385,16.75));
#1735=VERTEX_POINT('',#1734);
#1736=CARTESIAN_POINT('',(-15.5,3.9788609956615,16.75));
#1737=DIRECTION('',(0.,-1.,0.));
#1738=VECTOR('',#1737,0.35772199132298);
#1739=LINE('',#1736,#1738);
#1740=EDGE_CURVE('',#1721,#1735,#1739,.T.);
#1741=ORIENTED_EDGE('',*,*,#1740,.T.);
#1742=CARTESIAN_POINT('',(-15.5,3.2211390043385,14.25));
#1743=VERTEX_POINT('',#1742);
#1744=CARTESIAN_POINT('',(-15.5,3.6211390043385,16.75));
#1745=CARTESIAN_POINT('',(-16.017766952966,3.5711390043385,16.75));
#1746=CARTESIAN_POINT('',(-16.383883476483,3.5211390043385,16.383883476483));
#1747=CARTESIAN_POINT('',(-16.75,3.4711390043385,16.017766952966));
#1748=CARTESIAN_POINT('',(-16.75,3.4211390043385,15.5));
#1749=CARTESIAN_POINT('',(-16.75,3.3711390043385,14.982233047034));
#1750=CARTESIAN_POINT('',(-16.383883476483,3.3211390043385,14.616116523517));
#1751=CARTESIAN_POINT('',(-16.017766952966,3.2711390043385,14.25));
#1752=CARTESIAN_POINT('',(-15.5,3.2211390043385,14.25));
#1753=(BOUNDED_CURVE()B_SPLINE_CURVE(2,(#1744,#1745,#1746,#1747,#1748,#1749,#1750,#1751,#1752),.UNSPECIFIED.,.F.,.U.)B_SPLINE_CURVE_WITH_KNOTS((3,2,2,2,3),(0.20833333333333,0.22916666666667,0.25,0.27083333333333,0.29166666666667),.UNSPECIFIED.)CURVE()GEOMETRIC_REPRESENTATION_ITEM()RATIONAL_B_SPLINE_CURVE((1.,0.92387953251129,1.,0.92387953251129,1.,0.92387953251129,1.,0.92387953251129,1.))REPRESENTATION_ITEM(''));
#1754=EDGE_CURVE('',#1735,#1743,#1753,.T.);
#1755=ORIENTED_EDGE('',*,*,#1754,.T.);
#1756=CARTESIAN_POINT('',(-15.5,3.2211390043385,14.25));
#1757=DIRECTION('',(0.,1.,4.9657468159301E-15));
#1758=VECTOR('',#1757,0.35772199132298);
#1759=LINE('',#1756,#1758);
#1760=EDGE_CURVE('',#1743,#1719,#1759,.T.);
#1761=ORIENTED_EDGE('',*,*,#1760,.T.);
#1762=EDGE_LOOP('',(#1733,#1741,#1755,#1761));
#1763=FACE_OUTER_BOUND('',#1762,.T.);
#1764=ADVANCED_FACE('',(#1763),#1717,.F.);
#1765=CARTESIAN_POINT('',(-15.5,3.1788609956615,15.5));
#1766=DIRECTION('',(-2.8421709430404E-14,0.,1.));
#1767=DIRECTION('',(0.,-1.,0.));
#1768=AXIS2_PLACEMENT_3D('',#1765,#1767,#1766);
#1769=CYLINDRICAL_SURFACE('',#1768,1.25);
#1770=CARTESIAN_POINT('',(-15.5,2.7788609956615,14.25));
#1771=VERTEX_POINT('',#1770);
#1772=CARTESIAN_POINT('',(-15.5,3.1788609956615,16.75));
#1773=VERTEX_POINT('',#1772);
#1774=CARTESIAN_POINT('',(-15.5,2.7788609956615,14.25));
#1775=CARTESIAN_POINT('',(-16.017766952966,2.8288609956615,14.25));
#1776=CARTESIAN_POINT('',(-16.383883476483,2.8788609956615,14.616116523517));
#1777=CARTESIAN_POINT('',(-16.75,2.9288609956615,14.982233047034));
#1778=CARTESIAN_POINT('',(-16.75,2.9788609956615,15.5));
#1779=CARTESIAN_POINT('',(-16.75,3.0288609956615,16.017766952966));
#1780=CARTESIAN_POINT('',(-16.383883476483,3.0788609956615,16.383883476483));
#1781=CARTESIAN_POINT('',(-16.017766952966,3.1288609956615,16.75));
#1782=CARTESIAN_POINT('',(-15.5,3.1788609956615,16.75));
#1783=(BOUNDED_CURVE()B_SPLINE_CURVE(2,(#1774,#1775,#1776,#1777,#1778,#1779,#1780,#1781,#1782),.UNSPECIFIED.,.F.,.U.)B_SPLINE_CURVE_WITH_KNOTS((3,2,2,2,3),(0.20833333333333,0.22916666666667,0.25,0.27083333333333,0.29166666666667),.UNSPECIFIED.)CURVE()GEOMETRIC_REPRESENTATION_ITEM()RATIONAL_B_SPLINE_CURVE((1.,0.92387953251129,1.,0.92387953251129,1.,0.92387953251129,1.,0.92387953251129,1.))REPRESENTATION_ITEM(''));
#1784=EDGE_CURVE('',#1771,#1773,#1783,.T.);
#1785=ORIENTED_EDGE('',*,*,#1784,.T.);
#1786=CARTESIAN_POINT('',(-15.5,2.8211390043385,16.75));
#1787=VERTEX_POINT('',#1786);
#1788=CARTESIAN_POINT('',(-15.5,3.1788609956615,16.75));
#1789=DIRECTION('',(0.,-1.,0.));
#1790=VECTOR('',#1789,0.35772199132298);
#1791=LINE('',#1788,#1790);
#1792=EDGE_CURVE('',#1773,#1787,#1791,.T.);
#1793=ORIENTED_EDGE('',*,*,#1792,.T.);
#1794=CARTESIAN_POINT('',(-15.5,2.4211390043385,14.25));
#1795=VERTEX_POINT('',#1794);
#1796=CARTESIAN_POINT('',(-15.5,2.8211390043385,16.75));
#1797=CARTESIAN_POINT('',(-16.017766952966,2.7711390043385,16.75));
#1798=CARTESIAN_POINT('',(-16.383883476483,2.7211390043385,16.383883476483));
#1799=CARTESIAN_POINT('',(-16.75,2.6711390043385,16.017766952966));
#1800=CARTESIAN_POINT('',(-16.75,2.6211390043385,15.5));
#1801=CARTESIAN_POINT('',(-16.75,2.5711390043385,14.982233047034));
#1802=CARTESIAN_POINT('',(-16.383883476483,2.5211390043385,14.616116523517));
#1803=CARTESIAN_POINT('',(-16.017766952966,2.4711390043385,14.25));
#1804=CARTESIAN_POINT('',(-15.5,2.4211390043385,14.25));
#1805=(BOUNDED_CURVE()B_SPLINE_CURVE(2,(#1796,#1797,#1798,#1799,#1800,#1801,#1802,#1803,#1804),.UNSPECIFIED.,.F.,.U.)B_SPLINE_CURVE_WITH_KNOTS((3,2,2,2,3),(0.375,0.39583333333333,0.41666666666667,0.4375,0.45833333333333),.UNSPECIFIED.)CURVE()GEOMETRIC_REPRESENTATION_ITEM()RATIONAL_B_SPLINE_CURVE((1.,0.92387953251129,1.,0.92387953251129,1.,0.92387953251129,1.,0.92387953251129,1.))REPRESENTATION_ITEM(''));
#1806=EDGE_CURVE('',#1787,#1795,#1805,.T.);
#1807=ORIENTED_EDGE('',*,*,#1806,.T.);
#1808=CARTESIAN_POINT('',(-15.5,2.4211390043385,14.25));
#1809=DIRECTION('',(0.,1.,4.9657468159301E-15));
#1810=VECTOR('',#1809,0.35772199132298);
#1811=LINE('',#1808,#1810);
#1812=EDGE_CURVE('',#1795,#1771,#1811,.T.);
#1813=ORIENTED_EDGE('',*,*,#1812,.T.);
#1814=EDGE_LOOP('',(#1785,#1793,#1807,#1813));
#1815=FACE_OUTER_BOUND('',#1814,.T.);
#1816=ADVANCED_FACE('',(#1815),#1769,.F.);
#1817=CARTESIAN_POINT('',(-15.5,2.3788609956615,15.5));
#1818=DIRECTION('',(-1.4210854715202E-14,7.105427357601E-16,1.));
#1819=DIRECTION('',(0.,-1.,4.6886770075097E-15));
#1820=AXIS2_PLACEMENT_3D('',#1817,#1819,#1818);
#1821=CYLINDRICAL_SURFACE('',#1820,1.25);
#1822=CARTESIAN_POINT('',(-15.5,1.9788609956615,14.25));
#1823=VERTEX_POINT('',#1822);
#1824=CARTESIAN_POINT('',(-15.5,2.3788609956615,16.75));
#1825=VERTEX_POINT('',#1824);
#1826=CARTESIAN_POINT('',(-15.5,1.9788609956615,14.25));
#1827=CARTESIAN_POINT('',(-16.017766952966,2.0288609956615,14.25));
#1828=CARTESIAN_POINT('',(-16.383883476483,2.0788609956615,14.616116523517));
#1829=CARTESIAN_POINT('',(-16.75,2.1288609956615,14.982233047034));
#1830=CARTESIAN_POINT('',(-16.75,2.1788609956615,15.5));
#1831=CARTESIAN_POINT('',(-16.75,2.2288609956615,16.017766952966));
#1832=CARTESIAN_POINT('',(-16.383883476483,2.2788609956615,16.383883476483));
#1833=CARTESIAN_POINT('',(-16.017766952966,2.3288609956615,16.75));
#1834=CARTESIAN_POINT('',(-15.5,2.3788609956615,16.75));
#1835=(BOUNDED_CURVE()B_SPLINE_CURVE(2,(#1826,#1827,#1828,#1829,#1830,#1831,#1832,#1833,#1834),.UNSPECIFIED.,.F.,.U.)B_SPLINE_CURVE_WITH_KNOTS((3,2,2,2,3),(0.375,0.39583333333333,0.41666666666667,0.4375,0.45833333333333),.UNSPECIFIED.)CURVE()GEOMETRIC_REPRESENTATION_ITEM()RATIONAL_B_SPLINE_CURVE((1.,0.92387953251129,1.,0.92387953251129,1.,0.92387953251129,1.,0.92387953251129,1.))REPRESENTATION_ITEM(''));
#1836=EDGE_CURVE('',#1823,#1825,#1835,.T.);
#1837=ORIENTED_EDGE('',*,*,#1836,.T.);
#1838=CARTESIAN_POINT('',(-15.5,2.0211390043385,16.75));
#1839=VERTEX_POINT('',#1838);
#1840=CARTESIAN_POINT('',(-15.5,2.3788609956615,16.75));
#1841=DIRECTION('',(0.,-1.,0.));
#1842=VECTOR('',#1841,0.35772199132298);
#1843=LINE('',#1840,#1842);
#1844=EDGE_CURVE('',#1825,#1839,#1843,.T.);
#1845=ORIENTED_EDGE('',*,*,#1844,.T.);
#1846=CARTESIAN_POINT('',(-15.5,1.6211390043385,14.25));
#1847=VERTEX_POINT('',#1846);
#1848=CARTESIAN_POINT('',(-15.5,2.0211390043385,16.75));
#1849=CARTESIAN_POINT('',(-16.017766952966,1.9711390043385,16.75));
#1850=CARTESIAN_POINT('',(-16.383883476483,1.9211390043385,16.383883476483));
#1851=CARTESIAN_POINT('',(-16.75,1.8711390043385,16.017766952966));
#1852=CARTESIAN_POINT('',(-16.75,1.8211390043385,15.5));
#1853=CARTESIAN_POINT('',(-16.75,1.7711390043385,14.982233047034));
#1854=CARTESIAN_POINT('',(-16.383883476483,1.7211390043385,14.616116523517));
#1855=CARTESIAN_POINT('',(-16.017766952966,1.6711390043385,14.25));
#1856=CARTESIAN_POINT('',(-15.5,1.6211390043385,14.25));
#1857=(BOUNDED_CURVE()B_SPLINE_CURVE(2,(#1848,#1849,#1850,#1851,#1852,#1853,#1854,#1855,#1856),.UNSPECIFIED.,.F.,.U.)B_SPLINE_CURVE_WITH_KNOTS((3,2,2,2,3),(0.54166666666667,0.5625,0.58333333333333,0.60416666666667,0.625),.UNSPECIFIED.)CURVE()GEOMETRIC_REPRESENTATION_ITEM()RATIONAL_B_SPLINE_CURVE((1.,0.92387953251129,1.,0.92387953251129,1.,0.92387953251129,1.,0.92387953251129,1.))REPRESENTATION_ITEM(''));
#1858=EDGE_CURVE('',#1839,#1847,#1857,.T.);
#1859=ORIENTED_EDGE('',*,*,#1858,.T.);
#1860=CARTESIAN_POINT('',(-15.5,1.6211390043385,14.25));
#1861=DIRECTION('',(0.,1.,4.9657468159301E-15));
#1862=VECTOR('',#1861,0.35772199132298);
#1863=LINE('',#1860,#1862);
#1864=EDGE_CURVE('',#1847,#1823,#1863,.T.);
#1865=ORIENTED_EDGE('',*,*,#1864,.T.);
#1866=EDGE_LOOP('',(#1837,#1845,#1859,#1865));
#1867=FACE_OUTER_BOUND('',#1866,.T.);
#1868=ADVANCED_FACE('',(#1867),#1821,.F.);
#1869=CARTESIAN_POINT('',(-15.5,1.5788609956615,15.5));
#1870=DIRECTION('',(-3.5527136788005E-14,-3.9079850466805E-15,1.));
#1871=DIRECTION('',(0.,-1.,0.));
#1872=AXIS2_PLACEMENT_3D('',#1869,#1871,#1870);
#1873=CYLINDRICAL_SURFACE('',#1872,1.25);
#1874=CARTESIAN_POINT('',(-15.5,1.1788609956615,14.25));
#1875=VERTEX_POINT('',#1874);
#1876=CARTESIAN_POINT('',(-15.5,1.5788609956615,16.75));
#1877=VERTEX_POINT('',#1876);
#1878=CARTESIAN_POINT('',(-15.5,1.1788609956615,14.25));
#1879=CARTESIAN_POINT('',(-16.017766952966,1.2288609956615,14.25));
#1880=CARTESIAN_POINT('',(-16.383883476483,1.2788609956615,14.616116523517));
#1881=CARTESIAN_POINT('',(-16.75,1.3288609956615,14.982233047034));
#1882=CARTESIAN_POINT('',(-16.75,1.3788609956615,15.5));
#1883=CARTESIAN_POINT('',(-16.75,1.4288609956615,16.017766952966));
#1884=CARTESIAN_POINT('',(-16.383883476483,1.4788609956615,16.383883476483));
#1885=CARTESIAN_POINT('',(-16.017766952966,1.5288609956615,16.75));
#1886=CARTESIAN_POINT('',(-15.5,1.5788609956615,16.75));
#1887=(BOUNDED_CURVE()B_SPLINE_CURVE(2,(#1878,#1879,#1880,#1881,#1882,#1883,#1884,#1885,#1886),.UNSPECIFIED.,.F.,.U.)B_SPLINE_CURVE_WITH_KNOTS((3,2,2,2,3),(0.54166666666667,0.5625,0.58333333333333,0.60416666666667,0.625),.UNSPECIFIED.)CURVE()GEOMETRIC_REPRESENTATION_ITEM()RATIONAL_B_SPLINE_CURVE((1.,0.92387953251129,1.,0.92387953251129,1.,0.92387953251129,1.,0.92387953251129,1.))REPRESENTATION_ITEM(''));
#1888=EDGE_CURVE('',#1875,#1877,#1887,.T.);
#1889=ORIENTED_EDGE('',*,*,#1888,.T.);
#1890=CARTESIAN_POINT('',(-15.5,1.2211390043385,16.75));
#1891=VERTEX_POINT('',#1890);
#1892=CARTESIAN_POINT('',(-15.5,1.5788609956615,16.75));
#1893=DIRECTION('',(0.,-1.,0.));
#1894=VECTOR('',#1893,0.35772199132298);
#1895=LINE('',#1892,#1894);
#1896=EDGE_CURVE('',#1877,#1891,#1895,.T.);
#1897=ORIENTED_EDGE('',*,*,#1896,.T.);
#1898=CARTESIAN_POINT('',(-15.5,0.82113900433851,14.25));
#1899=VERTEX_POINT('',#1898);
#1900=CARTESIAN_POINT('',(-15.5,1.2211390043385,16.75));
#1901=CARTESIAN_POINT('',(-16.017766952966,1.1711390043385,16.75));
#1902=CARTESIAN_POINT('',(-16.383883476483,1.1211390043385,16.383883476483));
#1903=CARTESIAN_POINT('',(-16.75,1.0711390043385,16.017766952966));
#1904=CARTESIAN_POINT('',(-16.75,1.0211390043385,15.5));
#1905=CARTESIAN_POINT('',(-16.75,0.97113900433851,14.982233047034));
#1906=CARTESIAN_POINT('',(-16.383883476483,0.92113900433851,14.616116523517));
#1907=CARTESIAN_POINT('',(-16.017766952966,0.87113900433851,14.25));
#1908=CARTESIAN_POINT('',(-15.5,0.82113900433851,14.25));
#1909=(BOUNDED_CURVE()B_SPLINE_CURVE(2,(#1900,#1901,#1902,#1903,#1904,#1905,#1906,#1907,#1908),.UNSPECIFIED.,.F.,.U.)B_SPLINE_CURVE_WITH_KNOTS((3,2,2,2,3),(0.70833333333333,0.72916666666667,0.75,0.77083333333333,0.79166666666667),.UNSPECIFIED.)CURVE()GEOMETRIC_REPRESENTATION_ITEM()RATIONAL_B_SPLINE_CURVE((1.,0.92387953251129,1.,0.92387953251129,1.,0.92387953251129,1.,0.92387953251129,1.))REPRESENTATION_ITEM(''));
#1910=EDGE_CURVE('',#1891,#1899,#1909,.T.);
#1911=ORIENTED_EDGE('',*,*,#1910,.T.);
#1912=CARTESIAN_POINT('',(-15.5,0.82113900433851,14.25));
#1913=DIRECTION('',(0.,1.,4.9657468159301E-15));
#1914=VECTOR('',#1913,0.35772199132298);
#1915=LINE('',#1912,#1914);
#1916=EDGE_CURVE('',#1899,#1875,#1915,.T.);
#1917=ORIENTED_EDGE('',*,*,#1916,.T.);
#1918=EDGE_LOOP('',(#1889,#1897,#1911,#1917));
#1919=FACE_OUTER_BOUND('',#1918,.T.);
#1920=ADVANCED_FACE('',(#1919),#1873,.F.);
#1921=CARTESIAN_POINT('',(-15.5,0.77886099566149,15.5));
#1922=DIRECTION('',(-3.0647413495899E-10,-2.6645352591004E-16,1.));
#1923=DIRECTION('',(6.3700440973702E-15,-1.,0.));
#1924=AXIS2_PLACEMENT_3D('',#1921,#1923,#1922);
#1925=CYLINDRICAL_SURFACE('',#1924,1.25);
#1926=CARTESIAN_POINT('',(-16.52065763831,0.50000000000015,14.778364368009));
#1927=VERTEX_POINT('',#1926);
#1928=CARTESIAN_POINT('',(-15.5,0.77886099566149,16.75));
#1929=VERTEX_POINT('',#1928);
#1930=CARTESIAN_POINT('',(-16.52065763831,0.50000000000015,14.778364368009));
#1931=CARTESIAN_POINT('',(-16.75,0.5404980452005,15.10273864066));
#1932=CARTESIAN_POINT('',(-16.75,0.57886099566149,15.5));
#1933=CARTESIAN_POINT('',(-16.75,0.62886099566149,16.017766952966));
#1934=CARTESIAN_POINT('',(-16.383883476483,0.67886099566149,16.383883476483));
#1935=CARTESIAN_POINT('',(-16.017766952966,0.72886099566149,16.75));
#1936=CARTESIAN_POINT('',(-15.5,0.77886099566149,16.75));
#1937=(BOUNDED_CURVE()B_SPLINE_CURVE(2,(#1930,#1931,#1932,#1933,#1934,#1935,#1936),.UNSPECIFIED.,.F.,.U.)B_SPLINE_CURVE_WITH_KNOTS((3,2,2,3),(0.70833333333333,0.72460619172943,0.74543952506277,0.7662728583961),.UNSPECIFIED.)CURVE()GEOMETRIC_REPRESENTATION_ITEM()RATIONAL_B_SPLINE_CURVE((0.97396918079282,0.94054251575253,1.,0.92387953251129,1.,0.92387953251129,1.))REPRESENTATION_ITEM(''));
#1938=EDGE_CURVE('',#1927,#1929,#1937,.T.);
#1939=ORIENTED_EDGE('',*,*,#1938,.T.);
#1940=CARTESIAN_POINT('',(-15.5,0.5,16.75));
#1941=VERTEX_POINT('',#1940);
#1942=CARTESIAN_POINT('',(-15.5,0.77886099566149,16.75));
#1943=DIRECTION('',(6.3700440973702E-14,-1.,1.274008819474E-14));
#1944=VECTOR('',#1943,0.27886099566149);
#1945=LINE('',#1942,#1944);
#1946=EDGE_CURVE('',#1929,#1941,#1945,.T.);
#1947=ORIENTED_EDGE('',*,*,#1946,.T.);
#1948=CARTESIAN_POINT('',(-15.5,0.5,15.5));
#1949=DIRECTION('',(-1.4210854715202E-15,-4.4408920985006E-17,1.));
#1950=DIRECTION('',(1.9804859987865E-17,-1.,-3.2553603376291E-17));
#1951=AXIS2_PLACEMENT_3D('',#1948,#1950,#1949);
#1952=CIRCLE('',#1951,1.25);
#1953=EDGE_CURVE('',#1941,#1927,#1952,.T.);
#1954=ORIENTED_EDGE('',*,*,#1953,.T.);
#1955=EDGE_LOOP('',(#1939,#1947,#1954));
#1956=FACE_OUTER_BOUND('',#1955,.T.);
#1957=ADVANCED_FACE('',(#1956),#1925,.F.);
#1958=CARTESIAN_POINT('',(-15.5,4.5,15.5));
#1959=DIRECTION('',(8.5265128291213E-15,0.,-1.));
#1960=DIRECTION('',(0.,-1.,0.));
#1961=AXIS2_PLACEMENT_3D('',#1958,#1960,#1959);
#1962=CYLINDRICAL_SURFACE('',#1961,1.25);
#1963=ORIENTED_EDGE('',*,*,#1740,.F.);
#1964=CARTESIAN_POINT('',(-14.250267002091,4.1788609956615,15.5));
#1965=VERTEX_POINT('',#1964);
#1966=CARTESIAN_POINT('',(-15.5,3.9788609956615,16.75));
#1967=CARTESIAN_POINT('',(-14.982233047034,4.0288609956615,16.75));
#1968=CARTESIAN_POINT('',(-14.616116523517,4.0788609956615,16.383883476483));
#1969=CARTESIAN_POINT('',(-14.25,4.1288609956615,16.017766952966));
#1970=CARTESIAN_POINT('',(-14.250267002091,4.1788609956615,15.5));
#1971=(BOUNDED_CURVE()B_SPLINE_CURVE(2,(#1966,#1967,#1968,#1969,#1970),.UNSPECIFIED.,.F.,.U.)B_SPLINE_CURVE_WITH_KNOTS((3,2,3),(0.,0.020833333333333,0.041666666666667),.UNSPECIFIED.)CURVE()GEOMETRIC_REPRESENTATION_ITEM()RATIONAL_B_SPLINE_CURVE((1.,0.92387953251129,1.,0.92387953251129,1.))REPRESENTATION_ITEM(''));
#1972=EDGE_CURVE('',#1721,#1965,#1971,.T.);
#1973=ORIENTED_EDGE('',*,*,#1972,.T.);
#1974=CARTESIAN_POINT('',(-14.25,4.5,15.5));
#1975=VERTEX_POINT('',#1974);
#1976=CARTESIAN_POINT('',(-14.250267002091,4.1788609956615,15.5));
#1977=DIRECTION('',(0.00083142189132171,0.99999965436876,0.));
#1978=VECTOR('',#1977,0.32113911533422);
#1979=LINE('',#1976,#1978);
#1980=EDGE_CURVE('',#1965,#1975,#1979,.T.);
#1981=ORIENTED_EDGE('',*,*,#1980,.T.);
#1982=CARTESIAN_POINT('',(-15.5,4.5,15.5));
#1983=DIRECTION('',(1.,1.4210854715202E-15,1.2789769243682E-14));
#1984=DIRECTION('',(-1.6169827056714E-15,1.,6.6977616681183E-16));
#1985=AXIS2_PLACEMENT_3D('',#1982,#1984,#1983);
#1986=CIRCLE('',#1985,1.25);
#1987=EDGE_CURVE('',#1975,#1672,#1986,.T.);
#1988=ORIENTED_EDGE('',*,*,#1987,.T.);
#1989=ORIENTED_EDGE('',*,*,#1708,.F.);
#1990=CARTESIAN_POINT('',(-15.5,4.0211390043385,14.25));
#1991=CARTESIAN_POINT('',(-14.982233047034,3.9711390043385,14.25));
#1992=CARTESIAN_POINT('',(-14.616116523517,3.9211390043385,14.616116523517));
#1993=CARTESIAN_POINT('',(-14.25,3.8711390043385,14.982233047034));
#1994=CARTESIAN_POINT('',(-14.25,3.8211390043385,15.5));
#1995=CARTESIAN_POINT('',(-14.25,3.7711390043385,16.017766952966));
#1996=CARTESIAN_POINT('',(-14.616116523517,3.7211390043385,16.383883476483));
#1997=CARTESIAN_POINT('',(-14.982233047034,3.6711390043385,16.75));
#1998=CARTESIAN_POINT('',(-15.5,3.6211390043385,16.75));
#1999=(BOUNDED_CURVE()B_SPLINE_CURVE(2,(#1990,#1991,#1992,#1993,#1994,#1995,#1996,#1997,#1998),.UNSPECIFIED.,.F.,.U.)B_SPLINE_CURVE_WITH_KNOTS((3,2,2,2,3),(0.125,0.14583333333333,0.16666666666667,0.1875,0.20833333333333),.UNSPECIFIED.)CURVE()GEOMETRIC_REPRESENTATION_ITEM()RATIONAL_B_SPLINE_CURVE((1.,0.92387953251129,1.,0.92387953251129,1.,0.92387953251129,1.,0.92387953251129,1.))REPRESENTATION_ITEM(''));
#2000=EDGE_CURVE('',#1691,#1735,#1999,.T.);
#2001=ORIENTED_EDGE('',*,*,#2000,.T.);
#2002=EDGE_LOOP('',(#1963,#1973,#1981,#1988,#1989,#2001));
#2003=FACE_OUTER_BOUND('',#2002,.T.);
#2004=ADVANCED_FACE('',(#2003),#1962,.F.);
#2005=CARTESIAN_POINT('',(-15.5,3.5788609956615,15.5));
#2006=DIRECTION('',(-1.5631940186722E-14,0.,-1.));
#2007=DIRECTION('',(-2.3443385037548E-15,-1.,0.));
#2008=AXIS2_PLACEMENT_3D('',#2005,#2007,#2006);
#2009=CYLINDRICAL_SURFACE('',#2008,1.25);
#2010=ORIENTED_EDGE('',*,*,#1792,.F.);
#2011=CARTESIAN_POINT('',(-15.5,3.1788609956615,16.75));
#2012=CARTESIAN_POINT('',(-14.982233047034,3.2288609956615,16.75));
#2013=CARTESIAN_POINT('',(-14.616116523517,3.2788609956615,16.383883476483));
#2014=CARTESIAN_POINT('',(-14.25,3.3288609956615,16.017766952966));
#2015=CARTESIAN_POINT('',(-14.25,3.3788609956615,15.5));
#2016=CARTESIAN_POINT('',(-14.25,3.4288609956615,14.982233047034));
#2017=CARTESIAN_POINT('',(-14.616116523517,3.4788609956615,14.616116523517));
#2018=CARTESIAN_POINT('',(-14.982233047034,3.5288609956615,14.25));
#2019=CARTESIAN_POINT('',(-15.5,3.5788609956615,14.25));
#2020=(BOUNDED_CURVE()B_SPLINE_CURVE(2,(#2011,#2012,#2013,#2014,#2015,#2016,#2017,#2018,#2019),.UNSPECIFIED.,.F.,.U.)B_SPLINE_CURVE_WITH_KNOTS((3,2,2,2,3),(0.125,0.14583333333333,0.16666666666667,0.1875,0.20833333333333),.UNSPECIFIED.)CURVE()GEOMETRIC_REPRESENTATION_ITEM()RATIONAL_B_SPLINE_CURVE((1.,0.92387953251129,1.,0.92387953251129,1.,0.92387953251129,1.,0.92387953251129,1.))REPRESENTATION_ITEM(''));
#2021=EDGE_CURVE('',#1773,#1719,#2020,.T.);
#2022=ORIENTED_EDGE('',*,*,#2021,.T.);
#2023=ORIENTED_EDGE('',*,*,#1760,.F.);
#2024=CARTESIAN_POINT('',(-15.5,3.2211390043385,14.25));
#2025=CARTESIAN_POINT('',(-14.982233047034,3.1711390043385,14.25));
#2026=CARTESIAN_POINT('',(-14.616116523517,3.1211390043385,14.616116523517));
#2027=CARTESIAN_POINT('',(-14.25,3.0711390043385,14.982233047034));
#2028=CARTESIAN_POINT('',(-14.25,3.0211390043385,15.5));
#2029=CARTESIAN_POINT('',(-14.25,2.9711390043385,16.017766952966));
#2030=CARTESIAN_POINT('',(-14.616116523517,2.9211390043385,16.383883476483));
#2031=CARTESIAN_POINT('',(-14.982233047034,2.8711390043385,16.75));
#2032=CARTESIAN_POINT('',(-15.5,2.8211390043385,16.75));
#2033=(BOUNDED_CURVE()B_SPLINE_CURVE(2,(#2024,#2025,#2026,#2027,#2028,#2029,#2030,#2031,#2032),.UNSPECIFIED.,.F.,.U.)B_SPLINE_CURVE_WITH_KNOTS((3,2,2,2,3),(0.29166666666667,0.3125,0.33333333333333,0.35416666666667,0.375),.UNSPECIFIED.)CURVE()GEOMETRIC_REPRESENTATION_ITEM()RATIONAL_B_SPLINE_CURVE((1.,0.92387953251129,1.,0.92387953251129,1.,0.92387953251129,1.,0.92387953251129,1.))REPRESENTATION_ITEM(''));
#2034=EDGE_CURVE('',#1743,#1787,#2033,.T.);
#2035=ORIENTED_EDGE('',*,*,#2034,.T.);
#2036=EDGE_LOOP('',(#2010,#2022,#2023,#2035));
#2037=FACE_OUTER_BOUND('',#2036,.T.);
#2038=ADVANCED_FACE('',(#2037),#2009,.F.);
#2039=CARTESIAN_POINT('',(-15.5,2.7788609956615,15.5));
#2040=DIRECTION('',(-4.2632564145606E-15,-3.5527136788005E-16,-1.));
#2041=DIRECTION('',(0.,-1.,0.));
#2042=AXIS2_PLACEMENT_3D('',#2039,#2041,#2040);
#2043=CYLINDRICAL_SURFACE('',#2042,1.25);
#2044=ORIENTED_EDGE('',*,*,#1844,.F.);
#2045=CARTESIAN_POINT('',(-15.5,2.3788609956615,16.75));
#2046=CARTESIAN_POINT('',(-14.982233047034,2.4288609956615,16.75));
#2047=CARTESIAN_POINT('',(-14.616116523517,2.4788609956615,16.383883476483));
#2048=CARTESIAN_POINT('',(-14.25,2.5288609956615,16.017766952966));
#2049=CARTESIAN_POINT('',(-14.25,2.5788609956615,15.5));
#2050=CARTESIAN_POINT('',(-14.25,2.6288609956615,14.982233047034));
#2051=CARTESIAN_POINT('',(-14.616116523517,2.6788609956615,14.616116523517));
#2052=CARTESIAN_POINT('',(-14.982233047034,2.7288609956615,14.25));
#2053=CARTESIAN_POINT('',(-15.5,2.7788609956615,14.25));
#2054=(BOUNDED_CURVE()B_SPLINE_CURVE(2,(#2045,#2046,#2047,#2048,#2049,#2050,#2051,#2052,#2053),.UNSPECIFIED.,.F.,.U.)B_SPLINE_CURVE_WITH_KNOTS((3,2,2,2,3),(0.29166666666667,0.3125,0.33333333333333,0.35416666666667,0.375),.UNSPECIFIED.)CURVE()GEOMETRIC_REPRESENTATION_ITEM()RATIONAL_B_SPLINE_CURVE((1.,0.92387953251129,1.,0.92387953251129,1.,0.92387953251129,1.,0.92387953251129,1.))REPRESENTATION_ITEM(''));
#2055=EDGE_CURVE('',#1825,#1771,#2054,.T.);
#2056=ORIENTED_EDGE('',*,*,#2055,.T.);
#2057=ORIENTED_EDGE('',*,*,#1812,.F.);
#2058=CARTESIAN_POINT('',(-15.5,2.4211390043385,14.25));
#2059=CARTESIAN_POINT('',(-14.982233047034,2.3711390043385,14.25));
#2060=CARTESIAN_POINT('',(-14.616116523517,2.3211390043385,14.616116523517));
#2061=CARTESIAN_POINT('',(-14.25,2.2711390043385,14.982233047034));
#2062=CARTESIAN_POINT('',(-14.25,2.2211390043385,15.5));
#2063=CARTESIAN_POINT('',(-14.25,2.1711390043385,16.017766952966));
#2064=CARTESIAN_POINT('',(-14.616116523517,2.1211390043385,16.383883476483));
#2065=CARTESIAN_POINT('',(-14.982233047034,2.0711390043385,16.75));
#2066=CARTESIAN_POINT('',(-15.5,2.0211390043385,16.75));
#2067=(BOUNDED_CURVE()B_SPLINE_CURVE(2,(#2058,#2059,#2060,#2061,#2062,#2063,#2064,#2065,#2066),.UNSPECIFIED.,.F.,.U.)B_SPLINE_CURVE_WITH_KNOTS((3,2,2,2,3),(0.45833333333333,0.47916666666667,0.5,0.52083333333333,0.54166666666667),.UNSPECIFIED.)CURVE()GEOMETRIC_REPRESENTATION_ITEM()RATIONAL_B_SPLINE_CURVE((1.,0.92387953251129,1.,0.92387953251129,1.,0.92387953251129,1.,0.92387953251129,1.))REPRESENTATION_ITEM(''));
#2068=EDGE_CURVE('',#1795,#1839,#2067,.T.);
#2069=ORIENTED_EDGE('',*,*,#2068,.T.);
#2070=EDGE_LOOP('',(#2044,#2056,#2057,#2069));
#2071=FACE_OUTER_BOUND('',#2070,.T.);
#2072=ADVANCED_FACE('',(#2071),#2043,.F.);
#2073=CARTESIAN_POINT('',(-15.5,1.9788609956615,15.5));
#2074=DIRECTION('',(-1.8474111129763E-14,-7.105427357601E-16,-1.));
#2075=DIRECTION('',(0.,-1.,0.));
#2076=AXIS2_PLACEMENT_3D('',#2073,#2075,#2074);
#2077=CYLINDRICAL_SURFACE('',#2076,1.25);
#2078=ORIENTED_EDGE('',*,*,#1896,.F.);
#2079=CARTESIAN_POINT('',(-15.5,1.5788609956615,16.75));
#2080=CARTESIAN_POINT('',(-14.982233047034,1.6288609956615,16.75));
#2081=CARTESIAN_POINT('',(-14.616116523517,1.6788609956615,16.383883476483));
#2082=CARTESIAN_POINT('',(-14.25,1.7288609956615,16.017766952966));
#2083=CARTESIAN_POINT('',(-14.25,1.7788609956615,15.5));
#2084=CARTESIAN_POINT('',(-14.25,1.8288609956615,14.982233047034));
#2085=CARTESIAN_POINT('',(-14.616116523517,1.8788609956615,14.616116523517));
#2086=CARTESIAN_POINT('',(-14.982233047034,1.9288609956615,14.25));
#2087=CARTESIAN_POINT('',(-15.5,1.9788609956615,14.25));
#2088=(BOUNDED_CURVE()B_SPLINE_CURVE(2,(#2079,#2080,#2081,#2082,#2083,#2084,#2085,#2086,#2087),.UNSPECIFIED.,.F.,.U.)B_SPLINE_CURVE_WITH_KNOTS((3,2,2,2,3),(0.45833333333333,0.47916666666667,0.5,0.52083333333333,0.54166666666667),.UNSPECIFIED.)CURVE()GEOMETRIC_REPRESENTATION_ITEM()RATIONAL_B_SPLINE_CURVE((1.,0.92387953251129,1.,0.92387953251129,1.,0.92387953251129,1.,0.92387953251129,1.))REPRESENTATION_ITEM(''));
#2089=EDGE_CURVE('',#1877,#1823,#2088,.T.);
#2090=ORIENTED_EDGE('',*,*,#2089,.T.);
#2091=ORIENTED_EDGE('',*,*,#1864,.F.);
#2092=CARTESIAN_POINT('',(-15.5,1.6211390043385,14.25));
#2093=CARTESIAN_POINT('',(-14.982233047034,1.5711390043385,14.25));
#2094=CARTESIAN_POINT('',(-14.616116523517,1.5211390043385,14.616116523517));
#2095=CARTESIAN_POINT('',(-14.25,1.4711390043385,14.982233047034));
#2096=CARTESIAN_POINT('',(-14.25,1.4211390043385,15.5));
#2097=CARTESIAN_POINT('',(-14.25,1.3711390043385,16.017766952966));
#2098=CARTESIAN_POINT('',(-14.616116523517,1.3211390043385,16.383883476483));
#2099=CARTESIAN_POINT('',(-14.982233047034,1.2711390043385,16.75));
#2100=CARTESIAN_POINT('',(-15.5,1.2211390043385,16.75));
#2101=(BOUNDED_CURVE()B_SPLINE_CURVE(2,(#2092,#2093,#2094,#2095,#2096,#2097,#2098,#2099,#2100),.UNSPECIFIED.,.F.,.U.)B_SPLINE_CURVE_WITH_KNOTS((3,2,2,2,3),(0.625,0.64583333333333,0.66666666666667,0.6875,0.70833333333333),.UNSPECIFIED.)CURVE()GEOMETRIC_REPRESENTATION_ITEM()RATIONAL_B_SPLINE_CURVE((1.,0.92387953251129,1.,0.92387953251129,1.,0.92387953251129,1.,0.92387953251129,1.))REPRESENTATION_ITEM(''));
#2102=EDGE_CURVE('',#1847,#1891,#2101,.T.);
#2103=ORIENTED_EDGE('',*,*,#2102,.T.);
#2104=EDGE_LOOP('',(#2078,#2090,#2091,#2103));
#2105=FACE_OUTER_BOUND('',#2104,.T.);
#2106=ADVANCED_FACE('',(#2105),#2077,.F.);
#2107=CARTESIAN_POINT('',(-15.5,1.1788609956615,15.5));
#2108=DIRECTION('',(-1.6265255723624E-06,0.,-0.99999999999868));
#2109=DIRECTION('',(0.,-1.,-5.2333448253846E-15));
#2110=AXIS2_PLACEMENT_3D('',#2107,#2109,#2108);
#2111=CYLINDRICAL_SURFACE('',#2110,1.25);
#2112=ORIENTED_EDGE('',*,*,#1946,.F.);
#2113=CARTESIAN_POINT('',(-15.5,0.77886099566149,16.75));
#2114=CARTESIAN_POINT('',(-14.982233047034,0.82886099566149,16.75));
#2115=CARTESIAN_POINT('',(-14.616116523517,0.87886099566149,16.383883476483));
#2116=CARTESIAN_POINT('',(-14.25,0.92886099566149,16.017766952966));
#2117=CARTESIAN_POINT('',(-14.25,0.97886099566149,15.5));
#2118=CARTESIAN_POINT('',(-14.25,1.0288609956615,14.982233047034));
#2119=CARTESIAN_POINT('',(-14.616116523517,1.0788609956615,14.616116523517));
#2120=CARTESIAN_POINT('',(-14.982233047034,1.1288609956615,14.25));
#2121=CARTESIAN_POINT('',(-15.5,1.1788609956615,14.25));
#2122=(BOUNDED_CURVE()B_SPLINE_CURVE(2,(#2113,#2114,#2115,#2116,#2117,#2118,#2119,#2120,#2121),.UNSPECIFIED.,.F.,.U.)B_SPLINE_CURVE_WITH_KNOTS((3,2,2,2,3),(0.625,0.64583333333333,0.66666666666667,0.6875,0.70833333333333),.UNSPECIFIED.)CURVE()GEOMETRIC_REPRESENTATION_ITEM()RATIONAL_B_SPLINE_CURVE((1.,0.92387953251129,1.,0.92387953251129,1.,0.92387953251129,1.,0.92387953251129,1.))REPRESENTATION_ITEM(''));
#2123=EDGE_CURVE('',#1929,#1875,#2122,.T.);
#2124=ORIENTED_EDGE('',*,*,#2123,.T.);
#2125=ORIENTED_EDGE('',*,*,#1916,.F.);
#2126=CARTESIAN_POINT('',(-14.778364368008,0.5,16.52065763831));
#2127=VERTEX_POINT('',#2126);
#2128=CARTESIAN_POINT('',(-15.5,0.82113900433851,14.25));
#2129=CARTESIAN_POINT('',(-14.982233047034,0.77113900433851,14.25));
#2130=CARTESIAN_POINT('',(-14.616116523517,0.72113900433851,14.616116523517));
#2131=CARTESIAN_POINT('',(-14.25,0.67113900433851,14.982233047034));
#2132=CARTESIAN_POINT('',(-14.25,0.62113900433851,15.5));
#2133=CARTESIAN_POINT('',(-14.25,0.57113900433851,16.017766952966));
#2134=CARTESIAN_POINT('',(-14.616116523517,0.52113900433851,16.383883476483));
#2135=CARTESIAN_POINT('',(-14.691414550815,0.51085566249768,16.459181503781));
#2136=CARTESIAN_POINT('',(-14.778364368008,0.5,16.52065763831));
#2137=(BOUNDED_CURVE()B_SPLINE_CURVE(2,(#2128,#2129,#2130,#2131,#2132,#2133,#2134,#2135,#2136),.UNSPECIFIED.,.F.,.U.)B_SPLINE_CURVE_WITH_KNOTS((3,2,2,2,3),(0.79166666666667,0.8125,0.83333333333333,0.85416666666667,0.85872714160425),.UNSPECIFIED.)CURVE()GEOMETRIC_REPRESENTATION_ITEM()RATIONAL_B_SPLINE_CURVE((1.,0.92387953251129,1.,0.92387953251129,1.,0.92387953251129,1.,0.98333701675748,0.9739691807914))REPRESENTATION_ITEM(''));
#2138=EDGE_CURVE('',#1899,#2127,#2137,.T.);
#2139=ORIENTED_EDGE('',*,*,#2138,.T.);
#2140=CARTESIAN_POINT('',(-15.5,0.5,15.5));
#2141=DIRECTION('',(0.57730850559358,-1.7763568394003E-16,0.81652611064761));
#2142=DIRECTION('',(-5.3691792993272E-17,-1.,-1.6894354223914E-16));
#2143=AXIS2_PLACEMENT_3D('',#2140,#2142,#2141);
#2144=CIRCLE('',#2143,1.25);
#2145=EDGE_CURVE('',#2127,#1941,#2144,.T.);
#2146=ORIENTED_EDGE('',*,*,#2145,.T.);
#2147=EDGE_LOOP('',(#2112,#2124,#2125,#2139,#2146));
#2148=FACE_OUTER_BOUND('',#2147,.T.);
#2149=ADVANCED_FACE('',(#2148),#2111,.F.);
#2150=CARTESIAN_POINT('',(-15.5,0.5,15.5));
#2151=DIRECTION('',(-4.736951571734E-15,-7.4014868308344E-17,1.));
#2152=DIRECTION('',(0.,-1.,0.));
#2153=AXIS2_PLACEMENT_3D('',#2150,#2152,#2151);
#2154=CYLINDRICAL_SURFACE('',#2153,1.5);
#2155=CARTESIAN_POINT('',(-15.5,0.5,14.));
#2156=VERTEX_POINT('',#2155);
#2157=CARTESIAN_POINT('',(-15.5,0.5,17.));
#2158=VERTEX_POINT('',#2157);
#2159=CARTESIAN_POINT('',(-15.5,0.5,15.5));
#2160=DIRECTION('',(-2.368475785867E-15,0.,-1.));
#2161=DIRECTION('',(0.,1.,-0.));
#2162=AXIS2_PLACEMENT_3D('',#2159,#2161,#2160);
#2163=CIRCLE('',#2162,1.5);
#2164=EDGE_CURVE('',#2156,#2158,#2163,.T.);
#2165=ORIENTED_EDGE('',*,*,#2164,.T.);
#2166=CARTESIAN_POINT('',(-15.5,0.,17.));
#2167=VERTEX_POINT('',#2166);
#2168=CARTESIAN_POINT('',(-15.5,0.5,17.));
#2169=DIRECTION('',(0.,-1.,0.));
#2170=VECTOR('',#2169,0.5);
#2171=LINE('',#2168,#2170);
#2172=EDGE_CURVE('',#2158,#2167,#2171,.T.);
#2173=ORIENTED_EDGE('',*,*,#2172,.T.);
#2174=CARTESIAN_POINT('',(-15.5,0.,14.));
#2175=VERTEX_POINT('',#2174);
#2176=CARTESIAN_POINT('',(-15.5,0.,15.5));
#2177=DIRECTION('',(-2.368475785867E-15,0.,1.));
#2178=DIRECTION('',(0.,-1.,-0.));
#2179=AXIS2_PLACEMENT_3D('',#2176,#2178,#2177);
#2180=CIRCLE('',#2179,1.5);
#2181=EDGE_CURVE('',#2167,#2175,#2180,.T.);
#2182=ORIENTED_EDGE('',*,*,#2181,.T.);
#2183=CARTESIAN_POINT('',(-15.5,0.,14.));
#2184=DIRECTION('',(0.,1.,0.));
#2185=VECTOR('',#2184,0.5);
#2186=LINE('',#2183,#2185);
#2187=EDGE_CURVE('',#2175,#2156,#2186,.T.);
#2188=ORIENTED_EDGE('',*,*,#2187,.T.);
#2189=EDGE_LOOP('',(#2165,#2173,#2182,#2188));
#2190=FACE_OUTER_BOUND('',#2189,.T.);
#2191=ADVANCED_FACE('',(#2190),#2154,.F.);
#2192=CARTESIAN_POINT('',(-2.0428103653103E-14,-2.,3.5527136788005E-15));
#2193=DIRECTION('',(3.9019956564371E-15,1.2111523905002E-16,-1.));
#2194=DIRECTION('',(-6.4594794160009E-16,1.,0.));
#2195=AXIS2_PLACEMENT_3D('',#2192,#2194,#2193);
#2196=CYLINDRICAL_SURFACE('',#2195,11.);
#2197=CARTESIAN_POINT('',(0.,-2.,11.));
#2198=VERTEX_POINT('',#2197);
#2199=CARTESIAN_POINT('',(1.3471114790621E-15,-2.,-11.));
#2200=VERTEX_POINT('',#2199);
#2201=CARTESIAN_POINT('',(-1.7763568394003E-15,-2.,-8.8817841970013E-16));
#2202=DIRECTION('',(1.6148698540002E-16,0.,1.));
#2203=DIRECTION('',(0.,1.,0.));
#2204=AXIS2_PLACEMENT_3D('',#2201,#2203,#2202);
#2205=CIRCLE('',#2204,11.);
#2206=EDGE_CURVE('',#2198,#2200,#2205,.T.);
#2207=ORIENTED_EDGE('',*,*,#2206,.T.);
#2208=CARTESIAN_POINT('',(1.3471114790621E-15,0.,-11.));
#2209=VERTEX_POINT('',#2208);
#2210=CARTESIAN_POINT('',(1.3471114790621E-15,-2.,-11.));
#2211=DIRECTION('',(0.,1.,0.));
#2212=VECTOR('',#2211,2.);
#2213=LINE('',#2210,#2212);
#2214=EDGE_CURVE('',#2200,#2209,#2213,.T.);
#2215=ORIENTED_EDGE('',*,*,#2214,.T.);
#2216=CARTESIAN_POINT('',(0.,0.,11.));
#2217=VERTEX_POINT('',#2216);
#2218=CARTESIAN_POINT('',(8.8817841970013E-16,0.,-1.7763568394003E-15));
#2219=DIRECTION('',(4.1721187214724E-17,0.,-1.));
#2220=DIRECTION('',(0.,-1.,0.));
#2221=AXIS2_PLACEMENT_3D('',#2218,#2220,#2219);
#2222=CIRCLE('',#2221,11.);
#2223=EDGE_CURVE('',#2209,#2217,#2222,.T.);
#2224=ORIENTED_EDGE('',*,*,#2223,.T.);
#2225=CARTESIAN_POINT('',(0.,0.,11.));
#2226=DIRECTION('',(0.,-1.,0.));
#2227=VECTOR('',#2226,2.);
#2228=LINE('',#2225,#2227);
#2229=EDGE_CURVE('',#2217,#2198,#2228,.T.);
#2230=ORIENTED_EDGE('',*,*,#2229,.T.);
#2231=EDGE_LOOP('',(#2207,#2215,#2224,#2230));
#2232=FACE_OUTER_BOUND('',#2231,.T.);
#2233=ADVANCED_FACE('',(#2232),#2196,.T.);
#2234=CARTESIAN_POINT('',(15.5,39.2,15.499999999999));
#2235=DIRECTION('',(4.7606363295894E-13,0.,1.));
#2236=DIRECTION('',(0.,1.,0.));
#2237=AXIS2_PLACEMENT_3D('',#2234,#2236,#2235);
#2238=CYLINDRICAL_SURFACE('',#2237,1.7500000000012);
#2239=CARTESIAN_POINT('',(15.824355832234,39.2,17.219678253074));
#2240=VERTEX_POINT('',#2239);
#2241=CARTESIAN_POINT('',(15.5,39.2,17.25));
#2242=VERTEX_POINT('',#2241);
#2243=CARTESIAN_POINT('',(15.5,39.2,15.5));
#2244=DIRECTION('',(0.18534618984811,1.6240976817375E-13,0.98267328747086));
#2245=DIRECTION('',(1.5132665304522E-14,-1.,1.618761696267E-13));
#2246=AXIS2_PLACEMENT_3D('',#2243,#2245,#2244);
#2247=CIRCLE('',#2246,1.7499999999999);
#2248=EDGE_CURVE('',#2240,#2242,#2247,.T.);
#2249=ORIENTED_EDGE('',*,*,#2248,.T.);
#2250=CARTESIAN_POINT('',(15.5,40.,17.25));
#2251=VERTEX_POINT('',#2250);
#2252=CARTESIAN_POINT('',(15.5,39.2,17.25));
#2253=DIRECTION('',(0.,1.,0.));
#2254=VECTOR('',#2253,0.8);
#2255=LINE('',#2252,#2254);
#2256=EDGE_CURVE('',#2242,#2251,#2255,.T.);
#2257=ORIENTED_EDGE('',*,*,#2256,.T.);
#2258=CARTESIAN_POINT('',(15.824355832234,40.,17.219678253074));
#2259=VERTEX_POINT('',#2258);
#2260=CARTESIAN_POINT('',(15.5,40.,15.5));
#2261=DIRECTION('',(-8.1204884086874E-15,-2.3143391964759E-13,1.));
#2262=DIRECTION('',(2.1933863194195E-14,1.,2.3462950429038E-13));
#2263=AXIS2_PLACEMENT_3D('',#2260,#2262,#2261);
#2264=CIRCLE('',#2263,1.7499999999999);
#2265=EDGE_CURVE('',#2251,#2259,#2264,.T.);
#2266=ORIENTED_EDGE('',*,*,#2265,.T.);
#2267=CARTESIAN_POINT('',(15.824355832234,40.,17.219678253074));
#2268=DIRECTION('',(0.,-1.,0.));
#2269=VECTOR('',#2268,0.8);
#2270=LINE('',#2267,#2269);
#2271=EDGE_CURVE('',#2259,#2240,#2270,.T.);
#2272=ORIENTED_EDGE('',*,*,#2271,.T.);
#2273=EDGE_LOOP('',(#2249,#2257,#2266,#2272));
#2274=FACE_OUTER_BOUND('',#2273,.T.);
#2275=ADVANCED_FACE('',(#2274),#2238,.F.);
#2276=CARTESIAN_POINT('',(-15.5,39.2,-15.5));
#2277=DIRECTION('',(4.3444612986487E-13,0.,1.));
#2278=DIRECTION('',(2.2204460492502E-15,1.,2.2204460492502E-15));
#2279=AXIS2_PLACEMENT_3D('',#2276,#2278,#2277);
#2280=CYLINDRICAL_SURFACE('',#2279,1.7499999999995);
#2281=CARTESIAN_POINT('',(-15.175644167766,39.2,-13.780321746926));
#2282=VERTEX_POINT('',#2281);
#2283=CARTESIAN_POINT('',(-15.5,39.2,-13.75));
#2284=VERTEX_POINT('',#2283);
#2285=CARTESIAN_POINT('',(-15.5,39.2,-15.5));
#2286=DIRECTION('',(0.1853461898481,-1.6240976817373E-14,0.98267328747086));
#2287=DIRECTION('',(-1.8703294196603E-15,-1.,-2.0007167032516E-14));
#2288=AXIS2_PLACEMENT_3D('',#2285,#2287,#2286);
#2289=CIRCLE('',#2288,1.7500000000001);
#2290=EDGE_CURVE('',#2282,#2284,#2289,.T.);
#2291=ORIENTED_EDGE('',*,*,#2290,.T.);
#2292=CARTESIAN_POINT('',(-15.5,40.,-13.75));
#2293=VERTEX_POINT('',#2292);
#2294=CARTESIAN_POINT('',(-15.5,39.2,-13.75));
#2295=DIRECTION('',(0.,1.,0.));
#2296=VECTOR('',#2295,0.8);
#2297=LINE('',#2294,#2296);
#2298=EDGE_CURVE('',#2284,#2293,#2297,.T.);
#2299=ORIENTED_EDGE('',*,*,#2298,.T.);
#2300=CARTESIAN_POINT('',(-15.175644167766,40.,-13.780321746926));
#2301=VERTEX_POINT('',#2300);
#2302=CARTESIAN_POINT('',(-15.5,40.,-15.5));
#2303=DIRECTION('',(3.0451831532574E-15,6.0903663065148E-14,1.));
#2304=DIRECTION('',(-5.2709283644973E-15,1.,-5.6383834364363E-14));
#2305=AXIS2_PLACEMENT_3D('',#2302,#2304,#2303);
#2306=CIRCLE('',#2305,1.7500000000001);
#2307=EDGE_CURVE('',#2293,#2301,#2306,.T.);
#2308=ORIENTED_EDGE('',*,*,#2307,.T.);
#2309=CARTESIAN_POINT('',(-15.175644167766,40.,-13.780321746926));
#2310=DIRECTION('',(0.,-1.,0.));
#2311=VECTOR('',#2310,0.8);
#2312=LINE('',#2309,#2311);
#2313=EDGE_CURVE('',#2301,#2282,#2312,.T.);
#2314=ORIENTED_EDGE('',*,*,#2313,.T.);
#2315=EDGE_LOOP('',(#2291,#2299,#2308,#2314));
#2316=FACE_OUTER_BOUND('',#2315,.T.);
#2317=ADVANCED_FACE('',(#2316),#2280,.F.);
#2318=CARTESIAN_POINT('',(-15.5,39.5,15.5));
#2319=DIRECTION('',(-7.8949192862234E-15,0.,1.));
#2320=DIRECTION('',(0.,-1.,0.));
#2321=AXIS2_PLACEMENT_3D('',#2318,#2320,#2319);
#2322=CYLINDRICAL_SURFACE('',#2321,2.25);
#2323=CARTESIAN_POINT('',(-15.5,39.5,13.25));
#2324=VERTEX_POINT('',#2323);
#2325=CARTESIAN_POINT('',(-15.5,39.5,17.75));
#2326=VERTEX_POINT('',#2325);
#2327=CARTESIAN_POINT('',(-15.5,39.5,15.5));
#2328=DIRECTION('',(7.8949192862233E-16,0.,-1.));
#2329=DIRECTION('',(0.,-1.,0.));
#2330=AXIS2_PLACEMENT_3D('',#2327,#2329,#2328);
#2331=CIRCLE('',#2330,2.25);
#2332=EDGE_CURVE('',#2324,#2326,#2331,.T.);
#2333=ORIENTED_EDGE('',*,*,#2332,.T.);
#2334=CARTESIAN_POINT('',(-15.5,38.5,17.75));
#2335=VERTEX_POINT('',#2334);
#2336=CARTESIAN_POINT('',(-15.5,39.5,17.75));
#2337=DIRECTION('',(0.,-1.,0.));
#2338=VECTOR('',#2337,1.);
#2339=LINE('',#2336,#2338);
#2340=EDGE_CURVE('',#2326,#2335,#2339,.T.);
#2341=ORIENTED_EDGE('',*,*,#2340,.T.);
#2342=CARTESIAN_POINT('',(-15.5,38.5,13.25));
#2343=VERTEX_POINT('',#2342);
#2344=CARTESIAN_POINT('',(-15.5,38.5,15.5));
#2345=DIRECTION('',(0.,0.,1.));
#2346=DIRECTION('',(-1.9060021214641E-15,1.,-1.9060021214641E-15));
#2347=AXIS2_PLACEMENT_3D('',#2344,#2346,#2345);
#2348=CIRCLE('',#2347,2.25);
#2349=EDGE_CURVE('',#2335,#2343,#2348,.T.);
#2350=ORIENTED_EDGE('',*,*,#2349,.T.);
#2351=CARTESIAN_POINT('',(-15.5,38.5,13.25));
#2352=DIRECTION('',(0.,1.,0.));
#2353=VECTOR('',#2352,1.);
#2354=LINE('',#2351,#2353);
#2355=EDGE_CURVE('',#2343,#2324,#2354,.T.);
#2356=ORIENTED_EDGE('',*,*,#2355,.T.);
#2357=EDGE_LOOP('',(#2333,#2341,#2350,#2356));
#2358=FACE_OUTER_BOUND('',#2357,.T.);
#2359=ADVANCED_FACE('',(#2358),#2322,.T.);
#2360=CARTESIAN_POINT('',(15.5,39.5,15.5));
#2361=DIRECTION('',(7.8949192862233E-15,0.,1.));
#2362=DIRECTION('',(0.,-1.,0.));
#2363=AXIS2_PLACEMENT_3D('',#2360,#2362,#2361);
#2364=CYLINDRICAL_SURFACE('',#2363,2.25);
#2365=CARTESIAN_POINT('',(15.5,39.5,13.25));
#2366=VERTEX_POINT('',#2365);
#2367=CARTESIAN_POINT('',(15.5,39.5,17.75));
#2368=VERTEX_POINT('',#2367);
#2369=CARTESIAN_POINT('',(15.5,39.5,15.5));
#2370=DIRECTION('',(0.,0.,-1.));
#2371=DIRECTION('',(0.,-1.,0.));
#2372=AXIS2_PLACEMENT_3D('',#2369,#2371,#2370);
#2373=CIRCLE('',#2372,2.25);
#2374=EDGE_CURVE('',#2366,#2368,#2373,.T.);
#2375=ORIENTED_EDGE('',*,*,#2374,.T.);
#2376=CARTESIAN_POINT('',(15.5,38.5,17.75));
#2377=VERTEX_POINT('',#2376);
#2378=CARTESIAN_POINT('',(15.5,39.5,17.75));
#2379=DIRECTION('',(0.,-1.,0.));
#2380=VECTOR('',#2379,1.);
#2381=LINE('',#2378,#2380);
#2382=EDGE_CURVE('',#2368,#2377,#2381,.T.);
#2383=ORIENTED_EDGE('',*,*,#2382,.T.);
#2384=CARTESIAN_POINT('',(15.5,38.5,13.25));
#2385=VERTEX_POINT('',#2384);
#2386=CARTESIAN_POINT('',(15.5,38.5,15.5));
#2387=DIRECTION('',(0.,0.,1.));
#2388=DIRECTION('',(9.5300106073206E-16,1.,9.5300106073206E-16));
#2389=AXIS2_PLACEMENT_3D('',#2386,#2388,#2387);
#2390=CIRCLE('',#2389,2.25);
#2391=EDGE_CURVE('',#2377,#2385,#2390,.T.);
#2392=ORIENTED_EDGE('',*,*,#2391,.T.);
#2393=CARTESIAN_POINT('',(15.5,38.5,13.25));
#2394=DIRECTION('',(0.,1.,0.));
#2395=VECTOR('',#2394,1.);
#2396=LINE('',#2393,#2395);
#2397=EDGE_CURVE('',#2385,#2366,#2396,.T.);
#2398=ORIENTED_EDGE('',*,*,#2397,.T.);
#2399=EDGE_LOOP('',(#2375,#2383,#2392,#2398));
#2400=FACE_OUTER_BOUND('',#2399,.T.);
#2401=ADVANCED_FACE('',(#2400),#2364,.T.);
#2402=CARTESIAN_POINT('',(15.5,39.5,-15.5));
#2403=DIRECTION('',(5.5264435003563E-15,3.1579677144893E-15,1.));
#2404=DIRECTION('',(0.,-1.,0.));
#2405=AXIS2_PLACEMENT_3D('',#2402,#2404,#2403);
#2406=CYLINDRICAL_SURFACE('',#2405,2.25);
#2407=CARTESIAN_POINT('',(15.5,39.5,-17.75));
#2408=VERTEX_POINT('',#2407);
#2409=CARTESIAN_POINT('',(15.5,39.5,-13.25));
#2410=VERTEX_POINT('',#2409);
#2411=CARTESIAN_POINT('',(15.5,39.5,-15.5));
#2412=DIRECTION('',(-1.5789838572447E-15,0.,-1.));
#2413=DIRECTION('',(0.,-1.,0.));
#2414=AXIS2_PLACEMENT_3D('',#2411,#2413,#2412);
#2415=CIRCLE('',#2414,2.25);
#2416=EDGE_CURVE('',#2408,#2410,#2415,.T.);
#2417=ORIENTED_EDGE('',*,*,#2416,.T.);
#2418=CARTESIAN_POINT('',(15.5,38.5,-13.25));
#2419=VERTEX_POINT('',#2418);
#2420=CARTESIAN_POINT('',(15.5,39.5,-13.25));
#2421=DIRECTION('',(0.,-1.,0.));
#2422=VECTOR('',#2421,1.);
#2423=LINE('',#2420,#2422);
#2424=EDGE_CURVE('',#2410,#2419,#2423,.T.);
#2425=ORIENTED_EDGE('',*,*,#2424,.T.);
#2426=CARTESIAN_POINT('',(15.5,38.5,-17.75));
#2427=VERTEX_POINT('',#2426);
#2428=CARTESIAN_POINT('',(15.5,38.5,-15.5));
#2429=DIRECTION('',(0.,0.,1.));
#2430=DIRECTION('',(-1.9060021214641E-15,1.,-1.9060021214641E-15));
#2431=AXIS2_PLACEMENT_3D('',#2428,#2430,#2429);
#2432=CIRCLE('',#2431,2.25);
#2433=EDGE_CURVE('',#2419,#2427,#2432,.T.);
#2434=ORIENTED_EDGE('',*,*,#2433,.T.);
#2435=CARTESIAN_POINT('',(15.5,38.5,-17.75));
#2436=DIRECTION('',(0.,1.,0.));
#2437=VECTOR('',#2436,1.);
#2438=LINE('',#2435,#2437);
#2439=EDGE_CURVE('',#2427,#2408,#2438,.T.);
#2440=ORIENTED_EDGE('',*,*,#2439,.T.);
#2441=EDGE_LOOP('',(#2417,#2425,#2434,#2440));
#2442=FACE_OUTER_BOUND('',#2441,.T.);
#2443=ADVANCED_FACE('',(#2442),#2406,.T.);
#2444=CARTESIAN_POINT('',(15.5,38.5,-15.5));
#2445=DIRECTION('',(-2.7328566760004E-15,-2.1862853408003E-15,-1.));
#2446=DIRECTION('',(0.,1.,0.));
#2447=AXIS2_PLACEMENT_3D('',#2444,#2446,#2445);
#2448=CYLINDRICAL_SURFACE('',#2447,3.25);
#2449=CARTESIAN_POINT('',(15.5,38.5,-12.25));
#2450=VERTEX_POINT('',#2449);
#2451=CARTESIAN_POINT('',(15.5,38.5,-18.75));
#2452=VERTEX_POINT('',#2451);
#2453=CARTESIAN_POINT('',(15.5,38.5,-15.5));
#2454=DIRECTION('',(-5.4657133520008E-16,0.,1.));
#2455=DIRECTION('',(6.597699651222E-16,-1.,-6.597699651222E-16));
#2456=AXIS2_PLACEMENT_3D('',#2453,#2455,#2454);
#2457=CIRCLE('',#2456,3.25);
#2458=EDGE_CURVE('',#2450,#2452,#2457,.T.);
#2459=ORIENTED_EDGE('',*,*,#2458,.T.);
#2460=CARTESIAN_POINT('',(15.5,40.5,-18.75));
#2461=VERTEX_POINT('',#2460);
#2462=CARTESIAN_POINT('',(15.5,38.5,-18.75));
#2463=DIRECTION('',(0.,1.,0.));
#2464=VECTOR('',#2463,2.);
#2465=LINE('',#2462,#2464);
#2466=EDGE_CURVE('',#2452,#2461,#2465,.T.);
#2467=ORIENTED_EDGE('',*,*,#2466,.T.);
#2468=CARTESIAN_POINT('',(15.5,40.5,-12.25));
#2469=VERTEX_POINT('',#2468);
#2470=CARTESIAN_POINT('',(15.5,40.5,-15.5));
#2471=DIRECTION('',(-1.0931426704002E-15,0.,-1.));
#2472=DIRECTION('',(0.,1.,-0.));
#2473=AXIS2_PLACEMENT_3D('',#2470,#2472,#2471);
#2474=CIRCLE('',#2473,3.25);
#2475=EDGE_CURVE('',#2461,#2469,#2474,.T.);
#2476=ORIENTED_EDGE('',*,*,#2475,.T.);
#2477=CARTESIAN_POINT('',(15.5,40.5,-12.25));
#2478=DIRECTION('',(0.,-1.,0.));
#2479=VECTOR('',#2478,2.);
#2480=LINE('',#2477,#2479);
#2481=EDGE_CURVE('',#2469,#2450,#2480,.T.);
#2482=ORIENTED_EDGE('',*,*,#2481,.T.);
#2483=EDGE_LOOP('',(#2459,#2467,#2476,#2482));
#2484=FACE_OUTER_BOUND('',#2483,.T.);
#2485=ADVANCED_FACE('',(#2484),#2448,.F.);
#2486=CARTESIAN_POINT('',(15.5,38.5,15.5));
#2487=DIRECTION('',(1.1477998039202E-14,0.,-1.));
#2488=DIRECTION('',(-8.8817841970012E-16,1.,0.));
#2489=AXIS2_PLACEMENT_3D('',#2486,#2488,#2487);
#2490=CYLINDRICAL_SURFACE('',#2489,3.25);
#2491=CARTESIAN_POINT('',(15.5,38.5,18.75));
#2492=VERTEX_POINT('',#2491);
#2493=CARTESIAN_POINT('',(15.5,38.5,12.25));
#2494=VERTEX_POINT('',#2493);
#2495=CARTESIAN_POINT('',(15.5,38.5,15.5));
#2496=DIRECTION('',(-1.0931426704002E-15,0.,1.));
#2497=DIRECTION('',(-1.3195399302444E-15,-1.,1.3195399302444E-15));
#2498=AXIS2_PLACEMENT_3D('',#2495,#2497,#2496);
#2499=CIRCLE('',#2498,3.25);
#2500=EDGE_CURVE('',#2492,#2494,#2499,.T.);
#2501=ORIENTED_EDGE('',*,*,#2500,.T.);
#2502=CARTESIAN_POINT('',(15.5,40.5,12.25));
#2503=VERTEX_POINT('',#2502);
#2504=CARTESIAN_POINT('',(15.5,38.5,12.25));
#2505=DIRECTION('',(0.,1.,0.));
#2506=VECTOR('',#2505,2.);
#2507=LINE('',#2504,#2506);
#2508=EDGE_CURVE('',#2494,#2503,#2507,.T.);
#2509=ORIENTED_EDGE('',*,*,#2508,.T.);
#2510=CARTESIAN_POINT('',(15.5,40.5,18.75));
#2511=VERTEX_POINT('',#2510);
#2512=CARTESIAN_POINT('',(15.5,40.5,15.5));
#2513=DIRECTION('',(-1.0931426704002E-15,0.,-1.));
#2514=DIRECTION('',(-6.597699651222E-16,1.,-6.597699651222E-16));
#2515=AXIS2_PLACEMENT_3D('',#2512,#2514,#2513);
#2516=CIRCLE('',#2515,3.25);
#2517=EDGE_CURVE('',#2503,#2511,#2516,.T.);
#2518=ORIENTED_EDGE('',*,*,#2517,.T.);
#2519=CARTESIAN_POINT('',(15.5,40.5,18.75));
#2520=DIRECTION('',(0.,-1.,0.));
#2521=VECTOR('',#2520,2.);
#2522=LINE('',#2519,#2521);
#2523=EDGE_CURVE('',#2511,#2492,#2522,.T.);
#2524=ORIENTED_EDGE('',*,*,#2523,.T.);
#2525=EDGE_LOOP('',(#2501,#2509,#2518,#2524));
#2526=FACE_OUTER_BOUND('',#2525,.T.);
#2527=ADVANCED_FACE('',(#2526),#2490,.F.);
#2528=CARTESIAN_POINT('',(-15.5,38.5,15.5));
#2529=DIRECTION('',(7.105427357601E-15,0.,-1.));
#2530=DIRECTION('',(-8.8817841970012E-16,1.,0.));
#2531=AXIS2_PLACEMENT_3D('',#2528,#2530,#2529);
#2532=CYLINDRICAL_SURFACE('',#2531,3.25);
#2533=CARTESIAN_POINT('',(-15.5,38.5,18.75));
#2534=VERTEX_POINT('',#2533);
#2535=CARTESIAN_POINT('',(-15.5,38.5,12.25));
#2536=VERTEX_POINT('',#2535);
#2537=CARTESIAN_POINT('',(-15.5,38.5,15.5));
#2538=DIRECTION('',(0.,0.,1.));
#2539=DIRECTION('',(6.597699651222E-16,-1.,-6.597699651222E-16));
#2540=AXIS2_PLACEMENT_3D('',#2537,#2539,#2538);
#2541=CIRCLE('',#2540,3.25);
#2542=EDGE_CURVE('',#2534,#2536,#2541,.T.);
#2543=ORIENTED_EDGE('',*,*,#2542,.T.);
#2544=CARTESIAN_POINT('',(-15.5,40.5,12.25));
#2545=VERTEX_POINT('',#2544);
#2546=CARTESIAN_POINT('',(-15.5,38.5,12.25));
#2547=DIRECTION('',(0.,1.,0.));
#2548=VECTOR('',#2547,2.);
#2549=LINE('',#2546,#2548);
#2550=EDGE_CURVE('',#2536,#2545,#2549,.T.);
#2551=ORIENTED_EDGE('',*,*,#2550,.T.);
#2552=CARTESIAN_POINT('',(-15.5,40.5,18.75));
#2553=VERTEX_POINT('',#2552);
#2554=CARTESIAN_POINT('',(-15.5,40.5,15.5));
#2555=DIRECTION('',(-5.4657133520008E-16,0.,-1.));
#2556=DIRECTION('',(0.,1.,-0.));
#2557=AXIS2_PLACEMENT_3D('',#2554,#2556,#2555);
#2558=CIRCLE('',#2557,3.25);
#2559=EDGE_CURVE('',#2545,#2553,#2558,.T.);
#2560=ORIENTED_EDGE('',*,*,#2559,.T.);
#2561=CARTESIAN_POINT('',(-15.5,40.5,18.75));
#2562=DIRECTION('',(0.,-1.,0.));
#2563=VECTOR('',#2562,2.);
#2564=LINE('',#2561,#2563);
#2565=EDGE_CURVE('',#2553,#2534,#2564,.T.);
#2566=ORIENTED_EDGE('',*,*,#2565,.T.);
#2567=EDGE_LOOP('',(#2543,#2551,#2560,#2566));
#2568=FACE_OUTER_BOUND('',#2567,.T.);
#2569=ADVANCED_FACE('',(#2568),#2532,.F.);
#2570=CARTESIAN_POINT('',(-15.5,39.5,-15.5));
#2571=DIRECTION('',(-4.736951571734E-15,3.1579677144893E-15,1.));
#2572=DIRECTION('',(0.,-1.,0.));
#2573=AXIS2_PLACEMENT_3D('',#2570,#2572,#2571);
#2574=CYLINDRICAL_SURFACE('',#2573,2.25);
#2575=CARTESIAN_POINT('',(-15.5,39.5,-17.75));
#2576=VERTEX_POINT('',#2575);
#2577=CARTESIAN_POINT('',(-15.5,39.5,-13.25));
#2578=VERTEX_POINT('',#2577);
#2579=CARTESIAN_POINT('',(-15.5,39.5,-15.5));
#2580=DIRECTION('',(1.5789838572447E-15,0.,-1.));
#2581=DIRECTION('',(0.,-1.,0.));
#2582=AXIS2_PLACEMENT_3D('',#2579,#2581,#2580);
#2583=CIRCLE('',#2582,2.25);
#2584=EDGE_CURVE('',#2576,#2578,#2583,.T.);
#2585=ORIENTED_EDGE('',*,*,#2584,.T.);
#2586=CARTESIAN_POINT('',(-15.5,38.5,-13.25));
#2587=VERTEX_POINT('',#2586);
#2588=CARTESIAN_POINT('',(-15.5,39.5,-13.25));
#2589=DIRECTION('',(0.,-1.,0.));
#2590=VECTOR('',#2589,1.);
#2591=LINE('',#2588,#2590);
#2592=EDGE_CURVE('',#2578,#2587,#2591,.T.);
#2593=ORIENTED_EDGE('',*,*,#2592,.T.);
#2594=CARTESIAN_POINT('',(-15.5,38.5,-17.75));
#2595=VERTEX_POINT('',#2594);
#2596=CARTESIAN_POINT('',(-15.5,38.5,-15.5));
#2597=DIRECTION('',(3.1579677144893E-15,0.,1.));
#2598=DIRECTION('',(-1.9060021214641E-15,1.,-1.9060021214641E-15));
#2599=AXIS2_PLACEMENT_3D('',#2596,#2598,#2597);
#2600=CIRCLE('',#2599,2.25);
#2601=EDGE_CURVE('',#2587,#2595,#2600,.T.);
#2602=ORIENTED_EDGE('',*,*,#2601,.T.);
#2603=CARTESIAN_POINT('',(-15.5,38.5,-17.75));
#2604=DIRECTION('',(0.,1.,0.));
#2605=VECTOR('',#2604,1.);
#2606=LINE('',#2603,#2605);
#2607=EDGE_CURVE('',#2595,#2576,#2606,.T.);
#2608=ORIENTED_EDGE('',*,*,#2607,.T.);
#2609=EDGE_LOOP('',(#2585,#2593,#2602,#2608));
#2610=FACE_OUTER_BOUND('',#2609,.T.);
#2611=ADVANCED_FACE('',(#2610),#2574,.T.);
#2612=CARTESIAN_POINT('',(-15.5,38.5,-15.5));
#2613=DIRECTION('',(1.0931426704002E-15,0.,-1.));
#2614=DIRECTION('',(-8.8817841970013E-16,1.,0.));
#2615=AXIS2_PLACEMENT_3D('',#2612,#2614,#2613);
#2616=CYLINDRICAL_SURFACE('',#2615,3.25);
#2617=CARTESIAN_POINT('',(-15.5,38.5,-12.25));
#2618=VERTEX_POINT('',#2617);
#2619=CARTESIAN_POINT('',(-15.5,38.5,-18.75));
#2620=VERTEX_POINT('',#2619);
#2621=CARTESIAN_POINT('',(-15.5,38.5,-15.5));
#2622=DIRECTION('',(-5.4657133520008E-16,0.,1.));
#2623=DIRECTION('',(-1.3195399302444E-15,-1.,1.3195399302444E-15));
#2624=AXIS2_PLACEMENT_3D('',#2621,#2623,#2622);
#2625=CIRCLE('',#2624,3.25);
#2626=EDGE_CURVE('',#2618,#2620,#2625,.T.);
#2627=ORIENTED_EDGE('',*,*,#2626,.T.);
#2628=CARTESIAN_POINT('',(-15.5,40.5,-18.75));
#2629=VERTEX_POINT('',#2628);
#2630=CARTESIAN_POINT('',(-15.5,38.5,-18.75));
#2631=DIRECTION('',(0.,1.,0.));
#2632=VECTOR('',#2631,2.);
#2633=LINE('',#2630,#2632);
#2634=EDGE_CURVE('',#2620,#2629,#2633,.T.);
#2635=ORIENTED_EDGE('',*,*,#2634,.T.);
#2636=CARTESIAN_POINT('',(-15.5,40.5,-12.25));
#2637=VERTEX_POINT('',#2636);
#2638=CARTESIAN_POINT('',(-15.5,40.5,-15.5));
#2639=DIRECTION('',(0.,0.,-1.));
#2640=DIRECTION('',(-6.597699651222E-16,1.,-6.597699651222E-16));
#2641=AXIS2_PLACEMENT_3D('',#2638,#2640,#2639);
#2642=CIRCLE('',#2641,3.25);
#2643=EDGE_CURVE('',#2629,#2637,#2642,.T.);
#2644=ORIENTED_EDGE('',*,*,#2643,.T.);
#2645=CARTESIAN_POINT('',(-15.5,40.5,-12.25));
#2646=DIRECTION('',(0.,-1.,0.));
#2647=VECTOR('',#2646,2.);
#2648=LINE('',#2645,#2647);
#2649=EDGE_CURVE('',#2637,#2618,#2648,.T.);
#2650=ORIENTED_EDGE('',*,*,#2649,.T.);
#2651=EDGE_LOOP('',(#2627,#2635,#2644,#2650));
#2652=FACE_OUTER_BOUND('',#2651,.T.);
#2653=ADVANCED_FACE('',(#2652),#2616,.F.);
#2654=CARTESIAN_POINT('',(-1.7763568394003E-15,38.5,-2.6645352591004E-15));
#2655=DIRECTION('',(-1.4653328896263E-07,0.,-0.99999999999999));
#2656=DIRECTION('',(0.,1.,0.));
#2657=AXIS2_PLACEMENT_3D('',#2654,#2656,#2655);
#2658=CYLINDRICAL_SURFACE('',#2657,4.5);
#2659=CARTESIAN_POINT('',(0.,38.5,4.5));
#2660=VERTEX_POINT('',#2659);
#2661=CARTESIAN_POINT('',(5.5109105961631E-16,38.5,-4.5));
#2662=VERTEX_POINT('',#2661);
#2663=CARTESIAN_POINT('',(-8.8817841970013E-16,38.5,1.3322676295502E-15));
#2664=DIRECTION('',(-4.7556377673887E-17,0.,1.));
#2665=DIRECTION('',(-9.5300106073206E-16,-1.,9.5300106073206E-16));
#2666=AXIS2_PLACEMENT_3D('',#2663,#2665,#2664);
#2667=CIRCLE('',#2666,4.5);
#2668=EDGE_CURVE('',#2660,#2662,#2667,.T.);
#2669=ORIENTED_EDGE('',*,*,#2668,.T.);
#2670=CARTESIAN_POINT('',(5.5109105961631E-16,40.5,-4.5));
#2671=VERTEX_POINT('',#2670);
#2672=CARTESIAN_POINT('',(5.5109105961631E-16,38.5,-4.5));
#2673=DIRECTION('',(0.,1.,0.));
#2674=VECTOR('',#2673,2.);
#2675=LINE('',#2672,#2674);
#2676=EDGE_CURVE('',#2662,#2671,#2675,.T.);
#2677=ORIENTED_EDGE('',*,*,#2676,.T.);
#2678=CARTESIAN_POINT('',(0.,40.5,4.5));
#2679=VERTEX_POINT('',#2678);
#2680=CARTESIAN_POINT('',(-8.8817841970013E-16,40.5,-8.8817841970013E-16));
#2681=DIRECTION('',(3.1983766207032E-16,0.,-1.));
#2682=DIRECTION('',(-4.7650053036603E-16,1.,-4.7650053036603E-16));
#2683=AXIS2_PLACEMENT_3D('',#2680,#2682,#2681);
#2684=CIRCLE('',#2683,4.5);
#2685=EDGE_CURVE('',#2671,#2679,#2684,.T.);
#2686=ORIENTED_EDGE('',*,*,#2685,.T.);
#2687=CARTESIAN_POINT('',(0.,40.5,4.5));
#2688=DIRECTION('',(0.,-1.,0.));
#2689=VECTOR('',#2688,2.);
#2690=LINE('',#2687,#2689);
#2691=EDGE_CURVE('',#2679,#2660,#2690,.T.);
#2692=ORIENTED_EDGE('',*,*,#2691,.T.);
#2693=EDGE_LOOP('',(#2669,#2677,#2686,#2692));
#2694=FACE_OUTER_BOUND('',#2693,.T.);
#2695=ADVANCED_FACE('',(#2694),#2658,.F.);
#2696=CARTESIAN_POINT('',(-15.5,39.5,-15.5));
#2697=DIRECTION('',(2.3602438581883E-14,-6.8555211105191E-15,1.));
#2698=DIRECTION('',(-4.4396561327576E-15,-1.,-6.855521110519E-15));
#2699=AXIS2_PLACEMENT_3D('',#2696,#2698,#2697);
#2700=TOROIDAL_SURFACE('',#2699,1.75,0.5);
#2701=ORIENTED_EDGE('',*,*,#2584,.F.);
#2702=CARTESIAN_POINT('',(-15.5,40.,-17.25));
#2703=VERTEX_POINT('',#2702);
#2704=CARTESIAN_POINT('',(-15.5,39.5,-17.25));
#2705=DIRECTION('',(0.,-1.4210854715202E-14,-1.));
#2706=DIRECTION('',(1.,2.1442523866471E-15,-2.1442523866471E-15));
#2707=AXIS2_PLACEMENT_3D('',#2704,#2706,#2705);
#2708=CIRCLE('',#2707,0.5);
#2709=EDGE_CURVE('',#2576,#2703,#2708,.T.);
#2710=ORIENTED_EDGE('',*,*,#2709,.T.);
#2711=CARTESIAN_POINT('',(-15.175644167766,40.,-17.219678253074));
#2712=VERTEX_POINT('',#2711);
#2713=CARTESIAN_POINT('',(-15.5,40.,-15.5));
#2714=DIRECTION('',(-5.0753052554295E-15,1.1774708192597E-13,-1.));
#2715=DIRECTION('',(1.0881916623477E-14,-1.,-1.164053354619E-13));
#2716=AXIS2_PLACEMENT_3D('',#2713,#2715,#2714);
#2717=CIRCLE('',#2716,1.7499999999999);
#2718=EDGE_CURVE('',#2703,#2712,#2717,.T.);
#2719=ORIENTED_EDGE('',*,*,#2718,.T.);
#2720=CARTESIAN_POINT('',(-13.780443371098,40.,-15.825));
#2721=VERTEX_POINT('',#2720);
#2722=CARTESIAN_POINT('',(-15.5,40.,-15.5));
#2723=DIRECTION('',(0.18534618984811,-4.0602442043434E-15,-0.98267328747086));
#2724=DIRECTION('',(1.0311852264696E-15,-1.,-1.0315715802632E-15));
#2725=AXIS2_PLACEMENT_3D('',#2722,#2724,#2723);
#2726=CIRCLE('',#2725,1.75);
#2727=EDGE_CURVE('',#2712,#2721,#2726,.T.);
#2728=ORIENTED_EDGE('',*,*,#2727,.T.);
#2729=CARTESIAN_POINT('',(-13.780443371098,40.,-15.175));
#2730=VERTEX_POINT('',#2729);
#2731=CARTESIAN_POINT('',(-15.5,40.,-15.5));
#2732=DIRECTION('',(0.98260378794386,1.6240976817374E-14,-0.18571428571429));
#2733=DIRECTION('',(1.2763962879305E-14,-1.,0.));
#2734=AXIS2_PLACEMENT_3D('',#2731,#2733,#2732);
#2735=CIRCLE('',#2734,1.75);
#2736=EDGE_CURVE('',#2721,#2730,#2735,.T.);
#2737=ORIENTED_EDGE('',*,*,#2736,.T.);
#2738=CARTESIAN_POINT('',(-15.5,40.,-15.5));
#2739=DIRECTION('',(0.98260378794387,-4.0602442043434E-15,0.18571428571429));
#2740=DIRECTION('',(-2.0623704529392E-15,-1.,-2.0631431605264E-15));
#2741=AXIS2_PLACEMENT_3D('',#2738,#2740,#2739);
#2742=CIRCLE('',#2741,1.75);
#2743=EDGE_CURVE('',#2730,#2301,#2742,.T.);
#2744=ORIENTED_EDGE('',*,*,#2743,.T.);
#2745=ORIENTED_EDGE('',*,*,#2307,.F.);
#2746=CARTESIAN_POINT('',(-15.5,39.5,-13.75));
#2747=DIRECTION('',(-3.5527136788005E-15,1.,3.5527136788005E-15));
#2748=DIRECTION('',(1.,2.1442523866472E-15,2.1442523866472E-15));
#2749=AXIS2_PLACEMENT_3D('',#2746,#2748,#2747);
#2750=CIRCLE('',#2749,0.5);
#2751=EDGE_CURVE('',#2293,#2578,#2750,.T.);
#2752=ORIENTED_EDGE('',*,*,#2751,.T.);
#2753=EDGE_LOOP('',(#2701,#2710,#2719,#2728,#2737,#2744,#2745,#2752));
#2754=FACE_OUTER_BOUND('',#2753,.T.);
#2755=ADVANCED_FACE('',(#2754),#2700,.T.);
#2756=CARTESIAN_POINT('',(15.5,39.5,-15.5));
#2757=DIRECTION('',(-1.4824858539773E-14,-4.5703474070125E-15,1.));
#2758=DIRECTION('',(-8.8793122655153E-15,-1.,-4.5703474070127E-15));
#2759=AXIS2_PLACEMENT_3D('',#2756,#2758,#2757);
#2760=TOROIDAL_SURFACE('',#2759,1.75,0.5);
#2761=ORIENTED_EDGE('',*,*,#2416,.F.);
#2762=CARTESIAN_POINT('',(15.5,40.,-17.25));
#2763=VERTEX_POINT('',#2762);
#2764=CARTESIAN_POINT('',(15.5,39.5,-17.25));
#2765=DIRECTION('',(3.5527136788005E-15,0.,-1.));
#2766=DIRECTION('',(1.,0.,-0.));
#2767=AXIS2_PLACEMENT_3D('',#2764,#2766,#2765);
#2768=CIRCLE('',#2767,0.5);
#2769=EDGE_CURVE('',#2408,#2763,#2768,.T.);
#2770=ORIENTED_EDGE('',*,*,#2769,.T.);
#2771=CARTESIAN_POINT('',(15.825,40.,-17.219556628902));
#2772=VERTEX_POINT('',#2771);
#2773=CARTESIAN_POINT('',(15.5,40.,-15.5));
#2774=DIRECTION('',(9.1355494597718E-15,-5.6843418860802E-14,-1.));
#2775=DIRECTION('',(-5.4300313783105E-15,-1.,5.7968619580804E-14));
#2776=AXIS2_PLACEMENT_3D('',#2773,#2775,#2774);
#2777=CIRCLE('',#2776,1.7500000000002);
#2778=EDGE_CURVE('',#2763,#2772,#2777,.T.);
#2779=ORIENTED_EDGE('',*,*,#2778,.T.);
#2780=CARTESIAN_POINT('',(17.219678253074,40.,-15.824355832234));
#2781=VERTEX_POINT('',#2780);
#2782=CARTESIAN_POINT('',(15.5,40.,-15.5));
#2783=DIRECTION('',(0.18571428571429,-4.0602442043434E-15,-0.98260378794386));
#2784=DIRECTION('',(1.0315715802632E-15,-1.,-1.0311852264696E-15));
#2785=AXIS2_PLACEMENT_3D('',#2782,#2784,#2783);
#2786=CIRCLE('',#2785,1.75);
#2787=EDGE_CURVE('',#2772,#2781,#2786,.T.);
#2788=ORIENTED_EDGE('',*,*,#2787,.T.);
#2789=CARTESIAN_POINT('',(17.219678253074,40.,-15.175644167766));
#2790=VERTEX_POINT('',#2789);
#2791=CARTESIAN_POINT('',(15.5,40.,-15.5));
#2792=DIRECTION('',(0.98267328747086,0.,-0.1853461898481));
#2793=DIRECTION('',(-0.,-1.,0.));
#2794=AXIS2_PLACEMENT_3D('',#2791,#2793,#2792);
#2795=CIRCLE('',#2794,1.75);
#2796=EDGE_CURVE('',#2781,#2790,#2795,.T.);
#2797=ORIENTED_EDGE('',*,*,#2796,.T.);
#2798=CARTESIAN_POINT('',(15.825,40.,-13.780443371098));
#2799=VERTEX_POINT('',#2798);
#2800=CARTESIAN_POINT('',(15.5,40.,-15.5));
#2801=DIRECTION('',(0.98267328747086,-4.0602442043434E-15,0.18534618984811));
#2802=DIRECTION('',(-2.0631431605264E-15,-1.,-2.0623704529392E-15));
#2803=AXIS2_PLACEMENT_3D('',#2800,#2802,#2801);
#2804=CIRCLE('',#2803,1.75);
#2805=EDGE_CURVE('',#2790,#2799,#2804,.T.);
#2806=ORIENTED_EDGE('',*,*,#2805,.T.);
#2807=CARTESIAN_POINT('',(15.5,40.,-13.75));
#2808=VERTEX_POINT('',#2807);
#2809=CARTESIAN_POINT('',(15.5,40.,-15.5));
#2810=DIRECTION('',(0.18571428571428,1.7459050078677E-13,0.98260378794387));
#2811=DIRECTION('',(1.629009413493E-14,-1.,1.739058587424E-13));
#2812=AXIS2_PLACEMENT_3D('',#2809,#2811,#2810);
#2813=CIRCLE('',#2812,1.75);
#2814=EDGE_CURVE('',#2799,#2808,#2813,.T.);
#2815=ORIENTED_EDGE('',*,*,#2814,.T.);
#2816=CARTESIAN_POINT('',(15.5,39.5,-13.75));
#2817=DIRECTION('',(3.5527136788005E-15,1.,0.));
#2818=DIRECTION('',(1.,0.,0.));
#2819=AXIS2_PLACEMENT_3D('',#2816,#2818,#2817);
#2820=CIRCLE('',#2819,0.5);
#2821=EDGE_CURVE('',#2808,#2410,#2820,.T.);
#2822=ORIENTED_EDGE('',*,*,#2821,.T.);
#2823=EDGE_LOOP('',(#2761,#2770,#2779,#2788,#2797,#2806,#2815,#2822));
#2824=FACE_OUTER_BOUND('',#2823,.T.);
#2825=ADVANCED_FACE('',(#2824),#2760,.T.);
#2826=CARTESIAN_POINT('',(-15.5,39.5,15.5));
#2827=DIRECTION('',(1.8441272776728E-14,-4.5703474070127E-15,1.));
#2828=DIRECTION('',(3.0436156341566E-29,-1.,-4.5703474070127E-15));
#2829=AXIS2_PLACEMENT_3D('',#2826,#2828,#2827);
#2830=TOROIDAL_SURFACE('',#2829,1.75,0.50000000000001);
#2831=ORIENTED_EDGE('',*,*,#2332,.F.);
#2832=CARTESIAN_POINT('',(-15.5,40.,13.75));
#2833=VERTEX_POINT('',#2832);
#2834=CARTESIAN_POINT('',(-15.5,39.5,13.75));
#2835=DIRECTION('',(-3.5527136788005E-15,0.,-1.));
#2836=DIRECTION('',(1.,0.,-0.));
#2837=AXIS2_PLACEMENT_3D('',#2834,#2836,#2835);
#2838=CIRCLE('',#2837,0.5);
#2839=EDGE_CURVE('',#2324,#2833,#2838,.T.);
#2840=ORIENTED_EDGE('',*,*,#2839,.T.);
#2841=CARTESIAN_POINT('',(-15.175,40.,13.780443371098));
#2842=VERTEX_POINT('',#2841);
#2843=CARTESIAN_POINT('',(-15.5,40.,15.5));
#2844=DIRECTION('',(7.1054273576006E-15,1.7459050078676E-13,-1.));
#2845=DIRECTION('',(1.629009413493E-14,-1.,-1.7390585874239E-13));
#2846=AXIS2_PLACEMENT_3D('',#2843,#2845,#2844);
#2847=CIRCLE('',#2846,1.7500000000001);
#2848=EDGE_CURVE('',#2833,#2842,#2847,.T.);
#2849=ORIENTED_EDGE('',*,*,#2848,.T.);
#2850=CARTESIAN_POINT('',(-13.780321746926,40.,15.175644167766));
#2851=VERTEX_POINT('',#2850);
#2852=CARTESIAN_POINT('',(-15.5,40.,15.5));
#2853=DIRECTION('',(0.1857142857143,-4.0602442043434E-15,-0.98260378794386));
#2854=DIRECTION('',(-2.0631431605264E-15,-1.,2.0623704529392E-15));
#2855=AXIS2_PLACEMENT_3D('',#2852,#2854,#2853);
#2856=CIRCLE('',#2855,1.75);
#2857=EDGE_CURVE('',#2842,#2851,#2856,.T.);
#2858=ORIENTED_EDGE('',*,*,#2857,.T.);
#2859=CARTESIAN_POINT('',(-13.780321746926,40.,15.824355832234));
#2860=VERTEX_POINT('',#2859);
#2861=CARTESIAN_POINT('',(-15.5,40.,15.5));
#2862=DIRECTION('',(0.98267328747086,4.0602442043434E-14,-0.18534618984809));
#2863=DIRECTION('',(4.5768430960415E-14,-1.,5.0130786799883E-28));
#2864=AXIS2_PLACEMENT_3D('',#2861,#2863,#2862);
#2865=CIRCLE('',#2864,1.75);
#2866=EDGE_CURVE('',#2851,#2860,#2865,.T.);
#2867=ORIENTED_EDGE('',*,*,#2866,.T.);
#2868=CARTESIAN_POINT('',(-15.175,40.,17.219556628902));
#2869=VERTEX_POINT('',#2868);
#2870=CARTESIAN_POINT('',(-15.5,40.,15.5));
#2871=DIRECTION('',(0.98267328747086,-4.0602442043434E-15,0.18534618984811));
#2872=DIRECTION('',(-0.,-1.,0.));
#2873=AXIS2_PLACEMENT_3D('',#2870,#2872,#2871);
#2874=CIRCLE('',#2873,1.75);
#2875=EDGE_CURVE('',#2860,#2869,#2874,.T.);
#2876=ORIENTED_EDGE('',*,*,#2875,.T.);
#2877=CARTESIAN_POINT('',(-15.5,40.,17.25));
#2878=VERTEX_POINT('',#2877);
#2879=CARTESIAN_POINT('',(-15.5,40.,15.5));
#2880=DIRECTION('',(0.18571428571427,0.,0.98260378794387));
#2881=DIRECTION('',(-0.,-1.,0.));
#2882=AXIS2_PLACEMENT_3D('',#2879,#2881,#2880);
#2883=CIRCLE('',#2882,1.7500000000001);
#2884=EDGE_CURVE('',#2869,#2878,#2883,.T.);
#2885=ORIENTED_EDGE('',*,*,#2884,.T.);
#2886=CARTESIAN_POINT('',(-15.5,39.5,17.25));
#2887=DIRECTION('',(-3.5527136788005E-15,1.,0.));
#2888=DIRECTION('',(1.,0.,0.));
#2889=AXIS2_PLACEMENT_3D('',#2886,#2888,#2887);
#2890=CIRCLE('',#2889,0.5);
#2891=EDGE_CURVE('',#2878,#2326,#2890,.T.);
#2892=ORIENTED_EDGE('',*,*,#2891,.T.);
#2893=EDGE_LOOP('',(#2831,#2840,#2849,#2858,#2867,#2876,#2885,#2892));
#2894=FACE_OUTER_BOUND('',#2893,.T.);
#2895=ADVANCED_FACE('',(#2894),#2830,.T.);
#2896=CARTESIAN_POINT('',(15.5,39.5,15.5));
#2897=DIRECTION('',(3.7720785225126E-14,-9.1406948140254E-15,1.));
#2898=DIRECTION('',(1.4203539626064E-28,-1.,-9.1406948140254E-15));
#2899=AXIS2_PLACEMENT_3D('',#2896,#2898,#2897);
#2900=TOROIDAL_SURFACE('',#2899,1.75,0.49999999999998);
#2901=ORIENTED_EDGE('',*,*,#2374,.F.);
#2902=CARTESIAN_POINT('',(15.5,40.,13.75));
#2903=VERTEX_POINT('',#2902);
#2904=CARTESIAN_POINT('',(15.5,39.5,13.75));
#2905=DIRECTION('',(3.5527136788005E-15,0.,-1.));
#2906=DIRECTION('',(1.,-2.1442523866472E-15,2.1442523866472E-15));
#2907=AXIS2_PLACEMENT_3D('',#2904,#2906,#2905);
#2908=CIRCLE('',#2907,0.5);
#2909=EDGE_CURVE('',#2366,#2903,#2908,.T.);
#2910=ORIENTED_EDGE('',*,*,#2909,.T.);
#2911=CARTESIAN_POINT('',(15.824355832234,40.,13.780321746926));
#2912=VERTEX_POINT('',#2911);
#2913=CARTESIAN_POINT('',(15.5,40.,15.5));
#2914=DIRECTION('',(-3.0451831532576E-15,1.1774708192596E-13,-1.));
#2915=DIRECTION('',(1.0881916623477E-14,-1.,-1.164053354619E-13));
#2916=AXIS2_PLACEMENT_3D('',#2913,#2915,#2914);
#2917=CIRCLE('',#2916,1.75);
#2918=EDGE_CURVE('',#2903,#2912,#2917,.T.);
#2919=ORIENTED_EDGE('',*,*,#2918,.T.);
#2920=CARTESIAN_POINT('',(17.219556628902,40.,15.175));
#2921=VERTEX_POINT('',#2920);
#2922=CARTESIAN_POINT('',(15.5,40.,15.5));
#2923=DIRECTION('',(0.1853461898481,-4.0602442043434E-15,-0.98267328747086));
#2924=DIRECTION('',(0.,-1.,0.));
#2925=AXIS2_PLACEMENT_3D('',#2922,#2924,#2923);
#2926=CIRCLE('',#2925,1.75);
#2927=EDGE_CURVE('',#2912,#2921,#2926,.T.);
#2928=ORIENTED_EDGE('',*,*,#2927,.T.);
#2929=CARTESIAN_POINT('',(17.219556628902,40.,15.825));
#2930=VERTEX_POINT('',#2929);
#2931=CARTESIAN_POINT('',(15.5,40.,15.5));
#2932=DIRECTION('',(0.98260378794387,4.0602442043433E-14,-0.18571428571428));
#2933=DIRECTION('',(4.5585581711806E-14,-1.,0.));
#2934=AXIS2_PLACEMENT_3D('',#2931,#2933,#2932);
#2935=CIRCLE('',#2934,1.7500000000001);
#2936=EDGE_CURVE('',#2921,#2930,#2935,.T.);
#2937=ORIENTED_EDGE('',*,*,#2936,.T.);
#2938=CARTESIAN_POINT('',(15.5,40.,15.5));
#2939=DIRECTION('',(0.98260378794387,0.,0.18571428571428));
#2940=DIRECTION('',(4.1247409058785E-15,-1.,4.1262863210527E-15));
#2941=AXIS2_PLACEMENT_3D('',#2938,#2940,#2939);
#2942=CIRCLE('',#2941,1.75);
#2943=EDGE_CURVE('',#2930,#2259,#2942,.T.);
#2944=ORIENTED_EDGE('',*,*,#2943,.T.);
#2945=ORIENTED_EDGE('',*,*,#2265,.F.);
#2946=CARTESIAN_POINT('',(15.5,39.5,17.25));
#2947=DIRECTION('',(0.,1.,-1.4210854715202E-14));
#2948=DIRECTION('',(1.,-2.1442523866471E-15,-2.1442523866471E-15));
#2949=AXIS2_PLACEMENT_3D('',#2946,#2948,#2947);
#2950=CIRCLE('',#2949,0.5);
#2951=EDGE_CURVE('',#2251,#2368,#2950,.T.);
#2952=ORIENTED_EDGE('',*,*,#2951,.T.);
#2953=EDGE_LOOP('',(#2901,#2910,#2919,#2928,#2937,#2944,#2945,#2952));
#2954=FACE_OUTER_BOUND('',#2953,.T.);
#2955=ADVANCED_FACE('',(#2954),#2900,.T.);
#2956=CARTESIAN_POINT('',(0.,-14.,0.));
#2957=DIRECTION('',(4.8485695723004E-17,-6.5627977841146E-17,1.));
#2958=DIRECTION('',(-4.8485695723004E-17,1.,6.5627977841146E-17));
#2959=AXIS2_PLACEMENT_3D('',#2956,#2958,#2957);
#2960=CONICAL_SURFACE('',#2959,0.,0.78539816339745);
#2961=CARTESIAN_POINT('',(4.336808689942E-16,-12.,2.));
#2962=VERTEX_POINT('',#2961);
#2963=CARTESIAN_POINT('',(2.7554552980815E-16,-12.,-2.));
#2964=VERTEX_POINT('',#2963);
#2965=CARTESIAN_POINT('',(-6.6613381477509E-16,-12.,-6.6613381477509E-16));
#2966=DIRECTION('',(3.177588223982E-16,0.,1.));
#2967=DIRECTION('',(5.3606309666179E-16,1.,5.3606309666179E-16));
#2968=AXIS2_PLACEMENT_3D('',#2965,#2967,#2966);
#2969=CIRCLE('',#2968,2.);
#2970=EDGE_CURVE('',#2962,#2964,#2969,.T.);
#2971=ORIENTED_EDGE('',*,*,#2970,.T.);
#2972=CARTESIAN_POINT('',(3.0616169978684E-16,-11.5,-2.5));
#2973=VERTEX_POINT('',#2972);
#2974=CARTESIAN_POINT('',(2.7554552980815E-16,-12.,-2.));
#2975=DIRECTION('',(4.3297802811775E-17,0.70710678118655,-0.70710678118655));
#2976=VECTOR('',#2975,0.70710678118655);
#2977=LINE('',#2974,#2976);
#2978=EDGE_CURVE('',#2964,#2973,#2977,.T.);
#2979=ORIENTED_EDGE('',*,*,#2978,.T.);
#2980=CARTESIAN_POINT('',(1.5,-11.5,2.));
#2981=VERTEX_POINT('',#2980);
#2982=CARTESIAN_POINT('',(-2.2204460492503E-16,-11.5,-4.4408920985006E-16));
#2983=DIRECTION('',(-2.2204460492503E-17,-7.105427357601E-16,-1.));
#2984=DIRECTION('',(-5.5025754255324E-16,-1.,7.6344155890283E-16));
#2985=AXIS2_PLACEMENT_3D('',#2982,#2984,#2983);
#2986=CIRCLE('',#2985,2.5);
#2987=EDGE_CURVE('',#2973,#2981,#2986,.T.);
#2988=ORIENTED_EDGE('',*,*,#2987,.T.);
#2989=CARTESIAN_POINT('',(1.5,-11.5,2.));
#2990=CARTESIAN_POINT('',(1.2704379919582,-11.637737204825,2.));
#2991=CARTESIAN_POINT('',(1.0338521984643,-11.760820405832,2.));
#2992=CARTESIAN_POINT('',(0.53055700048944,-11.944138716392,2.));
#2993=CARTESIAN_POINT('',(0.26935586567386,-12.,2.));
#2994=CARTESIAN_POINT('',(4.336808689942E-16,-12.,2.));
#2995=B_SPLINE_CURVE_WITH_KNOTS('',3,(#2989,#2990,#2991,#2992,#2993,#2994),.UNSPECIFIED.,.F.,.U.,(4,2,4),(4.2097466886153E-19,0.00079614201186027,0.0015922840237205),.UNSPECIFIED.);
#2996=EDGE_CURVE('',#2981,#2962,#2995,.T.);
#2997=ORIENTED_EDGE('',*,*,#2996,.T.);
#2998=EDGE_LOOP('',(#2971,#2979,#2988,#2997));
#2999=FACE_OUTER_BOUND('',#2998,.T.);
#3000=ADVANCED_FACE('',(#2999),#2960,.T.);
#3001=CARTESIAN_POINT('',(0.,41.1,0.));
#3002=DIRECTION('',(0.,0.,-1.));
#3003=DIRECTION('',(-0.,-1.,-0.));
#3004=AXIS2_PLACEMENT_3D('',#3001,#3003,#3002);
#3005=CONICAL_SURFACE('',#3004,0.,0.78539816339745);
#3006=CARTESIAN_POINT('',(0.,38.7,-2.4));
#3007=VERTEX_POINT('',#3006);
#3008=CARTESIAN_POINT('',(3.000384657911E-16,38.7,2.4));
#3009=VERTEX_POINT('',#3008);
#3010=CARTESIAN_POINT('',(2.2204460492503E-16,38.7,-2.2204460492503E-16));
#3011=DIRECTION('',(-9.5069932883654E-17,0.,-1.));
#3012=DIRECTION('',(0.,-1.,0.));
#3013=AXIS2_PLACEMENT_3D('',#3010,#3012,#3011);
#3014=CIRCLE('',#3013,2.4);
#3015=EDGE_CURVE('',#3007,#3009,#3014,.T.);
#3016=ORIENTED_EDGE('',*,*,#3015,.T.);
#3017=CARTESIAN_POINT('',(3.000384657911E-16,38.7,2.4));
#3018=DIRECTION('',(4.3297802811775E-17,-0.70710678118654,0.70710678118655));
#3019=VECTOR('',#3018,0.14142135623731);
#3020=LINE('',#3017,#3019);
#3021=EDGE_CURVE('',#3009,#80,#3020,.T.);
#3022=ORIENTED_EDGE('',*,*,#3021,.T.);
#3023=ORIENTED_EDGE('',*,*,#86,.F.);
#3024=CARTESIAN_POINT('',(0.,38.6,-2.5));
#3025=DIRECTION('',(0.,0.70710678118654,0.70710678118655));
#3026=VECTOR('',#3025,0.14142135623731);
#3027=LINE('',#3024,#3026);
#3028=EDGE_CURVE('',#78,#3007,#3027,.T.);
#3029=ORIENTED_EDGE('',*,*,#3028,.T.);
#3030=EDGE_LOOP('',(#3016,#3022,#3023,#3029));
#3031=FACE_OUTER_BOUND('',#3030,.T.);
#3032=ADVANCED_FACE('',(#3031),#3005,.T.);
#3033=CARTESIAN_POINT('',(0.,41.95,3.9443045261051E-31));
#3034=DIRECTION('',(1.9604320459332E-15,6.2807781007745E-16,-1.));
#3035=DIRECTION('',(-1.9604320459332E-15,-1.,-6.2807781007746E-16));
#3036=AXIS2_PLACEMENT_3D('',#3033,#3035,#3034);
#3037=CONICAL_SURFACE('',#3036,0.,0.78539816339745);
#3038=CARTESIAN_POINT('',(0.,41.2,-0.75));
#3039=VERTEX_POINT('',#3038);
#3040=CARTESIAN_POINT('',(1.2246467991474E-16,41.2,0.75));
#3041=VERTEX_POINT('',#3040);
#3042=CARTESIAN_POINT('',(-1.1102230246252E-16,41.2,1.1102230246252E-16));
#3043=DIRECTION('',(1.0720817664511E-16,0.,-1.));
#3044=DIRECTION('',(-2.8590031821962E-15,-1.,2.8590031821962E-15));
#3045=AXIS2_PLACEMENT_3D('',#3042,#3044,#3043);
#3046=CIRCLE('',#3045,0.75);
#3047=EDGE_CURVE('',#3039,#3041,#3046,.T.);
#3048=ORIENTED_EDGE('',*,*,#3047,.T.);
#3049=CARTESIAN_POINT('',(1.2246467991474E-16,41.2,0.75));
#3050=DIRECTION('',(4.3297802811775E-17,-0.70710678118655,0.70710678118655));
#3051=VECTOR('',#3050,0.70710678118655);
#3052=LINE('',#3049,#3051);
#3053=EDGE_CURVE('',#3041,#38,#3052,.T.);
#3054=ORIENTED_EDGE('',*,*,#3053,.T.);
#3055=ORIENTED_EDGE('',*,*,#44,.F.);
#3056=CARTESIAN_POINT('',(0.,40.7,-1.25));
#3057=DIRECTION('',(0.,0.70710678118655,0.70710678118655));
#3058=VECTOR('',#3057,0.70710678118655);
#3059=LINE('',#3056,#3058);
#3060=EDGE_CURVE('',#36,#3039,#3059,.T.);
#3061=ORIENTED_EDGE('',*,*,#3060,.T.);
#3062=EDGE_LOOP('',(#3048,#3054,#3055,#3061));
#3063=FACE_OUTER_BOUND('',#3062,.T.);
#3064=ADVANCED_FACE('',(#3063),#3037,.T.);
#3065=CARTESIAN_POINT('',(0.,41.95,3.9443045261051E-31));
#3066=DIRECTION('',(1.9604320459332E-15,6.2807781007745E-16,-1.));
#3067=DIRECTION('',(-1.9604320459332E-15,-1.,-6.2807781007746E-16));
#3068=AXIS2_PLACEMENT_3D('',#3065,#3067,#3066);
#3069=CONICAL_SURFACE('',#3068,0.,0.78539816339745);
#3070=ORIENTED_EDGE('',*,*,#3053,.F.);
#3071=CARTESIAN_POINT('',(0.,41.2,0.));
#3072=DIRECTION('',(-1.2246467991474E-16,0.,1.));
#3073=DIRECTION('',(2.8590031821962E-15,-1.,-2.8590031821962E-15));
#3074=AXIS2_PLACEMENT_3D('',#3071,#3073,#3072);
#3075=CIRCLE('',#3074,0.75);
#3076=EDGE_CURVE('',#3041,#3039,#3075,.T.);
#3077=ORIENTED_EDGE('',*,*,#3076,.T.);
#3078=ORIENTED_EDGE('',*,*,#3060,.F.);
#3079=CARTESIAN_POINT('',(-2.2204460492503E-16,40.7,-1.1102230246252E-16));
#3080=DIRECTION('',(-6.7293675889446E-17,0.,-1.));
#3081=DIRECTION('',(0.,1.,-0.));
#3082=AXIS2_PLACEMENT_3D('',#3079,#3081,#3080);
#3083=CIRCLE('',#3082,1.25);
#3084=EDGE_CURVE('',#36,#38,#3083,.T.);
#3085=ORIENTED_EDGE('',*,*,#3084,.T.);
#3086=EDGE_LOOP('',(#3070,#3077,#3078,#3085));
#3087=FACE_OUTER_BOUND('',#3086,.T.);
#3088=ADVANCED_FACE('',(#3087),#3069,.T.);
#3089=CARTESIAN_POINT('',(0.,41.1,0.));
#3090=DIRECTION('',(0.,0.,-1.));
#3091=DIRECTION('',(-0.,-1.,-0.));
#3092=AXIS2_PLACEMENT_3D('',#3089,#3091,#3090);
#3093=CONICAL_SURFACE('',#3092,0.,0.78539816339745);
#3094=ORIENTED_EDGE('',*,*,#3021,.F.);
#3095=CARTESIAN_POINT('',(2.2204460492503E-16,38.7,2.2204460492503E-16));
#3096=DIRECTION('',(-2.1498326530017E-16,0.,1.));
#3097=DIRECTION('',(0.,-1.,-0.));
#3098=AXIS2_PLACEMENT_3D('',#3095,#3097,#3096);
#3099=CIRCLE('',#3098,2.4);
#3100=EDGE_CURVE('',#3009,#3007,#3099,.T.);
#3101=ORIENTED_EDGE('',*,*,#3100,.T.);
#3102=ORIENTED_EDGE('',*,*,#3028,.F.);
#3103=CARTESIAN_POINT('',(-4.4408920985006E-16,38.6,-2.2204460492503E-16));
#3104=DIRECTION('',(-6.7293675889446E-17,0.,-1.));
#3105=DIRECTION('',(8.5770095465886E-16,1.,8.5770095465886E-16));
#3106=AXIS2_PLACEMENT_3D('',#3103,#3105,#3104);
#3107=CIRCLE('',#3106,2.5);
#3108=EDGE_CURVE('',#78,#80,#3107,.T.);
#3109=ORIENTED_EDGE('',*,*,#3108,.T.);
#3110=EDGE_LOOP('',(#3094,#3101,#3102,#3109));
#3111=FACE_OUTER_BOUND('',#3110,.T.);
#3112=ADVANCED_FACE('',(#3111),#3093,.T.);
#3113=CARTESIAN_POINT('',(-6.4921757386358,31.,21.));
#3114=DIRECTION('',(0.,0.,1.));
#3115=DIRECTION('',(1.,0.,-0.));
#3116=AXIS2_PLACEMENT_3D('',#3113,#3115,#3114);
#3117=PLANE('',#3116);
#3118=CARTESIAN_POINT('',(-6.4921757386358,31.85,25.5));
#3119=VERTEX_POINT('',#3118);
#3120=CARTESIAN_POINT('',(-6.4921757386358,31.85,21.166917988438));
#3121=VERTEX_POINT('',#3120);
#3122=CARTESIAN_POINT('',(-6.4921757386358,31.85,25.5));
#3123=DIRECTION('',(0.,0.,-1.));
#3124=VECTOR('',#3123,4.3330820115618);
#3125=LINE('',#3122,#3124);
#3126=EDGE_CURVE('',#3119,#3121,#3125,.T.);
#3127=ORIENTED_EDGE('',*,*,#3126,.T.);
#3128=CARTESIAN_POINT('',(-6.4921757386358,37.378330504382,21.166917988438));
#3129=VERTEX_POINT('',#3128);
#3130=CARTESIAN_POINT('',(-6.4921757386358,31.85,21.166917988438));
#3131=DIRECTION('',(0.,1.,0.));
#3132=VECTOR('',#3131,5.5283305043815);
#3133=LINE('',#3130,#3132);
#3134=EDGE_CURVE('',#3121,#3129,#3133,.T.);
#3135=ORIENTED_EDGE('',*,*,#3134,.T.);
#3136=CARTESIAN_POINT('',(-6.4921757386358,37.378330504382,25.5));
#3137=VERTEX_POINT('',#3136);
#3138=CARTESIAN_POINT('',(-6.4921757386358,37.378330504382,21.166917988438));
#3139=DIRECTION('',(0.,0.,1.));
#3140=VECTOR('',#3139,4.3330820115618);
#3141=LINE('',#3138,#3140);
#3142=EDGE_CURVE('',#3129,#3137,#3141,.T.);
#3143=ORIENTED_EDGE('',*,*,#3142,.T.);
#3144=CARTESIAN_POINT('',(-6.4921757386358,37.378330504382,25.5));
#3145=DIRECTION('',(0.,-1.,0.));
#3146=VECTOR('',#3145,5.5283305043815);
#3147=LINE('',#3144,#3146);
#3148=EDGE_CURVE('',#3137,#3119,#3147,.T.);
#3149=ORIENTED_EDGE('',*,*,#3148,.T.);
#3150=EDGE_LOOP('',(#3127,#3135,#3143,#3149));
#3151=FACE_OUTER_BOUND('',#3150,.T.);
#3152=ADVANCED_FACE('',(#3151),#3117,.T.);
#3153=CARTESIAN_POINT('',(6.7283402909553,31.,21.));
#3154=DIRECTION('',(0.,0.,-1.));
#3155=DIRECTION('',(-1.,-0.,-0.));
#3156=AXIS2_PLACEMENT_3D('',#3153,#3155,#3154);
#3157=PLANE('',#3156);
#3158=CARTESIAN_POINT('',(6.7283402909553,31.848639474674,21.166917988438));
#3159=VERTEX_POINT('',#3158);
#3160=CARTESIAN_POINT('',(6.7283402909553,31.848639474674,25.5));
#3161=VERTEX_POINT('',#3160);
#3162=CARTESIAN_POINT('',(6.7283402909553,31.848639474674,21.166917988438));
#3163=DIRECTION('',(0.,0.,1.));
#3164=VECTOR('',#3163,4.3330820115618);
#3165=LINE('',#3162,#3164);
#3166=EDGE_CURVE('',#3159,#3161,#3165,.T.);
#3167=ORIENTED_EDGE('',*,*,#3166,.T.);
#3168=CARTESIAN_POINT('',(6.7283402909553,37.378330504382,25.5));
#3169=VERTEX_POINT('',#3168);
#3170=CARTESIAN_POINT('',(6.7283402909553,31.848639474674,25.5));
#3171=DIRECTION('',(0.,1.,0.));
#3172=VECTOR('',#3171,5.5296910297074);
#3173=LINE('',#3170,#3172);
#3174=EDGE_CURVE('',#3161,#3169,#3173,.T.);
#3175=ORIENTED_EDGE('',*,*,#3174,.T.);
#3176=CARTESIAN_POINT('',(6.7283402909553,37.378330504382,21.166917988438));
#3177=VERTEX_POINT('',#3176);
#3178=CARTESIAN_POINT('',(6.7283402909553,37.378330504382,25.5));
#3179=DIRECTION('',(0.,0.,-1.));
#3180=VECTOR('',#3179,4.3330820115618);
#3181=LINE('',#3178,#3180);
#3182=EDGE_CURVE('',#3169,#3177,#3181,.T.);
#3183=ORIENTED_EDGE('',*,*,#3182,.T.);
#3184=CARTESIAN_POINT('',(6.7283402909553,37.378330504382,21.166917988438));
#3185=DIRECTION('',(0.,-1.,0.));
#3186=VECTOR('',#3185,5.5296910297074);
#3187=LINE('',#3184,#3186);
#3188=EDGE_CURVE('',#3177,#3159,#3187,.T.);
#3189=ORIENTED_EDGE('',*,*,#3188,.T.);
#3190=EDGE_LOOP('',(#3167,#3175,#3183,#3189));
#3191=FACE_OUTER_BOUND('',#3190,.T.);
#3192=ADVANCED_FACE('',(#3191),#3157,.T.);
#3193=CARTESIAN_POINT('',(-11.5,0.,24.5));
#3194=DIRECTION('',(1.,0.,0.));
#3195=DIRECTION('',(0.,0.,1.));
#3196=AXIS2_PLACEMENT_3D('',#3193,#3195,#3194);
#3197=PLANE('',#3196);
#3198=CARTESIAN_POINT('',(-5.295689803207,34.011077699702,24.5));
#3199=VERTEX_POINT('',#3198);
#3200=CARTESIAN_POINT('',(-5.295689803207,34.93203717246,24.5));
#3201=VERTEX_POINT('',#3200);
#3202=CARTESIAN_POINT('',(-5.295689803207,34.011077699702,24.5));
#3203=DIRECTION('',(0.,1.,0.));
#3204=VECTOR('',#3203,0.92095947275794);
#3205=LINE('',#3202,#3204);
#3206=EDGE_CURVE('',#3199,#3201,#3205,.T.);
#3207=ORIENTED_EDGE('',*,*,#3206,.T.);
#3208=CARTESIAN_POINT('',(-6.0003257566896,34.93203717246,24.5));
#3209=VERTEX_POINT('',#3208);
#3210=CARTESIAN_POINT('',(-5.295689803207,34.93203717246,24.5));
#3211=DIRECTION('',(-1.,0.,0.));
#3212=VECTOR('',#3211,0.70463595348258);
#3213=LINE('',#3210,#3212);
#3214=EDGE_CURVE('',#3201,#3209,#3213,.T.);
#3215=ORIENTED_EDGE('',*,*,#3214,.T.);
#3216=CARTESIAN_POINT('',(-6.0003257566896,34.011077699702,24.5));
#3217=VERTEX_POINT('',#3216);
#3218=CARTESIAN_POINT('',(-6.0003257566896,34.93203717246,24.5));
#3219=DIRECTION('',(0.,-1.,0.));
#3220=VECTOR('',#3219,0.92095947275794);
#3221=LINE('',#3218,#3220);
#3222=EDGE_CURVE('',#3209,#3217,#3221,.T.);
#3223=ORIENTED_EDGE('',*,*,#3222,.T.);
#3224=CARTESIAN_POINT('',(-6.0003257566896,34.011077699702,24.5));
#3225=DIRECTION('',(1.,0.,0.));
#3226=VECTOR('',#3225,0.70463595348258);
#3227=LINE('',#3224,#3226);
#3228=EDGE_CURVE('',#3217,#3199,#3227,.T.);
#3229=ORIENTED_EDGE('',*,*,#3228,.T.);
#3230=EDGE_LOOP('',(#3207,#3215,#3223,#3229));
#3231=FACE_OUTER_BOUND('',#3230,.T.);
#3232=ADVANCED_FACE('',(#3231),#3197,.T.);
#3233=CARTESIAN_POINT('',(-5.295689803207,34.011077699702,24.5));
#3234=DIRECTION('',(0.,0.,1.));
#3235=DIRECTION('',(0.,-1.,0.));
#3236=AXIS2_PLACEMENT_3D('',#3233,#3235,#3234);
#3237=PLANE('',#3236);
#3238=CARTESIAN_POINT('',(-6.0003257566896,34.011077699702,21.));
#3239=VERTEX_POINT('',#3238);
#3240=CARTESIAN_POINT('',(-5.295689803207,34.011077699702,21.));
#3241=VERTEX_POINT('',#3240);
#3242=CARTESIAN_POINT('',(-6.0003257566896,34.011077699702,21.));
#3243=DIRECTION('',(1.,0.,0.));
#3244=VECTOR('',#3243,0.70463595348258);
#3245=LINE('',#3242,#3244);
#3246=EDGE_CURVE('',#3239,#3241,#3245,.T.);
#3247=ORIENTED_EDGE('',*,*,#3246,.T.);
#3248=CARTESIAN_POINT('',(-5.295689803207,34.011077699702,21.));
#3249=DIRECTION('',(0.,0.,1.));
#3250=VECTOR('',#3249,3.5);
#3251=LINE('',#3248,#3250);
#3252=EDGE_CURVE('',#3241,#3199,#3251,.T.);
#3253=ORIENTED_EDGE('',*,*,#3252,.T.);
#3254=ORIENTED_EDGE('',*,*,#3228,.F.);
#3255=CARTESIAN_POINT('',(-6.0003257566896,34.011077699702,24.5));
#3256=DIRECTION('',(7.6129578831439E-16,0.,-1.));
#3257=VECTOR('',#3256,3.5);
#3258=LINE('',#3255,#3257);
#3259=EDGE_CURVE('',#3217,#3239,#3258,.T.);
#3260=ORIENTED_EDGE('',*,*,#3259,.T.);
#3261=EDGE_LOOP('',(#3247,#3253,#3254,#3260));
#3262=FACE_OUTER_BOUND('',#3261,.T.);
#3263=ADVANCED_FACE('',(#3262),#3237,.T.);
#3264=CARTESIAN_POINT('',(-6.0003257566896,34.011077699702,24.5));
#3265=DIRECTION('',(0.,0.,-1.));
#3266=DIRECTION('',(-1.,-0.,-0.));
#3267=AXIS2_PLACEMENT_3D('',#3264,#3266,#3265);
#3268=PLANE('',#3267);
#3269=CARTESIAN_POINT('',(-6.0003257566896,34.93203717246,21.));
#3270=VERTEX_POINT('',#3269);
#3271=CARTESIAN_POINT('',(-6.0003257566896,34.93203717246,21.));
#3272=DIRECTION('',(3.8576221689337E-15,-1.,0.));
#3273=VECTOR('',#3272,0.92095947275794);
#3274=LINE('',#3271,#3273);
#3275=EDGE_CURVE('',#3270,#3239,#3274,.T.);
#3276=ORIENTED_EDGE('',*,*,#3275,.T.);
#3277=ORIENTED_EDGE('',*,*,#3259,.F.);
#3278=ORIENTED_EDGE('',*,*,#3222,.F.);
#3279=CARTESIAN_POINT('',(-6.0003257566896,34.93203717246,24.5));
#3280=DIRECTION('',(-2.5376526277146E-16,0.,-1.));
#3281=VECTOR('',#3280,3.5);
#3282=LINE('',#3279,#3281);
#3283=EDGE_CURVE('',#3209,#3270,#3282,.T.);
#3284=ORIENTED_EDGE('',*,*,#3283,.T.);
#3285=EDGE_LOOP('',(#3276,#3277,#3278,#3284));
#3286=FACE_OUTER_BOUND('',#3285,.T.);
#3287=ADVANCED_FACE('',(#3286),#3268,.T.);
#3288=CARTESIAN_POINT('',(-5.295689803207,34.93203717246,24.5));
#3289=DIRECTION('',(0.,0.,-1.));
#3290=DIRECTION('',(0.,1.,0.));
#3291=AXIS2_PLACEMENT_3D('',#3288,#3290,#3289);
#3292=PLANE('',#3291);
#3293=CARTESIAN_POINT('',(-5.295689803207,34.93203717246,21.));
#3294=VERTEX_POINT('',#3293);
#3295=CARTESIAN_POINT('',(-5.295689803207,34.93203717246,21.));
#3296=DIRECTION('',(-1.,0.,0.));
#3297=VECTOR('',#3296,0.70463595348258);
#3298=LINE('',#3295,#3297);
#3299=EDGE_CURVE('',#3294,#3270,#3298,.T.);
#3300=ORIENTED_EDGE('',*,*,#3299,.T.);
#3301=ORIENTED_EDGE('',*,*,#3283,.F.);
#3302=ORIENTED_EDGE('',*,*,#3214,.F.);
#3303=CARTESIAN_POINT('',(-5.295689803207,34.93203717246,24.5));
#3304=DIRECTION('',(-2.5376526277146E-16,0.,-1.));
#3305=VECTOR('',#3304,3.5);
#3306=LINE('',#3303,#3305);
#3307=EDGE_CURVE('',#3201,#3294,#3306,.T.);
#3308=ORIENTED_EDGE('',*,*,#3307,.T.);
#3309=EDGE_LOOP('',(#3300,#3301,#3302,#3308));
#3310=FACE_OUTER_BOUND('',#3309,.T.);
#3311=ADVANCED_FACE('',(#3310),#3292,.T.);
#3312=CARTESIAN_POINT('',(-5.295689803207,34.011077699702,24.5));
#3313=DIRECTION('',(0.,0.,1.));
#3314=DIRECTION('',(1.,0.,-0.));
#3315=AXIS2_PLACEMENT_3D('',#3312,#3314,#3313);
#3316=PLANE('',#3315);
#3317=CARTESIAN_POINT('',(-5.295689803207,34.011077699702,21.));
#3318=DIRECTION('',(-9.6440554223342E-16,1.,0.));
#3319=VECTOR('',#3318,0.92095947275794);
#3320=LINE('',#3317,#3319);
#3321=EDGE_CURVE('',#3241,#3294,#3320,.T.);
#3322=ORIENTED_EDGE('',*,*,#3321,.T.);
#3323=ORIENTED_EDGE('',*,*,#3307,.F.);
#3324=ORIENTED_EDGE('',*,*,#3206,.F.);
#3325=ORIENTED_EDGE('',*,*,#3252,.F.);
#3326=EDGE_LOOP('',(#3322,#3323,#3324,#3325));
#3327=FACE_OUTER_BOUND('',#3326,.T.);
#3328=ADVANCED_FACE('',(#3327),#3316,.T.);
#3329=CARTESIAN_POINT('',(-9.2,0.,24.5));
#3330=DIRECTION('',(1.,0.,0.));
#3331=DIRECTION('',(0.,0.,1.));
#3332=AXIS2_PLACEMENT_3D('',#3329,#3331,#3330);
#3333=PLANE('',#3332);
#3334=CARTESIAN_POINT('',(-2.995689803207,34.011077699702,24.5));
#3335=VERTEX_POINT('',#3334);
#3336=CARTESIAN_POINT('',(-2.995689803207,34.93203717246,24.5));
#3337=VERTEX_POINT('',#3336);
#3338=CARTESIAN_POINT('',(-2.995689803207,34.011077699702,24.5));
#3339=DIRECTION('',(0.,1.,0.));
#3340=VECTOR('',#3339,0.92095947275794);
#3341=LINE('',#3338,#3340);
#3342=EDGE_CURVE('',#3335,#3337,#3341,.T.);
#3343=ORIENTED_EDGE('',*,*,#3342,.T.);
#3344=CARTESIAN_POINT('',(-3.7003257566896,34.93203717246,24.5));
#3345=VERTEX_POINT('',#3344);
#3346=CARTESIAN_POINT('',(-2.995689803207,34.93203717246,24.5));
#3347=DIRECTION('',(-1.,0.,0.));
#3348=VECTOR('',#3347,0.70463595348258);
#3349=LINE('',#3346,#3348);
#3350=EDGE_CURVE('',#3337,#3345,#3349,.T.);
#3351=ORIENTED_EDGE('',*,*,#3350,.T.);
#3352=CARTESIAN_POINT('',(-3.7003257566896,34.011077699702,24.5));
#3353=VERTEX_POINT('',#3352);
#3354=CARTESIAN_POINT('',(-3.7003257566896,34.93203717246,24.5));
#3355=DIRECTION('',(0.,-1.,0.));
#3356=VECTOR('',#3355,0.92095947275794);
#3357=LINE('',#3354,#3356);
#3358=EDGE_CURVE('',#3345,#3353,#3357,.T.);
#3359=ORIENTED_EDGE('',*,*,#3358,.T.);
#3360=CARTESIAN_POINT('',(-3.7003257566896,34.011077699702,24.5));
#3361=DIRECTION('',(1.,0.,0.));
#3362=VECTOR('',#3361,0.70463595348258);
#3363=LINE('',#3360,#3362);
#3364=EDGE_CURVE('',#3353,#3335,#3363,.T.);
#3365=ORIENTED_EDGE('',*,*,#3364,.T.);
#3366=EDGE_LOOP('',(#3343,#3351,#3359,#3365));
#3367=FACE_OUTER_BOUND('',#3366,.T.);
#3368=ADVANCED_FACE('',(#3367),#3333,.T.);
#3369=CARTESIAN_POINT('',(-2.995689803207,34.011077699702,24.5));
#3370=DIRECTION('',(0.,0.,1.));
#3371=DIRECTION('',(0.,-1.,0.));
#3372=AXIS2_PLACEMENT_3D('',#3369,#3371,#3370);
#3373=PLANE('',#3372);
#3374=CARTESIAN_POINT('',(-3.7003257566896,34.011077699702,21.));
#3375=VERTEX_POINT('',#3374);
#3376=CARTESIAN_POINT('',(-2.995689803207,34.011077699702,21.));
#3377=VERTEX_POINT('',#3376);
#3378=CARTESIAN_POINT('',(-3.7003257566896,34.011077699702,21.));
#3379=DIRECTION('',(1.,0.,0.));
#3380=VECTOR('',#3379,0.70463595348258);
#3381=LINE('',#3378,#3380);
#3382=EDGE_CURVE('',#3375,#3377,#3381,.T.);
#3383=ORIENTED_EDGE('',*,*,#3382,.T.);
#3384=CARTESIAN_POINT('',(-2.995689803207,34.011077699702,21.));
#3385=DIRECTION('',(0.,0.,1.));
#3386=VECTOR('',#3385,3.5);
#3387=LINE('',#3384,#3386);
#3388=EDGE_CURVE('',#3377,#3335,#3387,.T.);
#3389=ORIENTED_EDGE('',*,*,#3388,.T.);
#3390=ORIENTED_EDGE('',*,*,#3364,.F.);
#3391=CARTESIAN_POINT('',(-3.7003257566896,34.011077699702,24.5));
#3392=DIRECTION('',(6.3441315692866E-16,0.,-1.));
#3393=VECTOR('',#3392,3.5);
#3394=LINE('',#3391,#3393);
#3395=EDGE_CURVE('',#3353,#3375,#3394,.T.);
#3396=ORIENTED_EDGE('',*,*,#3395,.T.);
#3397=EDGE_LOOP('',(#3383,#3389,#3390,#3396));
#3398=FACE_OUTER_BOUND('',#3397,.T.);
#3399=ADVANCED_FACE('',(#3398),#3373,.T.);
#3400=CARTESIAN_POINT('',(-3.7003257566896,34.011077699702,24.5));
#3401=DIRECTION('',(0.,0.,-1.));
#3402=DIRECTION('',(-1.,-0.,-0.));
#3403=AXIS2_PLACEMENT_3D('',#3400,#3402,#3401);
#3404=PLANE('',#3403);
#3405=CARTESIAN_POINT('',(-3.7003257566896,34.93203717246,21.));
#3406=VERTEX_POINT('',#3405);
#3407=CARTESIAN_POINT('',(-3.7003257566896,34.93203717246,21.));
#3408=DIRECTION('',(3.375419397817E-15,-1.,0.));
#3409=VECTOR('',#3408,0.92095947275794);
#3410=LINE('',#3407,#3409);
#3411=EDGE_CURVE('',#3406,#3375,#3410,.T.);
#3412=ORIENTED_EDGE('',*,*,#3411,.T.);
#3413=ORIENTED_EDGE('',*,*,#3395,.F.);
#3414=ORIENTED_EDGE('',*,*,#3358,.F.);
#3415=CARTESIAN_POINT('',(-3.7003257566896,34.93203717246,24.5));
#3416=DIRECTION('',(-2.5376526277146E-16,0.,-1.));
#3417=VECTOR('',#3416,3.5);
#3418=LINE('',#3415,#3417);
#3419=EDGE_CURVE('',#3345,#3406,#3418,.T.);
#3420=ORIENTED_EDGE('',*,*,#3419,.T.);
#3421=EDGE_LOOP('',(#3412,#3413,#3414,#3420));
#3422=FACE_OUTER_BOUND('',#3421,.T.);
#3423=ADVANCED_FACE('',(#3422),#3404,.T.);
#3424=CARTESIAN_POINT('',(-2.995689803207,34.93203717246,24.5));
#3425=DIRECTION('',(0.,0.,-1.));
#3426=DIRECTION('',(0.,1.,0.));
#3427=AXIS2_PLACEMENT_3D('',#3424,#3426,#3425);
#3428=PLANE('',#3427);
#3429=CARTESIAN_POINT('',(-2.995689803207,34.93203717246,21.));
#3430=VERTEX_POINT('',#3429);
#3431=CARTESIAN_POINT('',(-2.995689803207,34.93203717246,21.));
#3432=DIRECTION('',(-1.,0.,0.));
#3433=VECTOR('',#3432,0.70463595348258);
#3434=LINE('',#3431,#3433);
#3435=EDGE_CURVE('',#3430,#3406,#3434,.T.);
#3436=ORIENTED_EDGE('',*,*,#3435,.T.);
#3437=ORIENTED_EDGE('',*,*,#3419,.F.);
#3438=ORIENTED_EDGE('',*,*,#3350,.F.);
#3439=CARTESIAN_POINT('',(-2.995689803207,34.93203717246,24.5));
#3440=DIRECTION('',(-2.5376526277146E-16,0.,-1.));
#3441=VECTOR('',#3440,3.5);
#3442=LINE('',#3439,#3441);
#3443=EDGE_CURVE('',#3337,#3430,#3442,.T.);
#3444=ORIENTED_EDGE('',*,*,#3443,.T.);
#3445=EDGE_LOOP('',(#3436,#3437,#3438,#3444));
#3446=FACE_OUTER_BOUND('',#3445,.T.);
#3447=ADVANCED_FACE('',(#3446),#3428,.T.);
#3448=CARTESIAN_POINT('',(-2.995689803207,34.011077699702,24.5));
#3449=DIRECTION('',(0.,0.,1.));
#3450=DIRECTION('',(1.,0.,-0.));
#3451=AXIS2_PLACEMENT_3D('',#3448,#3450,#3449);
#3452=PLANE('',#3451);
#3453=CARTESIAN_POINT('',(-2.995689803207,34.011077699702,21.));
#3454=DIRECTION('',(-9.6440554223342E-16,1.,0.));
#3455=VECTOR('',#3454,0.92095947275794);
#3456=LINE('',#3453,#3455);
#3457=EDGE_CURVE('',#3377,#3430,#3456,.T.);
#3458=ORIENTED_EDGE('',*,*,#3457,.T.);
#3459=ORIENTED_EDGE('',*,*,#3443,.F.);
#3460=ORIENTED_EDGE('',*,*,#3342,.F.);
#3461=ORIENTED_EDGE('',*,*,#3388,.F.);
#3462=EDGE_LOOP('',(#3458,#3459,#3460,#3461));
#3463=FACE_OUTER_BOUND('',#3462,.T.);
#3464=ADVANCED_FACE('',(#3463),#3452,.T.);
#3465=CARTESIAN_POINT('',(-6.9,0.,24.5));
#3466=DIRECTION('',(1.,0.,0.));
#3467=DIRECTION('',(0.,0.,1.));
#3468=AXIS2_PLACEMENT_3D('',#3465,#3467,#3466);
#3469=PLANE('',#3468);
#3470=CARTESIAN_POINT('',(-0.69568980320698,34.011077699702,24.5));
#3471=VERTEX_POINT('',#3470);
#3472=CARTESIAN_POINT('',(-0.69568980320698,34.93203717246,24.5));
#3473=VERTEX_POINT('',#3472);
#3474=CARTESIAN_POINT('',(-0.69568980320698,34.011077699702,24.5));
#3475=DIRECTION('',(0.,1.,0.));
#3476=VECTOR('',#3475,0.92095947275794);
#3477=LINE('',#3474,#3476);
#3478=EDGE_CURVE('',#3471,#3473,#3477,.T.);
#3479=ORIENTED_EDGE('',*,*,#3478,.T.);
#3480=CARTESIAN_POINT('',(-1.4003257566896,34.93203717246,24.5));
#3481=VERTEX_POINT('',#3480);
#3482=CARTESIAN_POINT('',(-0.69568980320698,34.93203717246,24.5));
#3483=DIRECTION('',(-1.,0.,0.));
#3484=VECTOR('',#3483,0.70463595348258);
#3485=LINE('',#3482,#3484);
#3486=EDGE_CURVE('',#3473,#3481,#3485,.T.);
#3487=ORIENTED_EDGE('',*,*,#3486,.T.);
#3488=CARTESIAN_POINT('',(-1.4003257566896,34.011077699702,24.5));
#3489=VERTEX_POINT('',#3488);
#3490=CARTESIAN_POINT('',(-1.4003257566896,34.93203717246,24.5));
#3491=DIRECTION('',(0.,-1.,0.));
#3492=VECTOR('',#3491,0.92095947275794);
#3493=LINE('',#3490,#3492);
#3494=EDGE_CURVE('',#3481,#3489,#3493,.T.);
#3495=ORIENTED_EDGE('',*,*,#3494,.T.);
#3496=CARTESIAN_POINT('',(-1.4003257566896,34.011077699702,24.5));
#3497=DIRECTION('',(1.,0.,0.));
#3498=VECTOR('',#3497,0.70463595348258);
#3499=LINE('',#3496,#3498);
#3500=EDGE_CURVE('',#3489,#3471,#3499,.T.);
#3501=ORIENTED_EDGE('',*,*,#3500,.T.);
#3502=EDGE_LOOP('',(#3479,#3487,#3495,#3501));
#3503=FACE_OUTER_BOUND('',#3502,.T.);
#3504=ADVANCED_FACE('',(#3503),#3469,.T.);
#3505=CARTESIAN_POINT('',(-0.69568980320698,34.011077699702,24.5));
#3506=DIRECTION('',(0.,0.,1.));
#3507=DIRECTION('',(0.,-1.,0.));
#3508=AXIS2_PLACEMENT_3D('',#3505,#3507,#3506);
#3509=PLANE('',#3508);
#3510=CARTESIAN_POINT('',(-1.4003257566896,34.011077699702,21.));
#3511=VERTEX_POINT('',#3510);
#3512=CARTESIAN_POINT('',(-0.69568980320698,34.011077699702,21.));
#3513=VERTEX_POINT('',#3512);
#3514=CARTESIAN_POINT('',(-1.4003257566896,34.011077699702,21.));
#3515=DIRECTION('',(1.,0.,0.));
#3516=VECTOR('',#3515,0.70463595348258);
#3517=LINE('',#3514,#3516);
#3518=EDGE_CURVE('',#3511,#3513,#3517,.T.);
#3519=ORIENTED_EDGE('',*,*,#3518,.T.);
#3520=CARTESIAN_POINT('',(-0.69568980320698,34.011077699702,21.));
#3521=DIRECTION('',(0.,0.,1.));
#3522=VECTOR('',#3521,3.5);
#3523=LINE('',#3520,#3522);
#3524=EDGE_CURVE('',#3513,#3471,#3523,.T.);
#3525=ORIENTED_EDGE('',*,*,#3524,.T.);
#3526=ORIENTED_EDGE('',*,*,#3500,.F.);
#3527=CARTESIAN_POINT('',(-1.4003257566896,34.011077699702,24.5));
#3528=DIRECTION('',(6.9785447262153E-16,0.,-1.));
#3529=VECTOR('',#3528,3.5);
#3530=LINE('',#3527,#3529);
#3531=EDGE_CURVE('',#3489,#3511,#3530,.T.);
#3532=ORIENTED_EDGE('',*,*,#3531,.T.);
#3533=EDGE_LOOP('',(#3519,#3525,#3526,#3532));
#3534=FACE_OUTER_BOUND('',#3533,.T.);
#3535=ADVANCED_FACE('',(#3534),#3509,.T.);
#3536=CARTESIAN_POINT('',(-1.4003257566896,34.011077699702,24.5));
#3537=DIRECTION('',(0.,0.,-1.));
#3538=DIRECTION('',(-1.,-0.,-0.));
#3539=AXIS2_PLACEMENT_3D('',#3536,#3538,#3537);
#3540=PLANE('',#3539);
#3541=CARTESIAN_POINT('',(-1.4003257566896,34.93203717246,21.));
#3542=VERTEX_POINT('',#3541);
#3543=CARTESIAN_POINT('',(-1.4003257566896,34.93203717246,21.));
#3544=DIRECTION('',(3.6165207833753E-15,-1.,0.));
#3545=VECTOR('',#3544,0.92095947275794);
#3546=LINE('',#3543,#3545);
#3547=EDGE_CURVE('',#3542,#3511,#3546,.T.);
#3548=ORIENTED_EDGE('',*,*,#3547,.T.);
#3549=ORIENTED_EDGE('',*,*,#3531,.F.);
#3550=ORIENTED_EDGE('',*,*,#3494,.F.);
#3551=CARTESIAN_POINT('',(-1.4003257566896,34.93203717246,24.5));
#3552=DIRECTION('',(-2.5376526277146E-16,0.,-1.));
#3553=VECTOR('',#3552,3.5);
#3554=LINE('',#3551,#3553);
#3555=EDGE_CURVE('',#3481,#3542,#3554,.T.);
#3556=ORIENTED_EDGE('',*,*,#3555,.T.);
#3557=EDGE_LOOP('',(#3548,#3549,#3550,#3556));
#3558=FACE_OUTER_BOUND('',#3557,.T.);
#3559=ADVANCED_FACE('',(#3558),#3540,.T.);
#3560=CARTESIAN_POINT('',(-0.69568980320698,34.93203717246,24.5));
#3561=DIRECTION('',(0.,0.,-1.));
#3562=DIRECTION('',(0.,1.,0.));
#3563=AXIS2_PLACEMENT_3D('',#3560,#3562,#3561);
#3564=PLANE('',#3563);
#3565=CARTESIAN_POINT('',(-0.69568980320698,34.93203717246,21.));
#3566=VERTEX_POINT('',#3565);
#3567=CARTESIAN_POINT('',(-0.69568980320698,34.93203717246,21.));
#3568=DIRECTION('',(-1.,0.,0.));
#3569=VECTOR('',#3568,0.70463595348258);
#3570=LINE('',#3567,#3569);
#3571=EDGE_CURVE('',#3566,#3542,#3570,.T.);
#3572=ORIENTED_EDGE('',*,*,#3571,.T.);
#3573=ORIENTED_EDGE('',*,*,#3555,.F.);
#3574=ORIENTED_EDGE('',*,*,#3486,.F.);
#3575=CARTESIAN_POINT('',(-0.69568980320698,34.93203717246,24.5));
#3576=DIRECTION('',(-2.2204460492503E-16,0.,-1.));
#3577=VECTOR('',#3576,3.5);
#3578=LINE('',#3575,#3577);
#3579=EDGE_CURVE('',#3473,#3566,#3578,.T.);
#3580=ORIENTED_EDGE('',*,*,#3579,.T.);
#3581=EDGE_LOOP('',(#3572,#3573,#3574,#3580));
#3582=FACE_OUTER_BOUND('',#3581,.T.);
#3583=ADVANCED_FACE('',(#3582),#3564,.T.);
#3584=CARTESIAN_POINT('',(-0.69568980320698,34.011077699702,24.5));
#3585=DIRECTION('',(0.,0.,1.));
#3586=DIRECTION('',(1.,0.,-0.));
#3587=AXIS2_PLACEMENT_3D('',#3584,#3586,#3585);
#3588=PLANE('',#3587);
#3589=CARTESIAN_POINT('',(-0.69568980320698,34.011077699702,21.));
#3590=DIRECTION('',(-8.4385484945424E-16,1.,0.));
#3591=VECTOR('',#3590,0.92095947275794);
#3592=LINE('',#3589,#3591);
#3593=EDGE_CURVE('',#3513,#3566,#3592,.T.);
#3594=ORIENTED_EDGE('',*,*,#3593,.T.);
#3595=ORIENTED_EDGE('',*,*,#3579,.F.);
#3596=ORIENTED_EDGE('',*,*,#3478,.F.);
#3597=ORIENTED_EDGE('',*,*,#3524,.F.);
#3598=EDGE_LOOP('',(#3594,#3595,#3596,#3597));
#3599=FACE_OUTER_BOUND('',#3598,.T.);
#3600=ADVANCED_FACE('',(#3599),#3588,.T.);
#3601=CARTESIAN_POINT('',(-4.6,0.,24.5));
#3602=DIRECTION('',(1.,0.,0.));
#3603=DIRECTION('',(0.,0.,1.));
#3604=AXIS2_PLACEMENT_3D('',#3601,#3603,#3602);
#3605=PLANE('',#3604);
#3606=CARTESIAN_POINT('',(1.604310196793,34.011077699702,24.5));
#3607=VERTEX_POINT('',#3606);
#3608=CARTESIAN_POINT('',(1.604310196793,34.93203717246,24.5));
#3609=VERTEX_POINT('',#3608);
#3610=CARTESIAN_POINT('',(1.604310196793,34.011077699702,24.5));
#3611=DIRECTION('',(0.,1.,0.));
#3612=VECTOR('',#3611,0.92095947275794);
#3613=LINE('',#3610,#3612);
#3614=EDGE_CURVE('',#3607,#3609,#3613,.T.);
#3615=ORIENTED_EDGE('',*,*,#3614,.T.);
#3616=CARTESIAN_POINT('',(0.89967424331044,34.93203717246,24.5));
#3617=VERTEX_POINT('',#3616);
#3618=CARTESIAN_POINT('',(1.604310196793,34.93203717246,24.5));
#3619=DIRECTION('',(-1.,0.,0.));
#3620=VECTOR('',#3619,0.70463595348258);
#3621=LINE('',#3618,#3620);
#3622=EDGE_CURVE('',#3609,#3617,#3621,.T.);
#3623=ORIENTED_EDGE('',*,*,#3622,.T.);
#3624=CARTESIAN_POINT('',(0.89967424331044,34.011077699702,24.5));
#3625=VERTEX_POINT('',#3624);
#3626=CARTESIAN_POINT('',(0.89967424331044,34.93203717246,24.5));
#3627=DIRECTION('',(0.,-1.,0.));
#3628=VECTOR('',#3627,0.92095947275794);
#3629=LINE('',#3626,#3628);
#3630=EDGE_CURVE('',#3617,#3625,#3629,.T.);
#3631=ORIENTED_EDGE('',*,*,#3630,.T.);
#3632=CARTESIAN_POINT('',(0.89967424331044,34.011077699702,24.5));
#3633=DIRECTION('',(1.,0.,0.));
#3634=VECTOR('',#3633,0.70463595348258);
#3635=LINE('',#3632,#3634);
#3636=EDGE_CURVE('',#3625,#3607,#3635,.T.);
#3637=ORIENTED_EDGE('',*,*,#3636,.T.);
#3638=EDGE_LOOP('',(#3615,#3623,#3631,#3637));
#3639=FACE_OUTER_BOUND('',#3638,.T.);
#3640=ADVANCED_FACE('',(#3639),#3605,.T.);
#3641=CARTESIAN_POINT('',(1.604310196793,34.011077699702,24.5));
#3642=DIRECTION('',(0.,0.,1.));
#3643=DIRECTION('',(0.,-1.,0.));
#3644=AXIS2_PLACEMENT_3D('',#3641,#3643,#3642);
#3645=PLANE('',#3644);
#3646=CARTESIAN_POINT('',(0.89967424331044,34.011077699702,21.));
#3647=VERTEX_POINT('',#3646);
#3648=CARTESIAN_POINT('',(1.604310196793,34.011077699702,21.));
#3649=VERTEX_POINT('',#3648);
#3650=CARTESIAN_POINT('',(0.89967424331044,34.011077699702,21.));
#3651=DIRECTION('',(1.,0.,0.));
#3652=VECTOR('',#3651,0.70463595348258);
#3653=LINE('',#3650,#3652);
#3654=EDGE_CURVE('',#3647,#3649,#3653,.T.);
#3655=ORIENTED_EDGE('',*,*,#3654,.T.);
#3656=CARTESIAN_POINT('',(1.604310196793,34.011077699702,21.));
#3657=DIRECTION('',(0.,0.,1.));
#3658=VECTOR('',#3657,3.5);
#3659=LINE('',#3656,#3658);
#3660=EDGE_CURVE('',#3649,#3607,#3659,.T.);
#3661=ORIENTED_EDGE('',*,*,#3660,.T.);
#3662=ORIENTED_EDGE('',*,*,#3636,.F.);
#3663=CARTESIAN_POINT('',(0.89967424331044,34.011077699702,24.5));
#3664=DIRECTION('',(7.2957513046796E-16,0.,-1.));
#3665=VECTOR('',#3664,3.5);
#3666=LINE('',#3663,#3665);
#3667=EDGE_CURVE('',#3625,#3647,#3666,.T.);
#3668=ORIENTED_EDGE('',*,*,#3667,.T.);
#3669=EDGE_LOOP('',(#3655,#3661,#3662,#3668));
#3670=FACE_OUTER_BOUND('',#3669,.T.);
#3671=ADVANCED_FACE('',(#3670),#3645,.T.);
#3672=CARTESIAN_POINT('',(0.89967424331044,34.011077699702,24.5));
#3673=DIRECTION('',(0.,0.,-1.));
#3674=DIRECTION('',(-1.,-0.,-0.));
#3675=AXIS2_PLACEMENT_3D('',#3672,#3674,#3673);
#3676=PLANE('',#3675);
#3677=CARTESIAN_POINT('',(0.89967424331044,34.93203717246,21.));
#3678=VERTEX_POINT('',#3677);
#3679=CARTESIAN_POINT('',(0.89967424331044,34.93203717246,21.));
#3680=DIRECTION('',(3.7370714761545E-15,-1.,0.));
#3681=VECTOR('',#3680,0.92095947275794);
#3682=LINE('',#3679,#3681);
#3683=EDGE_CURVE('',#3678,#3647,#3682,.T.);
#3684=ORIENTED_EDGE('',*,*,#3683,.T.);
#3685=ORIENTED_EDGE('',*,*,#3667,.F.);
#3686=ORIENTED_EDGE('',*,*,#3630,.F.);
#3687=CARTESIAN_POINT('',(0.89967424331044,34.93203717246,24.5));
#3688=DIRECTION('',(-2.5376526277146E-16,0.,-1.));
#3689=VECTOR('',#3688,3.5);
#3690=LINE('',#3687,#3689);
#3691=EDGE_CURVE('',#3617,#3678,#3690,.T.);
#3692=ORIENTED_EDGE('',*,*,#3691,.T.);
#3693=EDGE_LOOP('',(#3684,#3685,#3686,#3692));
#3694=FACE_OUTER_BOUND('',#3693,.T.);
#3695=ADVANCED_FACE('',(#3694),#3676,.T.);
#3696=CARTESIAN_POINT('',(1.604310196793,34.93203717246,24.5));
#3697=DIRECTION('',(0.,0.,-1.));
#3698=DIRECTION('',(0.,1.,0.));
#3699=AXIS2_PLACEMENT_3D('',#3696,#3698,#3697);
#3700=PLANE('',#3699);
#3701=CARTESIAN_POINT('',(1.604310196793,34.93203717246,21.));
#3702=VERTEX_POINT('',#3701);
#3703=CARTESIAN_POINT('',(1.604310196793,34.93203717246,21.));
#3704=DIRECTION('',(-1.,0.,0.));
#3705=VECTOR('',#3704,0.70463595348258);
#3706=LINE('',#3703,#3705);
#3707=EDGE_CURVE('',#3702,#3678,#3706,.T.);
#3708=ORIENTED_EDGE('',*,*,#3707,.T.);
#3709=ORIENTED_EDGE('',*,*,#3691,.F.);
#3710=ORIENTED_EDGE('',*,*,#3622,.F.);
#3711=CARTESIAN_POINT('',(1.604310196793,34.93203717246,24.5));
#3712=DIRECTION('',(-2.5376526277146E-16,0.,-1.));
#3713=VECTOR('',#3712,3.5);
#3714=LINE('',#3711,#3713);
#3715=EDGE_CURVE('',#3609,#3702,#3714,.T.);
#3716=ORIENTED_EDGE('',*,*,#3715,.T.);
#3717=EDGE_LOOP('',(#3708,#3709,#3710,#3716));
#3718=FACE_OUTER_BOUND('',#3717,.T.);
#3719=ADVANCED_FACE('',(#3718),#3700,.T.);
#3720=CARTESIAN_POINT('',(1.604310196793,34.011077699702,24.5));
#3721=DIRECTION('',(0.,0.,1.));
#3722=DIRECTION('',(1.,0.,-0.));
#3723=AXIS2_PLACEMENT_3D('',#3720,#3722,#3721);
#3724=PLANE('',#3723);
#3725=CARTESIAN_POINT('',(1.604310196793,34.011077699702,21.));
#3726=DIRECTION('',(-9.6440554223342E-16,1.,0.));
#3727=VECTOR('',#3726,0.92095947275794);
#3728=LINE('',#3725,#3727);
#3729=EDGE_CURVE('',#3649,#3702,#3728,.T.);
#3730=ORIENTED_EDGE('',*,*,#3729,.T.);
#3731=ORIENTED_EDGE('',*,*,#3715,.F.);
#3732=ORIENTED_EDGE('',*,*,#3614,.F.);
#3733=ORIENTED_EDGE('',*,*,#3660,.F.);
#3734=EDGE_LOOP('',(#3730,#3731,#3732,#3733));
#3735=FACE_OUTER_BOUND('',#3734,.T.);
#3736=ADVANCED_FACE('',(#3735),#3724,.T.);
#3737=CARTESIAN_POINT('',(-16.970562748477,8.,21.));
#3738=DIRECTION('',(-1.,0.,2.0934566115784E-16));
#3739=DIRECTION('',(2.0934566115784E-16,0.,1.));
#3740=AXIS2_PLACEMENT_3D('',#3737,#3739,#3738);
#3741=PLANE('',#3740);
#3742=CARTESIAN_POINT('',(8.25,40.5,21.));
#3743=VERTEX_POINT('',#3742);
#3744=CARTESIAN_POINT('',(8.25,37.5,21.));
#3745=VERTEX_POINT('',#3744);
#3746=CARTESIAN_POINT('',(8.25,40.5,21.));
#3747=DIRECTION('',(-5.9211894646675E-16,-1.,-4.736951571734E-15));
#3748=VECTOR('',#3747,3.);
#3749=LINE('',#3746,#3748);
#3750=EDGE_CURVE('',#3743,#3745,#3749,.T.);
#3751=ORIENTED_EDGE('',*,*,#3750,.T.);
#3752=CARTESIAN_POINT('',(-8.25,37.5,21.));
#3753=VERTEX_POINT('',#3752);
#3754=CARTESIAN_POINT('',(8.25,37.5,21.));
#3755=DIRECTION('',(-1.,0.,0.));
#3756=VECTOR('',#3755,16.5);
#3757=LINE('',#3754,#3756);
#3758=EDGE_CURVE('',#3745,#3753,#3757,.T.);
#3759=ORIENTED_EDGE('',*,*,#3758,.T.);
#3760=CARTESIAN_POINT('',(-8.25,40.5,21.));
#3761=VERTEX_POINT('',#3760);
#3762=CARTESIAN_POINT('',(-8.25,37.5,21.));
#3763=DIRECTION('',(0.,1.,4.736951571734E-15));
#3764=VECTOR('',#3763,3.);
#3765=LINE('',#3762,#3764);
#3766=EDGE_CURVE('',#3753,#3761,#3765,.T.);
#3767=ORIENTED_EDGE('',*,*,#3766,.T.);
#3768=CARTESIAN_POINT('',(-16.970562748477,40.5,21.));
#3769=VERTEX_POINT('',#3768);
#3770=CARTESIAN_POINT('',(-8.25,40.5,21.));
#3771=DIRECTION('',(-1.,0.,-4.0739500205086E-16));
#3772=VECTOR('',#3771,8.7205627484771);
#3773=LINE('',#3770,#3772);
#3774=EDGE_CURVE('',#3761,#3769,#3773,.T.);
#3775=ORIENTED_EDGE('',*,*,#3774,.T.);
#3776=CARTESIAN_POINT('',(-16.970562748477,31.,21.));
#3777=VERTEX_POINT('',#3776);
#3778=CARTESIAN_POINT('',(-16.970562748477,40.5,21.));
#3779=DIRECTION('',(0.,-1.,0.));
#3780=VECTOR('',#3779,9.5);
#3781=LINE('',#3778,#3780);
#3782=EDGE_CURVE('',#3769,#3777,#3781,.T.);
#3783=ORIENTED_EDGE('',*,*,#3782,.T.);
#3784=CARTESIAN_POINT('',(-13.748090776541,31.,21.));
#3785=VERTEX_POINT('',#3784);
#3786=CARTESIAN_POINT('',(-16.970562748477,31.,21.));
#3787=DIRECTION('',(1.,0.,0.));
#3788=VECTOR('',#3787,3.2224719719365);
#3789=LINE('',#3786,#3788);
#3790=EDGE_CURVE('',#3777,#3785,#3789,.T.);
#3791=ORIENTED_EDGE('',*,*,#3790,.T.);
#3792=CARTESIAN_POINT('',(-13.748090776541,8.,21.));
#3793=VERTEX_POINT('',#3792);
#3794=CARTESIAN_POINT('',(-13.748090776541,31.,21.));
#3795=DIRECTION('',(-3.861645303044E-16,-1.,-3.0893162424352E-16));
#3796=VECTOR('',#3795,23.);
#3797=LINE('',#3794,#3796);
#3798=EDGE_CURVE('',#3785,#3793,#3797,.T.);
#3799=ORIENTED_EDGE('',*,*,#3798,.T.);
#3800=CARTESIAN_POINT('',(-16.970562748477,8.,21.));
#3801=VERTEX_POINT('',#3800);
#3802=CARTESIAN_POINT('',(-13.748090776541,8.,21.));
#3803=DIRECTION('',(-1.,0.,0.));
#3804=VECTOR('',#3803,3.2224719719365);
#3805=LINE('',#3802,#3804);
#3806=EDGE_CURVE('',#3793,#3801,#3805,.T.);
#3807=ORIENTED_EDGE('',*,*,#3806,.T.);
#3808=CARTESIAN_POINT('',(-16.970562748477,0.,21.));
#3809=VERTEX_POINT('',#3808);
#3810=CARTESIAN_POINT('',(-16.970562748477,8.,21.));
#3811=DIRECTION('',(0.,-1.,0.));
#3812=VECTOR('',#3811,8.);
#3813=LINE('',#3810,#3812);
#3814=EDGE_CURVE('',#3801,#3809,#3813,.T.);
#3815=ORIENTED_EDGE('',*,*,#3814,.T.);
#3816=CARTESIAN_POINT('',(16.970562748477,0.,21.));
#3817=VERTEX_POINT('',#3816);
#3818=CARTESIAN_POINT('',(-16.970562748477,0.,21.));
#3819=DIRECTION('',(1.,0.,-2.0934566115784E-16));
#3820=VECTOR('',#3819,33.941125496954);
#3821=LINE('',#3818,#3820);
#3822=EDGE_CURVE('',#3809,#3817,#3821,.T.);
#3823=ORIENTED_EDGE('',*,*,#3822,.T.);
#3824=CARTESIAN_POINT('',(16.970562748477,8.,21.));
#3825=VERTEX_POINT('',#3824);
#3826=CARTESIAN_POINT('',(16.970562748477,0.,21.));
#3827=DIRECTION('',(0.,1.,0.));
#3828=VECTOR('',#3827,8.);
#3829=LINE('',#3826,#3828);
#3830=EDGE_CURVE('',#3817,#3825,#3829,.T.);
#3831=ORIENTED_EDGE('',*,*,#3830,.T.);
#3832=CARTESIAN_POINT('',(13.748090776541,8.,21.));
#3833=VERTEX_POINT('',#3832);
#3834=CARTESIAN_POINT('',(16.970562748477,8.,21.));
#3835=DIRECTION('',(-1.,0.,0.));
#3836=VECTOR('',#3835,3.2224719719365);
#3837=LINE('',#3834,#3836);
#3838=EDGE_CURVE('',#3825,#3833,#3837,.T.);
#3839=ORIENTED_EDGE('',*,*,#3838,.T.);
#3840=CARTESIAN_POINT('',(13.748090776541,31.,21.));
#3841=VERTEX_POINT('',#3840);
#3842=CARTESIAN_POINT('',(13.748090776541,8.,21.));
#3843=DIRECTION('',(-6.1786324848704E-16,1.,3.0893162424352E-16));
#3844=VECTOR('',#3843,23.);
#3845=LINE('',#3842,#3844);
#3846=EDGE_CURVE('',#3833,#3841,#3845,.T.);
#3847=ORIENTED_EDGE('',*,*,#3846,.T.);
#3848=CARTESIAN_POINT('',(16.970562748477,31.,21.));
#3849=VERTEX_POINT('',#3848);
#3850=CARTESIAN_POINT('',(13.748090776541,31.,21.));
#3851=DIRECTION('',(1.,0.,4.409923449749E-15));
#3852=VECTOR('',#3851,3.2224719719366);
#3853=LINE('',#3850,#3852);
#3854=EDGE_CURVE('',#3841,#3849,#3853,.T.);
#3855=ORIENTED_EDGE('',*,*,#3854,.T.);
#3856=CARTESIAN_POINT('',(16.970562748477,40.5,21.));
#3857=VERTEX_POINT('',#3856);
#3858=CARTESIAN_POINT('',(16.970562748477,31.,21.));
#3859=DIRECTION('',(0.,1.,0.));
#3860=VECTOR('',#3859,9.5);
#3861=LINE('',#3858,#3860);
#3862=EDGE_CURVE('',#3849,#3857,#3861,.T.);
#3863=ORIENTED_EDGE('',*,*,#3862,.T.);
#3864=CARTESIAN_POINT('',(16.970562748477,40.5,21.));
#3865=DIRECTION('',(-1.,0.,-4.0739500205086E-16));
#3866=VECTOR('',#3865,8.7205627484771);
#3867=LINE('',#3864,#3866);
#3868=EDGE_CURVE('',#3857,#3743,#3867,.T.);
#3869=ORIENTED_EDGE('',*,*,#3868,.T.);
#3870=EDGE_LOOP('',(#3751,#3759,#3767,#3775,#3783,#3791,#3799,#3807,#3815,#3823,#3831,#3839,#3847,#3855,#3863,#3869));
#3871=FACE_OUTER_BOUND('',#3870,.T.);
#3872=ORIENTED_EDGE('',*,*,#3321,.F.);
#3873=ORIENTED_EDGE('',*,*,#3246,.F.);
#3874=ORIENTED_EDGE('',*,*,#3275,.F.);
#3875=ORIENTED_EDGE('',*,*,#3299,.F.);
#3876=EDGE_LOOP('',(#3872,#3873,#3874,#3875));
#3877=FACE_BOUND('',#3876,.T.);
#3878=ORIENTED_EDGE('',*,*,#3457,.F.);
#3879=ORIENTED_EDGE('',*,*,#3382,.F.);
#3880=ORIENTED_EDGE('',*,*,#3411,.F.);
#3881=ORIENTED_EDGE('',*,*,#3435,.F.);
#3882=EDGE_LOOP('',(#3878,#3879,#3880,#3881));
#3883=FACE_BOUND('',#3882,.T.);
#3884=ORIENTED_EDGE('',*,*,#3593,.F.);
#3885=ORIENTED_EDGE('',*,*,#3518,.F.);
#3886=ORIENTED_EDGE('',*,*,#3547,.F.);
#3887=ORIENTED_EDGE('',*,*,#3571,.F.);
#3888=EDGE_LOOP('',(#3884,#3885,#3886,#3887));
#3889=FACE_BOUND('',#3888,.T.);
#3890=ORIENTED_EDGE('',*,*,#3729,.F.);
#3891=ORIENTED_EDGE('',*,*,#3654,.F.);
#3892=ORIENTED_EDGE('',*,*,#3683,.F.);
#3893=ORIENTED_EDGE('',*,*,#3707,.F.);
#3894=EDGE_LOOP('',(#3890,#3891,#3892,#3893));
#3895=FACE_BOUND('',#3894,.T.);
#3896=CARTESIAN_POINT('',(3.904310196793,34.93203717246,21.));
#3897=VERTEX_POINT('',#3896);
#3898=CARTESIAN_POINT('',(3.904310196793,34.011077699702,21.));
#3899=VERTEX_POINT('',#3898);
#3900=CARTESIAN_POINT('',(3.904310196793,34.93203717246,21.));
#3901=DIRECTION('',(4.8220277111671E-16,-1.,0.));
#3902=VECTOR('',#3901,0.92095947275794);
#3903=LINE('',#3900,#3902);
#3904=EDGE_CURVE('',#3897,#3899,#3903,.T.);
#3905=ORIENTED_EDGE('',*,*,#3904,.T.);
#3906=CARTESIAN_POINT('',(3.1996742433104,34.011077699702,21.));
#3907=VERTEX_POINT('',#3906);
#3908=CARTESIAN_POINT('',(3.904310196793,34.011077699702,21.));
#3909=DIRECTION('',(-1.,0.,0.));
#3910=VECTOR('',#3909,0.70463595348258);
#3911=LINE('',#3908,#3910);
#3912=EDGE_CURVE('',#3899,#3907,#3911,.T.);
#3913=ORIENTED_EDGE('',*,*,#3912,.T.);
#3914=CARTESIAN_POINT('',(3.1996742433104,34.93203717246,21.));
#3915=VERTEX_POINT('',#3914);
#3916=CARTESIAN_POINT('',(3.1996742433104,34.011077699702,21.));
#3917=DIRECTION('',(-3.375419397817E-15,1.,0.));
#3918=VECTOR('',#3917,0.92095947275794);
#3919=LINE('',#3916,#3918);
#3920=EDGE_CURVE('',#3907,#3915,#3919,.T.);
#3921=ORIENTED_EDGE('',*,*,#3920,.T.);
#3922=CARTESIAN_POINT('',(3.1996742433104,34.93203717246,21.));
#3923=DIRECTION('',(1.,0.,0.));
#3924=VECTOR('',#3923,0.70463595348258);
#3925=LINE('',#3922,#3924);
#3926=EDGE_CURVE('',#3915,#3897,#3925,.T.);
#3927=ORIENTED_EDGE('',*,*,#3926,.T.);
#3928=EDGE_LOOP('',(#3905,#3913,#3921,#3927));
#3929=FACE_BOUND('',#3928,.T.);
#3930=CARTESIAN_POINT('',(6.204310196793,34.93203717246,21.));
#3931=VERTEX_POINT('',#3930);
#3932=CARTESIAN_POINT('',(6.204310196793,34.011077699702,21.));
#3933=VERTEX_POINT('',#3932);
#3934=CARTESIAN_POINT('',(6.204310196793,34.93203717246,21.));
#3935=DIRECTION('',(9.6440554223342E-16,-1.,0.));
#3936=VECTOR('',#3935,0.92095947275794);
#3937=LINE('',#3934,#3936);
#3938=EDGE_CURVE('',#3931,#3933,#3937,.T.);
#3939=ORIENTED_EDGE('',*,*,#3938,.T.);
#3940=CARTESIAN_POINT('',(5.4996742433104,34.011077699702,21.));
#3941=VERTEX_POINT('',#3940);
#3942=CARTESIAN_POINT('',(6.204310196793,34.011077699702,21.));
#3943=DIRECTION('',(-1.,0.,0.));
#3944=VECTOR('',#3943,0.70463595348258);
#3945=LINE('',#3942,#3944);
#3946=EDGE_CURVE('',#3933,#3941,#3945,.T.);
#3947=ORIENTED_EDGE('',*,*,#3946,.T.);
#3948=CARTESIAN_POINT('',(5.4996742433104,34.93203717246,21.));
#3949=VERTEX_POINT('',#3948);
#3950=CARTESIAN_POINT('',(5.4996742433104,34.011077699702,21.));
#3951=DIRECTION('',(-3.8576221689337E-15,1.,0.));
#3952=VECTOR('',#3951,0.92095947275794);
#3953=LINE('',#3950,#3952);
#3954=EDGE_CURVE('',#3941,#3949,#3953,.T.);
#3955=ORIENTED_EDGE('',*,*,#3954,.T.);
#3956=CARTESIAN_POINT('',(5.4996742433104,34.93203717246,21.));
#3957=DIRECTION('',(1.,0.,0.));
#3958=VECTOR('',#3957,0.70463595348258);
#3959=LINE('',#3956,#3958);
#3960=EDGE_CURVE('',#3949,#3931,#3959,.T.);
#3961=ORIENTED_EDGE('',*,*,#3960,.T.);
#3962=EDGE_LOOP('',(#3939,#3947,#3955,#3961));
#3963=FACE_BOUND('',#3962,.T.);
#3964=ADVANCED_FACE('',(#3871,#3877,#3883,#3889,#3895,#3929,#3963),#3741,.T.);
#3965=CARTESIAN_POINT('',(0.,31.,0.));
#3966=DIRECTION('',(0.,0.,-1.));
#3967=DIRECTION('',(0.,-1.,0.));
#3968=AXIS2_PLACEMENT_3D('',#3965,#3967,#3966);
#3969=PLANE('',#3968);
#3970=CARTESIAN_POINT('',(8.25,31.,25.5));
#3971=VERTEX_POINT('',#3970);
#3972=CARTESIAN_POINT('',(4.4283402909553,31.,25.5));
#3973=VERTEX_POINT('',#3972);
#3974=CARTESIAN_POINT('',(8.25,31.,25.5));
#3975=DIRECTION('',(-1.,0.,0.));
#3976=VECTOR('',#3975,3.8216597090448);
#3977=LINE('',#3974,#3976);
#3978=EDGE_CURVE('',#3971,#3973,#3977,.T.);
#3979=ORIENTED_EDGE('',*,*,#3978,.T.);
#3980=CARTESIAN_POINT('',(4.4283402909553,31.,21.166917988438));
#3981=VERTEX_POINT('',#3980);
#3982=CARTESIAN_POINT('',(4.4283402909553,31.,25.5));
#3983=DIRECTION('',(0.,0.,-1.));
#3984=VECTOR('',#3983,4.3330820115618);
#3985=LINE('',#3982,#3984);
#3986=EDGE_CURVE('',#3973,#3981,#3985,.T.);
#3987=ORIENTED_EDGE('',*,*,#3986,.T.);
#3988=CARTESIAN_POINT('',(8.25,31.,21.166917988438));
#3989=VERTEX_POINT('',#3988);
#3990=CARTESIAN_POINT('',(4.4283402909553,31.,21.166917988438));
#3991=DIRECTION('',(1.,0.,0.));
#3992=VECTOR('',#3991,3.8216597090448);
#3993=LINE('',#3990,#3992);
#3994=EDGE_CURVE('',#3981,#3989,#3993,.T.);
#3995=ORIENTED_EDGE('',*,*,#3994,.T.);
#3996=CARTESIAN_POINT('',(8.25,31.,21.166917988438));
#3997=DIRECTION('',(0.,0.,1.));
#3998=VECTOR('',#3997,4.3330820115618);
#3999=LINE('',#3996,#3998);
#4000=EDGE_CURVE('',#3989,#3971,#3999,.T.);
#4001=ORIENTED_EDGE('',*,*,#4000,.T.);
#4002=EDGE_LOOP('',(#3979,#3987,#3995,#4001));
#4003=FACE_OUTER_BOUND('',#4002,.T.);
#4004=CARTESIAN_POINT('',(5.8153150636677,31.,22.736995368803));
#4005=VERTEX_POINT('',#4004);
#4006=CARTESIAN_POINT('',(5.8153150636677,31.,24.196291604568));
#4007=VERTEX_POINT('',#4006);
#4008=CARTESIAN_POINT('',(5.8153150636677,31.,22.736995368803));
#4009=DIRECTION('',(0.,0.,1.));
#4010=VECTOR('',#4009,1.4592962357654);
#4011=LINE('',#4008,#4010);
#4012=EDGE_CURVE('',#4005,#4007,#4011,.T.);
#4013=ORIENTED_EDGE('',*,*,#4012,.T.);
#4014=CARTESIAN_POINT('',(6.2893738613106,31.,24.196291604568));
#4015=VERTEX_POINT('',#4014);
#4016=CARTESIAN_POINT('',(5.8153150636677,31.,24.196291604568));
#4017=DIRECTION('',(1.,0.,0.));
#4018=VECTOR('',#4017,0.47405879764284);
#4019=LINE('',#4016,#4018);
#4020=EDGE_CURVE('',#4007,#4015,#4019,.T.);
#4021=ORIENTED_EDGE('',*,*,#4020,.T.);
#4022=CARTESIAN_POINT('',(6.2893738613106,31.,22.736995368803));
#4023=VERTEX_POINT('',#4022);
#4024=CARTESIAN_POINT('',(6.2893738613106,31.,24.196291604568));
#4025=DIRECTION('',(0.,0.,-1.));
#4026=VECTOR('',#4025,1.4592962357654);
#4027=LINE('',#4024,#4026);
#4028=EDGE_CURVE('',#4015,#4023,#4027,.T.);
#4029=ORIENTED_EDGE('',*,*,#4028,.T.);
#4030=CARTESIAN_POINT('',(6.2893738613106,31.,22.736995368803));
#4031=DIRECTION('',(-1.,0.,0.));
#4032=VECTOR('',#4031,0.47405879764284);
#4033=LINE('',#4030,#4032);
#4034=EDGE_CURVE('',#4023,#4005,#4033,.T.);
#4035=ORIENTED_EDGE('',*,*,#4034,.T.);
#4036=EDGE_LOOP('',(#4013,#4021,#4029,#4035));
#4037=FACE_BOUND('',#4036,.T.);
#4038=ADVANCED_FACE('',(#4003,#4037),#3969,.T.);
#4039=CARTESIAN_POINT('',(8.25,37.5,25.5));
#4040=DIRECTION('',(0.,0.,1.));
#4041=DIRECTION('',(0.,-1.,0.));
#4042=AXIS2_PLACEMENT_3D('',#4039,#4041,#4040);
#4043=PLANE('',#4042);
#4044=CARTESIAN_POINT('',(8.25,37.5,21.166917988438));
#4045=VERTEX_POINT('',#4044);
#4046=CARTESIAN_POINT('',(-8.25,37.5,21.166917988438));
#4047=VERTEX_POINT('',#4046);
#4048=CARTESIAN_POINT('',(8.25,37.5,21.166917988438));
#4049=DIRECTION('',(-1.,0.,0.));
#4050=VECTOR('',#4049,16.5);
#4051=LINE('',#4048,#4050);
#4052=EDGE_CURVE('',#4045,#4047,#4051,.T.);
#4053=ORIENTED_EDGE('',*,*,#4052,.T.);
#4054=CARTESIAN_POINT('',(-8.25,37.5,21.166917988438));
#4055=DIRECTION('',(0.,0.,-1.));
#4056=VECTOR('',#4055,0.16691798843818);
#4057=LINE('',#4054,#4056);
#4058=EDGE_CURVE('',#4047,#3753,#4057,.T.);
#4059=ORIENTED_EDGE('',*,*,#4058,.T.);
#4060=ORIENTED_EDGE('',*,*,#3758,.F.);
#4061=CARTESIAN_POINT('',(8.25,37.5,21.));
#4062=DIRECTION('',(0.,0.,1.));
#4063=VECTOR('',#4062,0.16691798843818);
#4064=LINE('',#4061,#4063);
#4065=EDGE_CURVE('',#3745,#4045,#4064,.T.);
#4066=ORIENTED_EDGE('',*,*,#4065,.T.);
#4067=EDGE_LOOP('',(#4053,#4059,#4060,#4066));
#4068=FACE_OUTER_BOUND('',#4067,.T.);
#4069=ADVANCED_FACE('',(#4068),#4043,.T.);
#4070=CARTESIAN_POINT('',(8.25,40.,25.));
#4071=DIRECTION('',(-1.06581410364E-14,0.99999999999993,-3.6550076032422E-07));
#4072=DIRECTION('',(-1.,-4.3063196106673E-15,-4.736951571734E-15));
#4073=AXIS2_PLACEMENT_3D('',#4070,#4072,#4071);
#4074=CYLINDRICAL_SURFACE('',#4073,0.50000000000008);
#4075=CARTESIAN_POINT('',(8.25,40.5,25.));
#4076=VERTEX_POINT('',#4075);
#4077=CARTESIAN_POINT('',(-8.25,40.5,25.));
#4078=VERTEX_POINT('',#4077);
#4079=CARTESIAN_POINT('',(8.25,40.5,25.));
#4080=DIRECTION('',(-1.,0.,0.));
#4081=VECTOR('',#4080,16.5);
#4082=LINE('',#4079,#4081);
#4083=EDGE_CURVE('',#4076,#4078,#4082,.T.);
#4084=ORIENTED_EDGE('',*,*,#4083,.T.);
#4085=CARTESIAN_POINT('',(-8.25,40.,25.5));
#4086=VERTEX_POINT('',#4085);
#4087=CARTESIAN_POINT('',(-8.25,40.,25.));
#4088=DIRECTION('',(-3.5527136788005E-15,1.,-7.1054273576009E-15));
#4089=DIRECTION('',(1.,-1.0721261933236E-15,-1.0721261933236E-15));
#4090=AXIS2_PLACEMENT_3D('',#4087,#4089,#4088);
#4091=CIRCLE('',#4090,0.5);
#4092=EDGE_CURVE('',#4078,#4086,#4091,.T.);
#4093=ORIENTED_EDGE('',*,*,#4092,.T.);
#4094=CARTESIAN_POINT('',(8.25,40.,25.5));
#4095=VERTEX_POINT('',#4094);
#4096=CARTESIAN_POINT('',(-8.25,40.,25.5));
#4097=DIRECTION('',(1.,0.,0.));
#4098=VECTOR('',#4097,16.5);
#4099=LINE('',#4096,#4098);
#4100=EDGE_CURVE('',#4086,#4095,#4099,.T.);
#4101=ORIENTED_EDGE('',*,*,#4100,.T.);
#4102=CARTESIAN_POINT('',(8.25,40.,25.));
#4103=DIRECTION('',(0.,2.8421709430403E-14,1.));
#4104=DIRECTION('',(-1.,0.,-0.));
#4105=AXIS2_PLACEMENT_3D('',#4102,#4104,#4103);
#4106=CIRCLE('',#4105,0.50000000000001);
#4107=EDGE_CURVE('',#4095,#4076,#4106,.T.);
#4108=ORIENTED_EDGE('',*,*,#4107,.T.);
#4109=EDGE_LOOP('',(#4084,#4093,#4101,#4108));
#4110=FACE_OUTER_BOUND('',#4109,.T.);
#4111=ADVANCED_FACE('',(#4110),#4074,.T.);
#4112=CARTESIAN_POINT('',(0.,-14.,0.));
#4113=DIRECTION('',(4.8485695723004E-17,-6.5627977841146E-17,1.));
#4114=DIRECTION('',(-4.8485695723004E-17,1.,6.5627977841146E-17));
#4115=AXIS2_PLACEMENT_3D('',#4112,#4114,#4113);
#4116=CONICAL_SURFACE('',#4115,0.,0.78539816339745);
#4117=ORIENTED_EDGE('',*,*,#2978,.F.);
#4118=CARTESIAN_POINT('',(-2.2204460492503E-16,-12.,0.));
#4119=DIRECTION('',(-2.2828281194932E-16,0.,-1.));
#4120=DIRECTION('',(-5.3606309666179E-16,1.,-5.3606309666179E-16));
#4121=AXIS2_PLACEMENT_3D('',#4118,#4120,#4119);
#4122=CIRCLE('',#4121,2.);
#4123=EDGE_CURVE('',#2964,#2962,#4122,.T.);
#4124=ORIENTED_EDGE('',*,*,#4123,.T.);
#4125=CARTESIAN_POINT('',(-1.5000012874714,-11.5,1.9999990343951));
#4126=VERTEX_POINT('',#4125);
#4127=CARTESIAN_POINT('',(4.336808689942E-16,-12.,2.));
#4128=CARTESIAN_POINT('',(-0.13352700125395,-12.,2.));
#4129=CARTESIAN_POINT('',(-0.26576593399257,-11.986520867863,2.));
#4130=CARTESIAN_POINT('',(-0.52794365632251,-11.935492507127,2.));
#4131=CARTESIAN_POINT('',(-0.65810063939174,-11.897741217094,2.));
#4132=CARTESIAN_POINT('',(-1.0338990080015,-11.76068552595,2.));
#4133=CARTESIAN_POINT('',(-1.2703028030731,-11.637818318156,2.));
#4134=CARTESIAN_POINT('',(-1.5,-11.5,2.));
#4135=B_SPLINE_CURVE_WITH_KNOTS('',3,(#4127,#4128,#4129,#4130,#4131,#4132,#4133,#4134),.UNSPECIFIED.,.F.,.U.,(4,2,2,4),(0.,0.00039897595933955,0.0007979519186791,0.0015959038373582),.UNSPECIFIED.);
#4136=EDGE_CURVE('',#2962,#4126,#4135,.T.);
#4137=ORIENTED_EDGE('',*,*,#4136,.T.);
#4138=CARTESIAN_POINT('',(-4.4408920985006E-16,-11.5,3.3306690738755E-16));
#4139=DIRECTION('',(-0.6,-7.105427357601E-16,0.8));
#4140=DIRECTION('',(8.9827096938429E-16,-1.,-2.8059872159032E-16));
#4141=AXIS2_PLACEMENT_3D('',#4138,#4140,#4139);
#4142=CIRCLE('',#4141,2.5);
#4143=EDGE_CURVE('',#4126,#2973,#4142,.T.);
#4144=ORIENTED_EDGE('',*,*,#4143,.T.);
#4145=EDGE_LOOP('',(#4117,#4124,#4137,#4144));
#4146=FACE_OUTER_BOUND('',#4145,.T.);
#4147=ADVANCED_FACE('',(#4146),#4116,.T.);
#4148=CARTESIAN_POINT('',(0.,0.,0.));
#4149=DIRECTION('',(0.,0.,1.));
#4150=DIRECTION('',(0.,-1.,0.));
#4151=AXIS2_PLACEMENT_3D('',#4148,#4150,#4149);
#4152=PLANE('',#4151);
#4153=CARTESIAN_POINT('',(16.970562748477,0.,-21.));
#4154=VERTEX_POINT('',#4153);
#4155=CARTESIAN_POINT('',(21.,0.,-16.970562748477));
#4156=VERTEX_POINT('',#4155);
#4157=CARTESIAN_POINT('',(6.750155989721E-14,0.,-6.3948846218409E-14));
#4158=DIRECTION('',(0.62853936105471,0.,-0.77777777777778));
#4159=DIRECTION('',(0.,-1.,0.));
#4160=AXIS2_PLACEMENT_3D('',#4157,#4159,#4158);
#4161=CIRCLE('',#4160,27.);
#4162=EDGE_CURVE('',#4154,#4156,#4161,.T.);
#4163=ORIENTED_EDGE('',*,*,#4162,.T.);
#4164=CARTESIAN_POINT('',(21.,0.,16.970562748477));
#4165=VERTEX_POINT('',#4164);
#4166=CARTESIAN_POINT('',(21.,0.,-16.970562748477));
#4167=DIRECTION('',(4.1869132231567E-16,0.,1.));
#4168=VECTOR('',#4167,33.941125496954);
#4169=LINE('',#4166,#4168);
#4170=EDGE_CURVE('',#4156,#4165,#4169,.T.);
#4171=ORIENTED_EDGE('',*,*,#4170,.T.);
#4172=CARTESIAN_POINT('',(2.6645352591004E-13,0.,2.5934809855244E-13));
#4173=DIRECTION('',(0.77777777777778,0.,0.62853936105471));
#4174=DIRECTION('',(-0.,-1.,0.));
#4175=AXIS2_PLACEMENT_3D('',#4172,#4174,#4173);
#4176=CIRCLE('',#4175,27.);
#4177=EDGE_CURVE('',#4165,#3817,#4176,.T.);
#4178=ORIENTED_EDGE('',*,*,#4177,.T.);
#4179=ORIENTED_EDGE('',*,*,#3822,.F.);
#4180=CARTESIAN_POINT('',(-21.,0.,16.970562748477));
#4181=VERTEX_POINT('',#4180);
#4182=CARTESIAN_POINT('',(8.5265128291212E-14,0.,-8.5265128291212E-14));
#4183=DIRECTION('',(-0.62853936105471,0.,0.77777777777778));
#4184=DIRECTION('',(0.,-1.,-0.));
#4185=AXIS2_PLACEMENT_3D('',#4182,#4184,#4183);
#4186=CIRCLE('',#4185,27.);
#4187=EDGE_CURVE('',#3809,#4181,#4186,.T.);
#4188=ORIENTED_EDGE('',*,*,#4187,.T.);
#4189=CARTESIAN_POINT('',(-21.,0.,-16.970562748477));
#4190=VERTEX_POINT('',#4189);
#4191=CARTESIAN_POINT('',(-21.,0.,16.970562748477));
#4192=DIRECTION('',(2.0934566115784E-16,0.,-1.));
#4193=VECTOR('',#4192,33.941125496954);
#4194=LINE('',#4191,#4193);
#4195=EDGE_CURVE('',#4181,#4190,#4194,.T.);
#4196=ORIENTED_EDGE('',*,*,#4195,.T.);
#4197=CARTESIAN_POINT('',(-16.970562748477,0.,-21.));
#4198=VERTEX_POINT('',#4197);
#4199=CARTESIAN_POINT('',(-1.1723955140042E-13,0.,-8.8817841970013E-14));
#4200=DIRECTION('',(-0.77777777777778,0.,-0.62853936105471));
#4201=DIRECTION('',(0.,-1.,0.));
#4202=AXIS2_PLACEMENT_3D('',#4199,#4201,#4200);
#4203=CIRCLE('',#4202,27.);
#4204=EDGE_CURVE('',#4190,#4198,#4203,.T.);
#4205=ORIENTED_EDGE('',*,*,#4204,.T.);
#4206=CARTESIAN_POINT('',(-16.970562748477,0.,-21.));
#4207=DIRECTION('',(1.,0.,-2.0934566115784E-16));
#4208=VECTOR('',#4207,33.941125496954);
#4209=LINE('',#4206,#4208);
#4210=EDGE_CURVE('',#4198,#4154,#4209,.T.);
#4211=ORIENTED_EDGE('',*,*,#4210,.T.);
#4212=EDGE_LOOP('',(#4163,#4171,#4178,#4179,#4188,#4196,#4205,#4211));
#4213=FACE_OUTER_BOUND('',#4212,.T.);
#4214=CARTESIAN_POINT('',(-15.5,0.,15.5));
#4215=DIRECTION('',(-2.368475785867E-15,0.,1.));
#4216=DIRECTION('',(0.,1.,0.));
#4217=AXIS2_PLACEMENT_3D('',#4214,#4216,#4215);
#4218=CIRCLE('',#4217,1.5);
#4219=EDGE_CURVE('',#2167,#2175,#4218,.T.);
#4220=ORIENTED_EDGE('',*,*,#4219,.T.);
#4221=ORIENTED_EDGE('',*,*,#2181,.F.);
#4222=EDGE_LOOP('',(#4220,#4221));
#4223=FACE_BOUND('',#4222,.T.);
#4224=CARTESIAN_POINT('',(-8.8817841970013E-16,0.,-1.7763568394003E-15));
#4225=DIRECTION('',(-4.1721187214724E-17,0.,-1.));
#4226=DIRECTION('',(0.,1.,-0.));
#4227=AXIS2_PLACEMENT_3D('',#4224,#4226,#4225);
#4228=CIRCLE('',#4227,11.);
#4229=EDGE_CURVE('',#2209,#2217,#4228,.T.);
#4230=ORIENTED_EDGE('',*,*,#4229,.T.);
#4231=ORIENTED_EDGE('',*,*,#2223,.F.);
#4232=EDGE_LOOP('',(#4230,#4231));
#4233=FACE_BOUND('',#4232,.T.);
#4234=CARTESIAN_POINT('',(15.5,0.,15.5));
#4235=DIRECTION('',(0.,0.,1.));
#4236=DIRECTION('',(0.,1.,0.));
#4237=AXIS2_PLACEMENT_3D('',#4234,#4236,#4235);
#4238=CIRCLE('',#4237,1.5);
#4239=EDGE_CURVE('',#1641,#1649,#4238,.T.);
#4240=ORIENTED_EDGE('',*,*,#4239,.T.);
#4241=ORIENTED_EDGE('',*,*,#1655,.F.);
#4242=EDGE_LOOP('',(#4240,#4241));
#4243=FACE_BOUND('',#4242,.T.);
#4244=CARTESIAN_POINT('',(15.5,0.,-15.5));
#4245=DIRECTION('',(2.368475785867E-15,0.,1.));
#4246=DIRECTION('',(0.,1.,0.));
#4247=AXIS2_PLACEMENT_3D('',#4244,#4246,#4245);
#4248=CIRCLE('',#4247,1.5);
#4249=EDGE_CURVE('',#1599,#1607,#4248,.T.);
#4250=ORIENTED_EDGE('',*,*,#4249,.T.);
#4251=ORIENTED_EDGE('',*,*,#1613,.F.);
#4252=EDGE_LOOP('',(#4250,#4251));
#4253=FACE_BOUND('',#4252,.T.);
#4254=CARTESIAN_POINT('',(-15.5,0.,-15.5));
#4255=DIRECTION('',(0.,0.,1.));
#4256=DIRECTION('',(0.,1.,0.));
#4257=AXIS2_PLACEMENT_3D('',#4254,#4256,#4255);
#4258=CIRCLE('',#4257,1.5);
#4259=EDGE_CURVE('',#1557,#1565,#4258,.T.);
#4260=ORIENTED_EDGE('',*,*,#4259,.T.);
#4261=ORIENTED_EDGE('',*,*,#1571,.F.);
#4262=EDGE_LOOP('',(#4260,#4261));
#4263=FACE_BOUND('',#4262,.T.);
#4264=ADVANCED_FACE('',(#4213,#4223,#4233,#4243,#4253,#4263),#4152,.T.);
#4265=CARTESIAN_POINT('',(15.5,40.,-15.5));
#4266=DIRECTION('',(-1.,0.,-4.1318353272769E-15));
#4267=DIRECTION('',(0.,1.,0.));
#4268=AXIS2_PLACEMENT_3D('',#4265,#4267,#4266);
#4269=PLANE('',#4268);
#4270=ORIENTED_EDGE('',*,*,#2805,.F.);
#4271=CARTESIAN_POINT('',(15.825,40.,-15.175644167766));
#4272=VERTEX_POINT('',#4271);
#4273=CARTESIAN_POINT('',(17.219678253074,40.,-15.175644167766));
#4274=DIRECTION('',(-1.,0.,-3.8210035228232E-15));
#4275=VECTOR('',#4274,1.394678253074);
#4276=LINE('',#4273,#4275);
#4277=EDGE_CURVE('',#2790,#4272,#4276,.T.);
#4278=ORIENTED_EDGE('',*,*,#4277,.T.);
#4279=CARTESIAN_POINT('',(15.825,40.,-15.175644167766));
#4280=DIRECTION('',(-2.5463816300034E-15,0.,1.));
#4281=VECTOR('',#4280,1.3952007966676);
#4282=LINE('',#4279,#4281);
#4283=EDGE_CURVE('',#4272,#2799,#4282,.T.);
#4284=ORIENTED_EDGE('',*,*,#4283,.T.);
#4285=EDGE_LOOP('',(#4270,#4278,#4284));
#4286=FACE_OUTER_BOUND('',#4285,.T.);
#4287=ADVANCED_FACE('',(#4286),#4269,.T.);
#4288=CARTESIAN_POINT('',(15.5,40.,-15.5));
#4289=DIRECTION('',(-1.,0.,-5.4657133520008E-15));
#4290=DIRECTION('',(0.,1.,0.));
#4291=AXIS2_PLACEMENT_3D('',#4288,#4290,#4289);
#4292=PLANE('',#4291);
#4293=CARTESIAN_POINT('',(15.175,40.,-13.780443371098));
#4294=VERTEX_POINT('',#4293);
#4295=CARTESIAN_POINT('',(15.5,40.,-15.5));
#4296=DIRECTION('',(-0.18571428571429,1.1368683772162E-13,0.98260378794386));
#4297=DIRECTION('',(1.1029751237191E-14,1.,-1.1774875852349E-13));
#4298=AXIS2_PLACEMENT_3D('',#4295,#4297,#4296);
#4299=CIRCLE('',#4298,1.7499999999999);
#4300=EDGE_CURVE('',#4294,#2808,#4299,.T.);
#4301=ORIENTED_EDGE('',*,*,#4300,.T.);
#4302=ORIENTED_EDGE('',*,*,#2814,.F.);
#4303=CARTESIAN_POINT('',(15.825,40.,-13.780443371098));
#4304=DIRECTION('',(-1.,0.,-2.7328566760004E-15));
#4305=VECTOR('',#4304,0.65);
#4306=LINE('',#4303,#4305);
#4307=EDGE_CURVE('',#2799,#4294,#4306,.T.);
#4308=ORIENTED_EDGE('',*,*,#4307,.T.);
#4309=EDGE_LOOP('',(#4301,#4302,#4308));
#4310=FACE_OUTER_BOUND('',#4309,.T.);
#4311=ADVANCED_FACE('',(#4310),#4292,.T.);
#4312=CARTESIAN_POINT('',(15.5,40.,-15.5));
#4313=DIRECTION('',(-1.,0.,-3.0988764954577E-15));
#4314=DIRECTION('',(0.,1.,0.));
#4315=AXIS2_PLACEMENT_3D('',#4312,#4314,#4313);
#4316=PLANE('',#4315);
#4317=CARTESIAN_POINT('',(15.175,40.,-15.175644167766));
#4318=VERTEX_POINT('',#4317);
#4319=CARTESIAN_POINT('',(15.175,40.,-13.780443371098));
#4320=DIRECTION('',(2.5463816300034E-15,0.,-1.));
#4321=VECTOR('',#4320,1.3952007966676);
#4322=LINE('',#4319,#4321);
#4323=EDGE_CURVE('',#4294,#4318,#4322,.T.);
#4324=ORIENTED_EDGE('',*,*,#4323,.T.);
#4325=CARTESIAN_POINT('',(13.780321746926,40.,-15.175644167766));
#4326=VERTEX_POINT('',#4325);
#4327=CARTESIAN_POINT('',(15.175,40.,-15.175644167766));
#4328=DIRECTION('',(-1.,0.,-3.8210035228232E-15));
#4329=VECTOR('',#4328,1.394678253074);
#4330=LINE('',#4327,#4329);
#4331=EDGE_CURVE('',#4318,#4326,#4330,.T.);
#4332=ORIENTED_EDGE('',*,*,#4331,.T.);
#4333=CARTESIAN_POINT('',(15.5,40.,-15.5));
#4334=DIRECTION('',(-0.98267328747086,-4.0602442043434E-15,0.1853461898481));
#4335=DIRECTION('',(-3.0947147407896E-15,1.,3.0935556794089E-15));
#4336=AXIS2_PLACEMENT_3D('',#4333,#4335,#4334);
#4337=CIRCLE('',#4336,1.75);
#4338=EDGE_CURVE('',#4326,#4294,#4337,.T.);
#4339=ORIENTED_EDGE('',*,*,#4338,.T.);
#4340=EDGE_LOOP('',(#4324,#4332,#4339));
#4341=FACE_OUTER_BOUND('',#4340,.T.);
#4342=ADVANCED_FACE('',(#4341),#4316,.T.);
#4343=CARTESIAN_POINT('',(15.5,40.,-15.5));
#4344=DIRECTION('',(-1.,0.,-3.0988764954577E-15));
#4345=DIRECTION('',(0.,1.,0.));
#4346=AXIS2_PLACEMENT_3D('',#4343,#4345,#4344);
#4347=PLANE('',#4346);
#4348=CARTESIAN_POINT('',(15.825,40.,-15.824355832234));
#4349=VERTEX_POINT('',#4348);
#4350=CARTESIAN_POINT('',(15.825,40.,-15.824355832234));
#4351=DIRECTION('',(1.,0.,2.5473356818822E-15));
#4352=VECTOR('',#4351,1.394678253074);
#4353=LINE('',#4350,#4352);
#4354=EDGE_CURVE('',#4349,#2781,#4353,.T.);
#4355=ORIENTED_EDGE('',*,*,#4354,.T.);
#4356=ORIENTED_EDGE('',*,*,#2787,.F.);
#4357=CARTESIAN_POINT('',(15.825,40.,-17.219556628902));
#4358=DIRECTION('',(-2.5463816300034E-15,0.,1.));
#4359=VECTOR('',#4358,1.3952007966676);
#4360=LINE('',#4357,#4359);
#4361=EDGE_CURVE('',#2772,#4349,#4360,.T.);
#4362=ORIENTED_EDGE('',*,*,#4361,.T.);
#4363=EDGE_LOOP('',(#4355,#4356,#4362));
#4364=FACE_OUTER_BOUND('',#4363,.T.);
#4365=ADVANCED_FACE('',(#4364),#4347,.T.);
#4366=CARTESIAN_POINT('',(15.5,40.,-15.5));
#4367=DIRECTION('',(-1.,0.,-3.0988764954577E-15));
#4368=DIRECTION('',(0.,1.,0.));
#4369=AXIS2_PLACEMENT_3D('',#4366,#4368,#4367);
#4370=PLANE('',#4369);
#4371=CARTESIAN_POINT('',(13.780321746926,40.,-15.824355832234));
#4372=VERTEX_POINT('',#4371);
#4373=CARTESIAN_POINT('',(15.175,40.,-15.824355832234));
#4374=VERTEX_POINT('',#4373);
#4375=CARTESIAN_POINT('',(13.780321746926,40.,-15.824355832234));
#4376=DIRECTION('',(1.,0.,2.5473356818822E-15));
#4377=VECTOR('',#4376,1.394678253074);
#4378=LINE('',#4375,#4377);
#4379=EDGE_CURVE('',#4372,#4374,#4378,.T.);
#4380=ORIENTED_EDGE('',*,*,#4379,.T.);
#4381=CARTESIAN_POINT('',(15.175,40.,-17.219556628902));
#4382=VERTEX_POINT('',#4381);
#4383=CARTESIAN_POINT('',(15.175,40.,-15.824355832234));
#4384=DIRECTION('',(-1.2731908150017E-15,0.,-1.));
#4385=VECTOR('',#4384,1.3952007966676);
#4386=LINE('',#4383,#4385);
#4387=EDGE_CURVE('',#4374,#4382,#4386,.T.);
#4388=ORIENTED_EDGE('',*,*,#4387,.T.);
#4389=CARTESIAN_POINT('',(15.5,40.,-15.5));
#4390=DIRECTION('',(-0.18571428571429,-4.0602442043434E-15,-0.98260378794387));
#4391=DIRECTION('',(-4.1262863210528E-15,1.,-4.1247409058785E-15));
#4392=AXIS2_PLACEMENT_3D('',#4389,#4391,#4390);
#4393=CIRCLE('',#4392,1.75);
#4394=EDGE_CURVE('',#4382,#4372,#4393,.T.);
#4395=ORIENTED_EDGE('',*,*,#4394,.T.);
#4396=EDGE_LOOP('',(#4380,#4388,#4395));
#4397=FACE_OUTER_BOUND('',#4396,.T.);
#4398=ADVANCED_FACE('',(#4397),#4370,.T.);
#4399=CARTESIAN_POINT('',(15.5,40.,15.5));
#4400=DIRECTION('',(0.,0.,-1.));
#4401=DIRECTION('',(0.,1.,0.));
#4402=AXIS2_PLACEMENT_3D('',#4399,#4401,#4400);
#4403=PLANE('',#4402);
#4404=CARTESIAN_POINT('',(13.780443371098,40.,15.825));
#4405=VERTEX_POINT('',#4404);
#4406=CARTESIAN_POINT('',(15.175644167766,40.,17.219678253074));
#4407=VERTEX_POINT('',#4406);
#4408=CARTESIAN_POINT('',(15.5,40.,15.5));
#4409=DIRECTION('',(-0.98260378794387,-4.0602442043434E-15,0.18571428571428));
#4410=DIRECTION('',(1.0311852264696E-15,1.,-1.0315715802632E-15));
#4411=AXIS2_PLACEMENT_3D('',#4408,#4410,#4409);
#4412=CIRCLE('',#4411,1.75);
#4413=EDGE_CURVE('',#4405,#4407,#4412,.T.);
#4414=ORIENTED_EDGE('',*,*,#4413,.T.);
#4415=CARTESIAN_POINT('',(15.175644167766,40.,15.825));
#4416=VERTEX_POINT('',#4415);
#4417=CARTESIAN_POINT('',(15.175644167766,40.,17.219678253074));
#4418=DIRECTION('',(0.,0.,-1.));
#4419=VECTOR('',#4418,1.394678253074);
#4420=LINE('',#4417,#4419);
#4421=EDGE_CURVE('',#4407,#4416,#4420,.T.);
#4422=ORIENTED_EDGE('',*,*,#4421,.T.);
#4423=CARTESIAN_POINT('',(15.175644167766,40.,15.825));
#4424=DIRECTION('',(-1.,0.,0.));
#4425=VECTOR('',#4424,1.3952007966676);
#4426=LINE('',#4423,#4425);
#4427=EDGE_CURVE('',#4416,#4405,#4426,.T.);
#4428=ORIENTED_EDGE('',*,*,#4427,.T.);
#4429=EDGE_LOOP('',(#4414,#4422,#4428));
#4430=FACE_OUTER_BOUND('',#4429,.T.);
#4431=ADVANCED_FACE('',(#4430),#4403,.T.);
#4432=CARTESIAN_POINT('',(15.5,40.,15.5));
#4433=DIRECTION('',(0.,0.,-1.));
#4434=DIRECTION('',(0.,1.,0.));
#4435=AXIS2_PLACEMENT_3D('',#4432,#4434,#4433);
#4436=PLANE('',#4435);
#4437=CARTESIAN_POINT('',(13.780443371098,40.,15.175));
#4438=VERTEX_POINT('',#4437);
#4439=CARTESIAN_POINT('',(15.5,40.,15.5));
#4440=DIRECTION('',(-0.98260378794386,1.6240976817374E-14,-0.18571428571429));
#4441=DIRECTION('',(1.2763962879305E-14,1.,-0.));
#4442=AXIS2_PLACEMENT_3D('',#4439,#4441,#4440);
#4443=CIRCLE('',#4442,1.75);
#4444=EDGE_CURVE('',#4438,#4405,#4443,.T.);
#4445=ORIENTED_EDGE('',*,*,#4444,.T.);
#4446=CARTESIAN_POINT('',(13.780443371098,40.,15.825));
#4447=DIRECTION('',(0.,0.,-1.));
#4448=VECTOR('',#4447,0.65);
#4449=LINE('',#4446,#4448);
#4450=EDGE_CURVE('',#4405,#4438,#4449,.T.);
#4451=ORIENTED_EDGE('',*,*,#4450,.T.);
#4452=EDGE_LOOP('',(#4445,#4451));
#4453=FACE_OUTER_BOUND('',#4452,.T.);
#4454=ADVANCED_FACE('',(#4453),#4436,.T.);
#4455=CARTESIAN_POINT('',(15.5,40.,15.5));
#4456=DIRECTION('',(0.,0.,-1.));
#4457=DIRECTION('',(0.,1.,0.));
#4458=AXIS2_PLACEMENT_3D('',#4455,#4457,#4456);
#4459=PLANE('',#4458);
#4460=CARTESIAN_POINT('',(15.175644167766,40.,15.175));
#4461=VERTEX_POINT('',#4460);
#4462=CARTESIAN_POINT('',(13.780443371098,40.,15.175));
#4463=DIRECTION('',(1.,0.,0.));
#4464=VECTOR('',#4463,1.3952007966676);
#4465=LINE('',#4462,#4464);
#4466=EDGE_CURVE('',#4438,#4461,#4465,.T.);
#4467=ORIENTED_EDGE('',*,*,#4466,.T.);
#4468=CARTESIAN_POINT('',(15.175644167766,40.,13.780321746926));
#4469=VERTEX_POINT('',#4468);
#4470=CARTESIAN_POINT('',(15.175644167766,40.,15.175));
#4471=DIRECTION('',(0.,0.,-1.));
#4472=VECTOR('',#4471,1.394678253074);
#4473=LINE('',#4470,#4472);
#4474=EDGE_CURVE('',#4461,#4469,#4473,.T.);
#4475=ORIENTED_EDGE('',*,*,#4474,.T.);
#4476=CARTESIAN_POINT('',(15.5,40.,15.5));
#4477=DIRECTION('',(-0.1853461898481,-4.0602442043434E-15,-0.98267328747086));
#4478=DIRECTION('',(-2.0623704529392E-15,1.,-2.0631431605264E-15));
#4479=AXIS2_PLACEMENT_3D('',#4476,#4478,#4477);
#4480=CIRCLE('',#4479,1.75);
#4481=EDGE_CURVE('',#4469,#4438,#4480,.T.);
#4482=ORIENTED_EDGE('',*,*,#4481,.T.);
#4483=EDGE_LOOP('',(#4467,#4475,#4482));
#4484=FACE_OUTER_BOUND('',#4483,.T.);
#4485=ADVANCED_FACE('',(#4484),#4459,.T.);
#4486=CARTESIAN_POINT('',(15.5,40.,15.5));
#4487=DIRECTION('',(0.,0.,-1.));
#4488=DIRECTION('',(0.,1.,0.));
#4489=AXIS2_PLACEMENT_3D('',#4486,#4488,#4487);
#4490=PLANE('',#4489);
#4491=CARTESIAN_POINT('',(15.824355832234,40.,15.825));
#4492=VERTEX_POINT('',#4491);
#4493=CARTESIAN_POINT('',(15.824355832234,40.,15.825));
#4494=DIRECTION('',(0.,0.,1.));
#4495=VECTOR('',#4494,1.394678253074);
#4496=LINE('',#4493,#4495);
#4497=EDGE_CURVE('',#4492,#2259,#4496,.T.);
#4498=ORIENTED_EDGE('',*,*,#4497,.T.);
#4499=ORIENTED_EDGE('',*,*,#2943,.F.);
#4500=CARTESIAN_POINT('',(17.219556628902,40.,15.825));
#4501=DIRECTION('',(-1.,0.,0.));
#4502=VECTOR('',#4501,1.3952007966676);
#4503=LINE('',#4500,#4502);
#4504=EDGE_CURVE('',#2930,#4492,#4503,.T.);
#4505=ORIENTED_EDGE('',*,*,#4504,.T.);
#4506=EDGE_LOOP('',(#4498,#4499,#4505));
#4507=FACE_OUTER_BOUND('',#4506,.T.);
#4508=ADVANCED_FACE('',(#4507),#4490,.T.);
#4509=CARTESIAN_POINT('',(15.5,40.,15.5));
#4510=DIRECTION('',(0.,0.,-1.));
#4511=DIRECTION('',(0.,1.,0.));
#4512=AXIS2_PLACEMENT_3D('',#4509,#4511,#4510);
#4513=PLANE('',#4512);
#4514=CARTESIAN_POINT('',(15.824355832234,40.,15.175));
#4515=VERTEX_POINT('',#4514);
#4516=CARTESIAN_POINT('',(15.824355832234,40.,13.780321746926));
#4517=DIRECTION('',(0.,0.,1.));
#4518=VECTOR('',#4517,1.394678253074);
#4519=LINE('',#4516,#4518);
#4520=EDGE_CURVE('',#2912,#4515,#4519,.T.);
#4521=ORIENTED_EDGE('',*,*,#4520,.T.);
#4522=CARTESIAN_POINT('',(15.824355832234,40.,15.175));
#4523=DIRECTION('',(1.,0.,-5.0927632600069E-15));
#4524=VECTOR('',#4523,1.3952007966676);
#4525=LINE('',#4522,#4524);
#4526=EDGE_CURVE('',#4515,#2921,#4525,.T.);
#4527=ORIENTED_EDGE('',*,*,#4526,.T.);
#4528=ORIENTED_EDGE('',*,*,#2927,.F.);
#4529=EDGE_LOOP('',(#4521,#4527,#4528));
#4530=FACE_OUTER_BOUND('',#4529,.T.);
#4531=ADVANCED_FACE('',(#4530),#4513,.T.);
#4532=CARTESIAN_POINT('',(-15.5,40.,15.5));
#4533=DIRECTION('',(1.,0.,1.0329588318192E-14));
#4534=DIRECTION('',(-0.,1.,0.));
#4535=AXIS2_PLACEMENT_3D('',#4532,#4534,#4533);
#4536=PLANE('',#4535);
#4537=CARTESIAN_POINT('',(-15.825,40.,13.780443371098));
#4538=VERTEX_POINT('',#4537);
#4539=CARTESIAN_POINT('',(-17.219678253074,40.,15.175644167766));
#4540=VERTEX_POINT('',#4539);
#4541=CARTESIAN_POINT('',(-15.5,40.,15.5));
#4542=DIRECTION('',(-0.18571428571428,-4.0602442043434E-15,-0.98260378794387));
#4543=DIRECTION('',(1.0315715802632E-15,1.,1.0311852264696E-15));
#4544=AXIS2_PLACEMENT_3D('',#4541,#4543,#4542);
#4545=CIRCLE('',#4544,1.75);
#4546=EDGE_CURVE('',#4538,#4540,#4545,.T.);
#4547=ORIENTED_EDGE('',*,*,#4546,.T.);
#4548=CARTESIAN_POINT('',(-15.825,40.,15.175644167766));
#4549=VERTEX_POINT('',#4548);
#4550=CARTESIAN_POINT('',(-17.219678253074,40.,15.175644167766));
#4551=DIRECTION('',(1.,0.,1.0189342727529E-14));
#4552=VECTOR('',#4551,1.394678253074);
#4553=LINE('',#4550,#4552);
#4554=EDGE_CURVE('',#4540,#4549,#4553,.T.);
#4555=ORIENTED_EDGE('',*,*,#4554,.T.);
#4556=CARTESIAN_POINT('',(-15.825,40.,15.175644167766));
#4557=DIRECTION('',(1.0185526520014E-14,0.,-1.));
#4558=VECTOR('',#4557,1.3952007966676);
#4559=LINE('',#4556,#4558);
#4560=EDGE_CURVE('',#4549,#4538,#4559,.T.);
#4561=ORIENTED_EDGE('',*,*,#4560,.T.);
#4562=EDGE_LOOP('',(#4547,#4555,#4561));
#4563=FACE_OUTER_BOUND('',#4562,.T.);
#4564=ADVANCED_FACE('',(#4563),#4536,.T.);
#4565=CARTESIAN_POINT('',(-15.5,40.,15.5));
#4566=DIRECTION('',(1.,0.,1.0931426704001E-14));
#4567=DIRECTION('',(-0.,1.,0.));
#4568=AXIS2_PLACEMENT_3D('',#4565,#4567,#4566);
#4569=PLANE('',#4568);
#4570=ORIENTED_EDGE('',*,*,#2848,.F.);
#4571=CARTESIAN_POINT('',(-15.5,40.,15.5));
#4572=DIRECTION('',(-1.0150610510858E-15,6.090366306515E-14,-1.));
#4573=DIRECTION('',(5.2603428977381E-15,1.,5.6157100218908E-14));
#4574=AXIS2_PLACEMENT_3D('',#4571,#4573,#4572);
#4575=CIRCLE('',#4574,1.7500000000001);
#4576=EDGE_CURVE('',#2833,#4538,#4575,.T.);
#4577=ORIENTED_EDGE('',*,*,#4576,.T.);
#4578=CARTESIAN_POINT('',(-15.825,40.,13.780443371098));
#4579=DIRECTION('',(1.,0.,8.1985700280011E-15));
#4580=VECTOR('',#4579,0.65);
#4581=LINE('',#4578,#4580);
#4582=EDGE_CURVE('',#4538,#2842,#4581,.T.);
#4583=ORIENTED_EDGE('',*,*,#4582,.T.);
#4584=EDGE_LOOP('',(#4570,#4577,#4583));
#4585=FACE_OUTER_BOUND('',#4584,.T.);
#4586=ADVANCED_FACE('',(#4585),#4569,.T.);
#4587=CARTESIAN_POINT('',(-15.5,40.,15.5));
#4588=DIRECTION('',(1.,0.,1.0329588318192E-14));
#4589=DIRECTION('',(-0.,1.,0.));
#4590=AXIS2_PLACEMENT_3D('',#4587,#4589,#4588);
#4591=PLANE('',#4590);
#4592=CARTESIAN_POINT('',(-15.175,40.,15.175644167766));
#4593=VERTEX_POINT('',#4592);
#4594=CARTESIAN_POINT('',(-15.175,40.,13.780443371098));
#4595=DIRECTION('',(-1.1458717335015E-14,0.,1.));
#4596=VECTOR('',#4595,1.3952007966676);
#4597=LINE('',#4594,#4596);
#4598=EDGE_CURVE('',#2842,#4593,#4597,.T.);
#4599=ORIENTED_EDGE('',*,*,#4598,.T.);
#4600=CARTESIAN_POINT('',(-15.175,40.,15.175644167766));
#4601=DIRECTION('',(1.,0.,1.146301056847E-14));
#4602=VECTOR('',#4601,1.394678253074);
#4603=LINE('',#4600,#4602);
#4604=EDGE_CURVE('',#4593,#2851,#4603,.T.);
#4605=ORIENTED_EDGE('',*,*,#4604,.T.);
#4606=ORIENTED_EDGE('',*,*,#2857,.F.);
#4607=EDGE_LOOP('',(#4599,#4605,#4606));
#4608=FACE_OUTER_BOUND('',#4607,.T.);
#4609=ADVANCED_FACE('',(#4608),#4591,.T.);
#4610=CARTESIAN_POINT('',(-15.5,40.,15.5));
#4611=DIRECTION('',(1.,0.,1.0329588318192E-14));
#4612=DIRECTION('',(-0.,1.,0.));
#4613=AXIS2_PLACEMENT_3D('',#4610,#4612,#4611);
#4614=PLANE('',#4613);
#4615=CARTESIAN_POINT('',(-15.825,40.,15.824355832234));
#4616=VERTEX_POINT('',#4615);
#4617=CARTESIAN_POINT('',(-17.219678253074,40.,15.824355832234));
#4618=VERTEX_POINT('',#4617);
#4619=CARTESIAN_POINT('',(-15.825,40.,15.824355832234));
#4620=DIRECTION('',(-1.,0.,-1.0189342727529E-14));
#4621=VECTOR('',#4620,1.394678253074);
#4622=LINE('',#4619,#4621);
#4623=EDGE_CURVE('',#4616,#4618,#4622,.T.);
#4624=ORIENTED_EDGE('',*,*,#4623,.T.);
#4625=CARTESIAN_POINT('',(-15.825,40.,17.219556628902));
#4626=VERTEX_POINT('',#4625);
#4627=CARTESIAN_POINT('',(-15.5,40.,15.5));
#4628=DIRECTION('',(-0.98267328747086,4.0602442043434E-15,0.18534618984809));
#4629=DIRECTION('',(2.0631431605264E-15,1.,-2.0623704529392E-15));
#4630=AXIS2_PLACEMENT_3D('',#4627,#4629,#4628);
#4631=CIRCLE('',#4630,1.75);
#4632=EDGE_CURVE('',#4618,#4626,#4631,.T.);
#4633=ORIENTED_EDGE('',*,*,#4632,.T.);
#4634=CARTESIAN_POINT('',(-15.825,40.,17.219556628902));
#4635=DIRECTION('',(1.0185526520014E-14,0.,-1.));
#4636=VECTOR('',#4635,1.3952007966676);
#4637=LINE('',#4634,#4636);
#4638=EDGE_CURVE('',#4626,#4616,#4637,.T.);
#4639=ORIENTED_EDGE('',*,*,#4638,.T.);
#4640=EDGE_LOOP('',(#4624,#4633,#4639));
#4641=FACE_OUTER_BOUND('',#4640,.T.);
#4642=ADVANCED_FACE('',(#4641),#4614,.T.);
#4643=CARTESIAN_POINT('',(-15.5,40.,15.5));
#4644=DIRECTION('',(1.,0.,1.0329588318192E-14));
#4645=DIRECTION('',(-0.,1.,0.));
#4646=AXIS2_PLACEMENT_3D('',#4643,#4645,#4644);
#4647=PLANE('',#4646);
#4648=CARTESIAN_POINT('',(-15.175,40.,15.824355832234));
#4649=VERTEX_POINT('',#4648);
#4650=CARTESIAN_POINT('',(-13.780321746926,40.,15.824355832234));
#4651=DIRECTION('',(-1.,0.,-1.0189342727529E-14));
#4652=VECTOR('',#4651,1.394678253074);
#4653=LINE('',#4650,#4652);
#4654=EDGE_CURVE('',#2860,#4649,#4653,.T.);
#4655=ORIENTED_EDGE('',*,*,#4654,.T.);
#4656=CARTESIAN_POINT('',(-15.175,40.,15.824355832234));
#4657=DIRECTION('',(-5.0927632600069E-15,0.,1.));
#4658=VECTOR('',#4657,1.3952007966676);
#4659=LINE('',#4656,#4658);
#4660=EDGE_CURVE('',#4649,#2869,#4659,.T.);
#4661=ORIENTED_EDGE('',*,*,#4660,.T.);
#4662=ORIENTED_EDGE('',*,*,#2875,.F.);
#4663=EDGE_LOOP('',(#4655,#4661,#4662));
#4664=FACE_OUTER_BOUND('',#4663,.T.);
#4665=ADVANCED_FACE('',(#4664),#4647,.T.);
#4666=CARTESIAN_POINT('',(-15.5,40.,-15.5));
#4667=DIRECTION('',(0.,0.,1.));
#4668=DIRECTION('',(0.,1.,0.));
#4669=AXIS2_PLACEMENT_3D('',#4666,#4668,#4667);
#4670=PLANE('',#4669);
#4671=ORIENTED_EDGE('',*,*,#2727,.F.);
#4672=CARTESIAN_POINT('',(-15.175644167766,40.,-15.825));
#4673=VERTEX_POINT('',#4672);
#4674=CARTESIAN_POINT('',(-15.175644167766,40.,-17.219678253074));
#4675=DIRECTION('',(0.,0.,1.));
#4676=VECTOR('',#4675,1.394678253074);
#4677=LINE('',#4674,#4676);
#4678=EDGE_CURVE('',#2712,#4673,#4677,.T.);
#4679=ORIENTED_EDGE('',*,*,#4678,.T.);
#4680=CARTESIAN_POINT('',(-15.175644167766,40.,-15.825));
#4681=DIRECTION('',(1.,0.,0.));
#4682=VECTOR('',#4681,1.3952007966676);
#4683=LINE('',#4680,#4682);
#4684=EDGE_CURVE('',#4673,#2721,#4683,.T.);
#4685=ORIENTED_EDGE('',*,*,#4684,.T.);
#4686=EDGE_LOOP('',(#4671,#4679,#4685));
#4687=FACE_OUTER_BOUND('',#4686,.T.);
#4688=ADVANCED_FACE('',(#4687),#4670,.T.);
#4689=CARTESIAN_POINT('',(-15.5,40.,-15.5));
#4690=DIRECTION('',(0.,0.,1.));
#4691=DIRECTION('',(0.,1.,0.));
#4692=AXIS2_PLACEMENT_3D('',#4689,#4691,#4690);
#4693=PLANE('',#4692);
#4694=ORIENTED_EDGE('',*,*,#2736,.F.);
#4695=CARTESIAN_POINT('',(-13.780443371098,40.,-15.825));
#4696=DIRECTION('',(0.,0.,1.));
#4697=VECTOR('',#4696,0.65);
#4698=LINE('',#4695,#4697);
#4699=EDGE_CURVE('',#2721,#2730,#4698,.T.);
#4700=ORIENTED_EDGE('',*,*,#4699,.T.);
#4701=EDGE_LOOP('',(#4694,#4700));
#4702=FACE_OUTER_BOUND('',#4701,.T.);
#4703=ADVANCED_FACE('',(#4702),#4693,.T.);
#4704=CARTESIAN_POINT('',(-15.5,40.,-15.5));
#4705=DIRECTION('',(0.,0.,1.));
#4706=DIRECTION('',(0.,1.,0.));
#4707=AXIS2_PLACEMENT_3D('',#4704,#4706,#4705);
#4708=PLANE('',#4707);
#4709=CARTESIAN_POINT('',(-15.175644167766,40.,-15.175));
#4710=VERTEX_POINT('',#4709);
#4711=CARTESIAN_POINT('',(-13.780443371098,40.,-15.175));
#4712=DIRECTION('',(-1.,0.,0.));
#4713=VECTOR('',#4712,1.3952007966676);
#4714=LINE('',#4711,#4713);
#4715=EDGE_CURVE('',#2730,#4710,#4714,.T.);
#4716=ORIENTED_EDGE('',*,*,#4715,.T.);
#4717=CARTESIAN_POINT('',(-15.175644167766,40.,-15.175));
#4718=DIRECTION('',(0.,0.,1.));
#4719=VECTOR('',#4718,1.394678253074);
#4720=LINE('',#4717,#4719);
#4721=EDGE_CURVE('',#4710,#2301,#4720,.T.);
#4722=ORIENTED_EDGE('',*,*,#4721,.T.);
#4723=ORIENTED_EDGE('',*,*,#2743,.F.);
#4724=EDGE_LOOP('',(#4716,#4722,#4723));
#4725=FACE_OUTER_BOUND('',#4724,.T.);
#4726=ADVANCED_FACE('',(#4725),#4708,.T.);
#4727=CARTESIAN_POINT('',(-15.5,40.,-15.5));
#4728=DIRECTION('',(0.,0.,1.));
#4729=DIRECTION('',(0.,1.,0.));
#4730=AXIS2_PLACEMENT_3D('',#4727,#4729,#4728);
#4731=PLANE('',#4730);
#4732=CARTESIAN_POINT('',(-15.824355832234,40.,-15.825));
#4733=VERTEX_POINT('',#4732);
#4734=CARTESIAN_POINT('',(-15.824355832234,40.,-17.219678253074));
#4735=VERTEX_POINT('',#4734);
#4736=CARTESIAN_POINT('',(-15.824355832234,40.,-15.825));
#4737=DIRECTION('',(0.,0.,-1.));
#4738=VECTOR('',#4737,1.394678253074);
#4739=LINE('',#4736,#4738);
#4740=EDGE_CURVE('',#4733,#4735,#4739,.T.);
#4741=ORIENTED_EDGE('',*,*,#4740,.T.);
#4742=CARTESIAN_POINT('',(-17.219556628902,40.,-15.825));
#4743=VERTEX_POINT('',#4742);
#4744=CARTESIAN_POINT('',(-15.5,40.,-15.5));
#4745=DIRECTION('',(-0.1853461898481,0.,-0.98267328747086));
#4746=DIRECTION('',(4.1247409058785E-15,1.,4.1262863210527E-15));
#4747=AXIS2_PLACEMENT_3D('',#4744,#4746,#4745);
#4748=CIRCLE('',#4747,1.75);
#4749=EDGE_CURVE('',#4735,#4743,#4748,.T.);
#4750=ORIENTED_EDGE('',*,*,#4749,.T.);
#4751=CARTESIAN_POINT('',(-17.219556628902,40.,-15.825));
#4752=DIRECTION('',(1.,0.,0.));
#4753=VECTOR('',#4752,1.3952007966676);
#4754=LINE('',#4751,#4753);
#4755=EDGE_CURVE('',#4743,#4733,#4754,.T.);
#4756=ORIENTED_EDGE('',*,*,#4755,.T.);
#4757=EDGE_LOOP('',(#4741,#4750,#4756));
#4758=FACE_OUTER_BOUND('',#4757,.T.);
#4759=ADVANCED_FACE('',(#4758),#4731,.T.);
#4760=CARTESIAN_POINT('',(-15.5,40.,-15.5));
#4761=DIRECTION('',(0.,0.,1.));
#4762=DIRECTION('',(0.,1.,0.));
#4763=AXIS2_PLACEMENT_3D('',#4760,#4762,#4761);
#4764=PLANE('',#4763);
#4765=CARTESIAN_POINT('',(-15.824355832234,40.,-13.780321746926));
#4766=VERTEX_POINT('',#4765);
#4767=CARTESIAN_POINT('',(-15.824355832234,40.,-15.175));
#4768=VERTEX_POINT('',#4767);
#4769=CARTESIAN_POINT('',(-15.824355832234,40.,-13.780321746926));
#4770=DIRECTION('',(0.,0.,-1.));
#4771=VECTOR('',#4770,1.394678253074);
#4772=LINE('',#4769,#4771);
#4773=EDGE_CURVE('',#4766,#4768,#4772,.T.);
#4774=ORIENTED_EDGE('',*,*,#4773,.T.);
#4775=CARTESIAN_POINT('',(-17.219556628902,40.,-15.175));
#4776=VERTEX_POINT('',#4775);
#4777=CARTESIAN_POINT('',(-15.824355832234,40.,-15.175));
#4778=DIRECTION('',(-1.,0.,5.0927632600069E-15));
#4779=VECTOR('',#4778,1.3952007966676);
#4780=LINE('',#4777,#4779);
#4781=EDGE_CURVE('',#4768,#4776,#4780,.T.);
#4782=ORIENTED_EDGE('',*,*,#4781,.T.);
#4783=CARTESIAN_POINT('',(-15.5,40.,-15.5));
#4784=DIRECTION('',(-0.98260378794386,-4.0602442043434E-15,0.18571428571429));
#4785=DIRECTION('',(-0.,1.,0.));
#4786=AXIS2_PLACEMENT_3D('',#4783,#4785,#4784);
#4787=CIRCLE('',#4786,1.75);
#4788=EDGE_CURVE('',#4776,#4766,#4787,.T.);
#4789=ORIENTED_EDGE('',*,*,#4788,.T.);
#4790=EDGE_LOOP('',(#4774,#4782,#4789));
#4791=FACE_OUTER_BOUND('',#4790,.T.);
#4792=ADVANCED_FACE('',(#4791),#4764,.T.);
#4793=CARTESIAN_POINT('',(15.5,39.5,15.5));
#4794=DIRECTION('',(-1.1160552223032E-14,4.5704507483223E-15,-1.));
#4795=DIRECTION('',(8.8795130528382E-15,-1.,-4.5704507483224E-15));
#4796=AXIS2_PLACEMENT_3D('',#4793,#4795,#4794);
#4797=TOROIDAL_SURFACE('',#4796,1.75,0.5);
#4798=ORIENTED_EDGE('',*,*,#2909,.F.);
#4799=CARTESIAN_POINT('',(15.5,39.5,15.5));
#4800=DIRECTION('',(-2.368475785867E-15,0.,-1.));
#4801=DIRECTION('',(0.,1.,-0.));
#4802=AXIS2_PLACEMENT_3D('',#4799,#4801,#4800);
#4803=CIRCLE('',#4802,2.25);
#4804=EDGE_CURVE('',#2366,#2368,#4803,.T.);
#4805=ORIENTED_EDGE('',*,*,#4804,.T.);
#4806=ORIENTED_EDGE('',*,*,#2951,.F.);
#4807=CARTESIAN_POINT('',(15.5,40.,15.5));
#4808=DIRECTION('',(5.0753052554295E-15,1.1774708192597E-13,1.));
#4809=DIRECTION('',(-1.0881916623477E-14,-1.,1.164053354619E-13));
#4810=AXIS2_PLACEMENT_3D('',#4807,#4809,#4808);
#4811=CIRCLE('',#4810,1.7499999999999);
#4812=EDGE_CURVE('',#2251,#4407,#4811,.T.);
#4813=ORIENTED_EDGE('',*,*,#4812,.T.);
#4814=ORIENTED_EDGE('',*,*,#4413,.F.);
#4815=ORIENTED_EDGE('',*,*,#4444,.F.);
#4816=ORIENTED_EDGE('',*,*,#4481,.F.);
#4817=CARTESIAN_POINT('',(15.5,40.,15.5));
#4818=DIRECTION('',(-0.1853461898481,6.0903663065148E-14,-0.98267328747086));
#4819=DIRECTION('',(-5.2709283644973E-15,-1.,-5.6383834364363E-14));
#4820=AXIS2_PLACEMENT_3D('',#4817,#4819,#4818);
#4821=CIRCLE('',#4820,1.7500000000001);
#4822=EDGE_CURVE('',#4469,#2903,#4821,.T.);
#4823=ORIENTED_EDGE('',*,*,#4822,.T.);
#4824=EDGE_LOOP('',(#4798,#4805,#4806,#4813,#4814,#4815,#4816,#4823));
#4825=FACE_OUTER_BOUND('',#4824,.T.);
#4826=ADVANCED_FACE('',(#4825),#4797,.T.);
#4827=CARTESIAN_POINT('',(-15.5,39.5,15.5));
#4828=DIRECTION('',(-3.0308568742145E-14,2.2852256392019E-15,-1.));
#4829=DIRECTION('',(4.4397570414031E-15,-1.,-2.285225639202E-15));
#4830=AXIS2_PLACEMENT_3D('',#4827,#4829,#4828);
#4831=TOROIDAL_SURFACE('',#4830,1.75,0.5);
#4832=ORIENTED_EDGE('',*,*,#2839,.F.);
#4833=CARTESIAN_POINT('',(-15.5,39.5,15.5));
#4834=DIRECTION('',(1.5789838572447E-15,0.,-1.));
#4835=DIRECTION('',(0.,1.,-0.));
#4836=AXIS2_PLACEMENT_3D('',#4833,#4835,#4834);
#4837=CIRCLE('',#4836,2.25);
#4838=EDGE_CURVE('',#2324,#2326,#4837,.T.);
#4839=ORIENTED_EDGE('',*,*,#4838,.T.);
#4840=ORIENTED_EDGE('',*,*,#2891,.F.);
#4841=CARTESIAN_POINT('',(-15.5,40.,15.5));
#4842=DIRECTION('',(-1.0150610510858E-14,6.0903663065147E-14,1.));
#4843=DIRECTION('',(-5.2603428977381E-15,-1.,5.6157100218898E-14));
#4844=AXIS2_PLACEMENT_3D('',#4841,#4843,#4842);
#4845=CIRCLE('',#4844,1.7500000000001);
#4846=EDGE_CURVE('',#2878,#4626,#4845,.T.);
#4847=ORIENTED_EDGE('',*,*,#4846,.T.);
#4848=ORIENTED_EDGE('',*,*,#4632,.F.);
#4849=CARTESIAN_POINT('',(-15.5,40.,15.5));
#4850=DIRECTION('',(-0.98267328747086,0.,0.18534618984809));
#4851=DIRECTION('',(0.,-1.,0.));
#4852=AXIS2_PLACEMENT_3D('',#4849,#4851,#4850);
#4853=CIRCLE('',#4852,1.75);
#4854=EDGE_CURVE('',#4618,#4540,#4853,.T.);
#4855=ORIENTED_EDGE('',*,*,#4854,.T.);
#4856=ORIENTED_EDGE('',*,*,#4546,.F.);
#4857=ORIENTED_EDGE('',*,*,#4576,.F.);
#4858=EDGE_LOOP('',(#4832,#4839,#4840,#4847,#4848,#4855,#4856,#4857));
#4859=FACE_OUTER_BOUND('',#4858,.T.);
#4860=ADVANCED_FACE('',(#4859),#4831,.T.);
#4861=CARTESIAN_POINT('',(15.5,39.5,-15.5));
#4862=DIRECTION('',(4.1517352868196E-14,-2.2852256469623E-15,-1.));
#4863=DIRECTION('',(1.3319271109262E-14,-1.,2.2852256469628E-15));
#4864=AXIS2_PLACEMENT_3D('',#4861,#4863,#4862);
#4865=TOROIDAL_SURFACE('',#4864,1.75,0.50000000000001);
#4866=ORIENTED_EDGE('',*,*,#2769,.F.);
#4867=CARTESIAN_POINT('',(15.5,39.5,-15.5));
#4868=DIRECTION('',(-7.8949192862233E-16,0.,-1.));
#4869=DIRECTION('',(0.,1.,-0.));
#4870=AXIS2_PLACEMENT_3D('',#4867,#4869,#4868);
#4871=CIRCLE('',#4870,2.25);
#4872=EDGE_CURVE('',#2408,#2410,#4871,.T.);
#4873=ORIENTED_EDGE('',*,*,#4872,.T.);
#4874=ORIENTED_EDGE('',*,*,#2821,.F.);
#4875=ORIENTED_EDGE('',*,*,#4300,.F.);
#4876=ORIENTED_EDGE('',*,*,#4338,.F.);
#4877=CARTESIAN_POINT('',(15.5,40.,-15.5));
#4878=DIRECTION('',(-0.98267328747086,0.,0.1853461898481));
#4879=DIRECTION('',(0.,-1.,0.));
#4880=AXIS2_PLACEMENT_3D('',#4877,#4879,#4878);
#4881=CIRCLE('',#4880,1.75);
#4882=EDGE_CURVE('',#4326,#4372,#4881,.T.);
#4883=ORIENTED_EDGE('',*,*,#4882,.T.);
#4884=ORIENTED_EDGE('',*,*,#4394,.F.);
#4885=CARTESIAN_POINT('',(15.5,40.,-15.5));
#4886=DIRECTION('',(-0.18571428571428,-1.7459050078675E-13,-0.98260378794387));
#4887=DIRECTION('',(1.6290094134932E-14,-1.,1.7390585874242E-13));
#4888=AXIS2_PLACEMENT_3D('',#4885,#4887,#4886);
#4889=CIRCLE('',#4888,1.7500000000002);
#4890=EDGE_CURVE('',#4382,#2763,#4889,.T.);
#4891=ORIENTED_EDGE('',*,*,#4890,.T.);
#4892=EDGE_LOOP('',(#4866,#4873,#4874,#4875,#4876,#4883,#4884,#4891));
#4893=FACE_OUTER_BOUND('',#4892,.T.);
#4894=ADVANCED_FACE('',(#4893),#4865,.T.);
#4895=CARTESIAN_POINT('',(-15.5,39.5,-15.5));
#4896=DIRECTION('',(2.0692840274024E-14,-3.8490176774687E-24,-1.));
#4897=DIRECTION('',(8.8795130454245E-15,-1.,3.8492014198138E-24));
#4898=AXIS2_PLACEMENT_3D('',#4895,#4897,#4896);
#4899=TOROIDAL_SURFACE('',#4898,1.75,0.49999999999999);
#4900=ORIENTED_EDGE('',*,*,#2709,.F.);
#4901=CARTESIAN_POINT('',(-15.5,39.5,-15.5));
#4902=DIRECTION('',(2.368475785867E-15,0.,-1.));
#4903=DIRECTION('',(0.,1.,-0.));
#4904=AXIS2_PLACEMENT_3D('',#4901,#4903,#4902);
#4905=CIRCLE('',#4904,2.25);
#4906=EDGE_CURVE('',#2576,#2578,#4905,.T.);
#4907=ORIENTED_EDGE('',*,*,#4906,.T.);
#4908=ORIENTED_EDGE('',*,*,#2751,.F.);
#4909=CARTESIAN_POINT('',(-15.5,40.,-15.5));
#4910=DIRECTION('',(3.0451831532576E-15,1.1774708192596E-13,1.));
#4911=DIRECTION('',(-1.0881916623477E-14,-1.,1.164053354619E-13));
#4912=AXIS2_PLACEMENT_3D('',#4909,#4911,#4910);
#4913=CIRCLE('',#4912,1.75);
#4914=EDGE_CURVE('',#2293,#4766,#4913,.T.);
#4915=ORIENTED_EDGE('',*,*,#4914,.T.);
#4916=ORIENTED_EDGE('',*,*,#4788,.F.);
#4917=CARTESIAN_POINT('',(-15.5,40.,-15.5));
#4918=DIRECTION('',(-0.98260378794387,4.0602442043433E-14,0.18571428571428));
#4919=DIRECTION('',(-4.5585581711806E-14,-1.,-0.));
#4920=AXIS2_PLACEMENT_3D('',#4917,#4919,#4918);
#4921=CIRCLE('',#4920,1.7500000000001);
#4922=EDGE_CURVE('',#4776,#4743,#4921,.T.);
#4923=ORIENTED_EDGE('',*,*,#4922,.T.);
#4924=ORIENTED_EDGE('',*,*,#4749,.F.);
#4925=CARTESIAN_POINT('',(-15.5,40.,-15.5));
#4926=DIRECTION('',(-0.18534618984811,-2.3143391964759E-13,-0.98267328747086));
#4927=DIRECTION('',(2.1933863194195E-14,-1.,2.3462950429038E-13));
#4928=AXIS2_PLACEMENT_3D('',#4925,#4927,#4926);
#4929=CIRCLE('',#4928,1.7499999999999);
#4930=EDGE_CURVE('',#4735,#2703,#4929,.T.);
#4931=ORIENTED_EDGE('',*,*,#4930,.T.);
#4932=EDGE_LOOP('',(#4900,#4907,#4908,#4915,#4916,#4923,#4924,#4931));
#4933=FACE_OUTER_BOUND('',#4932,.T.);
#4934=ADVANCED_FACE('',(#4933),#4899,.T.);
#4935=CARTESIAN_POINT('',(0.,8.,0.));
#4936=DIRECTION('',(0.,0.,1.));
#4937=DIRECTION('',(0.,1.,0.));
#4938=AXIS2_PLACEMENT_3D('',#4935,#4937,#4936);
#4939=PLANE('',#4938);
#4940=CARTESIAN_POINT('',(-21.,8.,13.748090776541));
#4941=VERTEX_POINT('',#4940);
#4942=CARTESIAN_POINT('',(3.5527136788005E-15,8.,-3.5527136788005E-15));
#4943=DIRECTION('',(-0.54773270026058,0.,0.83665338645418));
#4944=DIRECTION('',(0.,-1.,-0.));
#4945=AXIS2_PLACEMENT_3D('',#4942,#4944,#4943);
#4946=CIRCLE('',#4945,25.1);
#4947=EDGE_CURVE('',#3793,#4941,#4946,.T.);
#4948=ORIENTED_EDGE('',*,*,#4947,.T.);
#4949=CARTESIAN_POINT('',(-21.,8.,16.970562748477));
#4950=VERTEX_POINT('',#4949);
#4951=CARTESIAN_POINT('',(-21.,8.,13.748090776541));
#4952=DIRECTION('',(0.,0.,1.));
#4953=VECTOR('',#4952,3.2224719719365);
#4954=LINE('',#4951,#4953);
#4955=EDGE_CURVE('',#4941,#4950,#4954,.T.);
#4956=ORIENTED_EDGE('',*,*,#4955,.T.);
#4957=CARTESIAN_POINT('',(8.5265128291212E-14,8.,-8.5265128291212E-14));
#4958=DIRECTION('',(-0.77777777777778,0.,0.62853936105471));
#4959=DIRECTION('',(-0.,1.,0.));
#4960=AXIS2_PLACEMENT_3D('',#4957,#4959,#4958);
#4961=CIRCLE('',#4960,27.);
#4962=EDGE_CURVE('',#4950,#3801,#4961,.T.);
#4963=ORIENTED_EDGE('',*,*,#4962,.T.);
#4964=ORIENTED_EDGE('',*,*,#3806,.F.);
#4965=EDGE_LOOP('',(#4948,#4956,#4963,#4964));
#4966=FACE_OUTER_BOUND('',#4965,.T.);
#4967=ADVANCED_FACE('',(#4966),#4939,.T.);
#4968=CARTESIAN_POINT('',(0.,8.,0.));
#4969=DIRECTION('',(0.,0.,1.));
#4970=DIRECTION('',(0.,1.,0.));
#4971=AXIS2_PLACEMENT_3D('',#4968,#4970,#4969);
#4972=PLANE('',#4971);
#4973=CARTESIAN_POINT('',(-21.,8.,-13.748090776541));
#4974=VERTEX_POINT('',#4973);
#4975=CARTESIAN_POINT('',(-13.748090776541,8.,-21.));
#4976=VERTEX_POINT('',#4975);
#4977=CARTESIAN_POINT('',(1.7763568394003E-14,8.,3.1974423109205E-14));
#4978=DIRECTION('',(-0.83665338645418,0.,-0.54773270026058));
#4979=DIRECTION('',(0.,-1.,0.));
#4980=AXIS2_PLACEMENT_3D('',#4977,#4979,#4978);
#4981=CIRCLE('',#4980,25.1);
#4982=EDGE_CURVE('',#4974,#4976,#4981,.T.);
#4983=ORIENTED_EDGE('',*,*,#4982,.T.);
#4984=CARTESIAN_POINT('',(-16.970562748477,8.,-21.));
#4985=VERTEX_POINT('',#4984);
#4986=CARTESIAN_POINT('',(-13.748090776541,8.,-21.));
#4987=DIRECTION('',(-1.,0.,0.));
#4988=VECTOR('',#4987,3.2224719719366);
#4989=LINE('',#4986,#4988);
#4990=EDGE_CURVE('',#4976,#4985,#4989,.T.);
#4991=ORIENTED_EDGE('',*,*,#4990,.T.);
#4992=CARTESIAN_POINT('',(-21.,8.,-16.970562748477));
#4993=VERTEX_POINT('',#4992);
#4994=CARTESIAN_POINT('',(-1.1723955140042E-13,8.,-8.8817841970013E-14));
#4995=DIRECTION('',(-0.62853936105471,0.,-0.77777777777778));
#4996=DIRECTION('',(0.,1.,-0.));
#4997=AXIS2_PLACEMENT_3D('',#4994,#4996,#4995);
#4998=CIRCLE('',#4997,27.);
#4999=EDGE_CURVE('',#4985,#4993,#4998,.T.);
#5000=ORIENTED_EDGE('',*,*,#4999,.T.);
#5001=CARTESIAN_POINT('',(-21.,8.,-16.970562748477));
#5002=DIRECTION('',(-2.2049617248745E-15,0.,1.));
#5003=VECTOR('',#5002,3.2224719719366);
#5004=LINE('',#5001,#5003);
#5005=EDGE_CURVE('',#4993,#4974,#5004,.T.);
#5006=ORIENTED_EDGE('',*,*,#5005,.T.);
#5007=EDGE_LOOP('',(#4983,#4991,#5000,#5006));
#5008=FACE_OUTER_BOUND('',#5007,.T.);
#5009=ADVANCED_FACE('',(#5008),#4972,.T.);
#5010=CARTESIAN_POINT('',(0.,8.,0.));
#5011=DIRECTION('',(0.,0.,1.));
#5012=DIRECTION('',(0.,1.,0.));
#5013=AXIS2_PLACEMENT_3D('',#5010,#5012,#5011);
#5014=PLANE('',#5013);
#5015=CARTESIAN_POINT('',(13.748090776541,8.,-21.));
#5016=VERTEX_POINT('',#5015);
#5017=CARTESIAN_POINT('',(21.,8.,-13.748090776541));
#5018=VERTEX_POINT('',#5017);
#5019=CARTESIAN_POINT('',(2.8421709430404E-14,8.,-2.1316282072803E-14));
#5020=DIRECTION('',(0.54773270026058,0.,-0.83665338645418));
#5021=DIRECTION('',(0.,-1.,0.));
#5022=AXIS2_PLACEMENT_3D('',#5019,#5021,#5020);
#5023=CIRCLE('',#5022,25.1);
#5024=EDGE_CURVE('',#5016,#5018,#5023,.T.);
#5025=ORIENTED_EDGE('',*,*,#5024,.T.);
#5026=CARTESIAN_POINT('',(21.,8.,-16.970562748477));
#5027=VERTEX_POINT('',#5026);
#5028=CARTESIAN_POINT('',(21.,8.,-13.748090776541));
#5029=DIRECTION('',(0.,0.,-1.));
#5030=VECTOR('',#5029,3.2224719719366);
#5031=LINE('',#5028,#5030);
#5032=EDGE_CURVE('',#5018,#5027,#5031,.T.);
#5033=ORIENTED_EDGE('',*,*,#5032,.T.);
#5034=CARTESIAN_POINT('',(16.970562748477,8.,-21.));
#5035=VERTEX_POINT('',#5034);
#5036=CARTESIAN_POINT('',(6.750155989721E-14,8.,-6.3948846218409E-14));
#5037=DIRECTION('',(0.77777777777778,0.,-0.62853936105471));
#5038=DIRECTION('',(0.,1.,0.));
#5039=AXIS2_PLACEMENT_3D('',#5036,#5038,#5037);
#5040=CIRCLE('',#5039,27.);
#5041=EDGE_CURVE('',#5027,#5035,#5040,.T.);
#5042=ORIENTED_EDGE('',*,*,#5041,.T.);
#5043=CARTESIAN_POINT('',(16.970562748477,8.,-21.));
#5044=DIRECTION('',(-1.,0.,0.));
#5045=VECTOR('',#5044,3.2224719719366);
#5046=LINE('',#5043,#5045);
#5047=EDGE_CURVE('',#5035,#5016,#5046,.T.);
#5048=ORIENTED_EDGE('',*,*,#5047,.T.);
#5049=EDGE_LOOP('',(#5025,#5033,#5042,#5048));
#5050=FACE_OUTER_BOUND('',#5049,.T.);
#5051=ADVANCED_FACE('',(#5050),#5014,.T.);
#5052=CARTESIAN_POINT('',(1.9895196601283E-13,8.,-2.3803181647963E-13));
#5053=DIRECTION('',(0.77777777777886,0.,-0.62853936105337));
#5054=DIRECTION('',(0.,-1.,0.));
#5055=AXIS2_PLACEMENT_3D('',#5052,#5054,#5053);
#5056=CYLINDRICAL_SURFACE('',#5055,27.);
#5057=ORIENTED_EDGE('',*,*,#4162,.F.);
#5058=CARTESIAN_POINT('',(16.970562748477,0.,-21.));
#5059=DIRECTION('',(0.,1.,0.));
#5060=VECTOR('',#5059,8.);
#5061=LINE('',#5058,#5060);
#5062=EDGE_CURVE('',#4154,#5035,#5061,.T.);
#5063=ORIENTED_EDGE('',*,*,#5062,.T.);
#5064=ORIENTED_EDGE('',*,*,#5041,.F.);
#5065=CARTESIAN_POINT('',(21.,8.,-16.970562748477));
#5066=DIRECTION('',(0.,-1.,0.));
#5067=VECTOR('',#5066,8.);
#5068=LINE('',#5065,#5067);
#5069=EDGE_CURVE('',#5027,#4156,#5068,.T.);
#5070=ORIENTED_EDGE('',*,*,#5069,.T.);
#5071=EDGE_LOOP('',(#5057,#5063,#5064,#5070));
#5072=FACE_OUTER_BOUND('',#5071,.T.);
#5073=ADVANCED_FACE('',(#5072),#5056,.T.);
#5074=CARTESIAN_POINT('',(-16.970562748477,8.,-21.));
#5075=DIRECTION('',(1.,0.,-2.0934566115784E-16));
#5076=DIRECTION('',(-2.0934566115784E-16,-0.,-1.));
#5077=AXIS2_PLACEMENT_3D('',#5074,#5076,#5075);
#5078=PLANE('',#5077);
#5079=ORIENTED_EDGE('',*,*,#4210,.F.);
#5080=CARTESIAN_POINT('',(-16.970562748477,0.,-21.));
#5081=DIRECTION('',(0.,1.,0.));
#5082=VECTOR('',#5081,8.);
#5083=LINE('',#5080,#5082);
#5084=EDGE_CURVE('',#4198,#4985,#5083,.T.);
#5085=ORIENTED_EDGE('',*,*,#5084,.T.);
#5086=ORIENTED_EDGE('',*,*,#4990,.F.);
#5087=CARTESIAN_POINT('',(-13.748090776541,31.,-21.));
#5088=VERTEX_POINT('',#5087);
#5089=CARTESIAN_POINT('',(-13.748090776541,8.,-21.));
#5090=DIRECTION('',(-3.0893162424352E-16,1.,3.0893162424352E-16));
#5091=VECTOR('',#5090,23.);
#5092=LINE('',#5089,#5091);
#5093=EDGE_CURVE('',#4976,#5088,#5092,.T.);
#5094=ORIENTED_EDGE('',*,*,#5093,.T.);
#5095=CARTESIAN_POINT('',(-16.970562748477,31.,-21.));
#5096=VERTEX_POINT('',#5095);
#5097=CARTESIAN_POINT('',(-13.748090776541,31.,-21.));
#5098=DIRECTION('',(-1.,0.,1.1024808624373E-15));
#5099=VECTOR('',#5098,3.2224719719366);
#5100=LINE('',#5097,#5099);
#5101=EDGE_CURVE('',#5088,#5096,#5100,.T.);
#5102=ORIENTED_EDGE('',*,*,#5101,.T.);
#5103=CARTESIAN_POINT('',(-16.970562748477,40.5,-21.));
#5104=VERTEX_POINT('',#5103);
#5105=CARTESIAN_POINT('',(-16.970562748477,31.,-21.));
#5106=DIRECTION('',(0.,1.,0.));
#5107=VECTOR('',#5106,9.5);
#5108=LINE('',#5105,#5107);
#5109=EDGE_CURVE('',#5096,#5104,#5108,.T.);
#5110=ORIENTED_EDGE('',*,*,#5109,.T.);
#5111=CARTESIAN_POINT('',(16.970562748477,40.5,-21.));
#5112=VERTEX_POINT('',#5111);
#5113=CARTESIAN_POINT('',(-16.970562748477,40.5,-21.));
#5114=DIRECTION('',(1.,0.,-1.0467283057892E-16));
#5115=VECTOR('',#5114,33.941125496954);
#5116=LINE('',#5113,#5115);
#5117=EDGE_CURVE('',#5104,#5112,#5116,.T.);
#5118=ORIENTED_EDGE('',*,*,#5117,.T.);
#5119=CARTESIAN_POINT('',(16.970562748477,31.,-21.));
#5120=VERTEX_POINT('',#5119);
#5121=CARTESIAN_POINT('',(16.970562748477,40.5,-21.));
#5122=DIRECTION('',(0.,-1.,0.));
#5123=VECTOR('',#5122,9.5);
#5124=LINE('',#5121,#5123);
#5125=EDGE_CURVE('',#5112,#5120,#5124,.T.);
#5126=ORIENTED_EDGE('',*,*,#5125,.T.);
#5127=CARTESIAN_POINT('',(13.748090776541,31.,-21.));
#5128=VERTEX_POINT('',#5127);
#5129=CARTESIAN_POINT('',(16.970562748477,31.,-21.));
#5130=DIRECTION('',(-1.,0.,-2.2049617248745E-15));
#5131=VECTOR('',#5130,3.2224719719366);
#5132=LINE('',#5129,#5131);
#5133=EDGE_CURVE('',#5120,#5128,#5132,.T.);
#5134=ORIENTED_EDGE('',*,*,#5133,.T.);
#5135=CARTESIAN_POINT('',(13.748090776541,31.,-21.));
#5136=DIRECTION('',(-4.6339743636528E-16,-1.,-3.0893162424352E-16));
#5137=VECTOR('',#5136,23.);
#5138=LINE('',#5135,#5137);
#5139=EDGE_CURVE('',#5128,#5016,#5138,.T.);
#5140=ORIENTED_EDGE('',*,*,#5139,.T.);
#5141=ORIENTED_EDGE('',*,*,#5047,.F.);
#5142=ORIENTED_EDGE('',*,*,#5062,.F.);
#5143=EDGE_LOOP('',(#5079,#5085,#5086,#5094,#5102,#5110,#5118,#5126,#5134,#5140,#5141,#5142));
#5144=FACE_OUTER_BOUND('',#5143,.T.);
#5145=ADVANCED_FACE('',(#5144),#5078,.T.);
#5146=CARTESIAN_POINT('',(-2.5579538487364E-12,8.,-3.0340174816956E-12));
#5147=DIRECTION('',(-0.62853936105337,0.,-0.77777777777886));
#5148=DIRECTION('',(0.,-1.,0.));
#5149=AXIS2_PLACEMENT_3D('',#5146,#5148,#5147);
#5150=CYLINDRICAL_SURFACE('',#5149,26.999999999996);
#5151=ORIENTED_EDGE('',*,*,#4204,.F.);
#5152=CARTESIAN_POINT('',(-21.,0.,-16.970562748477));
#5153=DIRECTION('',(0.,1.,0.));
#5154=VECTOR('',#5153,8.);
#5155=LINE('',#5152,#5154);
#5156=EDGE_CURVE('',#4190,#4993,#5155,.T.);
#5157=ORIENTED_EDGE('',*,*,#5156,.T.);
#5158=ORIENTED_EDGE('',*,*,#4999,.F.);
#5159=ORIENTED_EDGE('',*,*,#5084,.F.);
#5160=EDGE_LOOP('',(#5151,#5157,#5158,#5159));
#5161=FACE_OUTER_BOUND('',#5160,.T.);
#5162=ADVANCED_FACE('',(#5161),#5150,.T.);
#5163=CARTESIAN_POINT('',(-21.,8.,-16.970562748477));
#5164=DIRECTION('',(0.,0.,-1.));
#5165=DIRECTION('',(-1.,-0.,-0.));
#5166=AXIS2_PLACEMENT_3D('',#5163,#5165,#5164);
#5167=PLANE('',#5166);
#5168=ORIENTED_EDGE('',*,*,#4195,.F.);
#5169=CARTESIAN_POINT('',(-21.,0.,16.970562748477));
#5170=DIRECTION('',(0.,1.,0.));
#5171=VECTOR('',#5170,8.);
#5172=LINE('',#5169,#5171);
#5173=EDGE_CURVE('',#4181,#4950,#5172,.T.);
#5174=ORIENTED_EDGE('',*,*,#5173,.T.);
#5175=ORIENTED_EDGE('',*,*,#4955,.F.);
#5176=CARTESIAN_POINT('',(-21.,31.,13.748090776541));
#5177=VERTEX_POINT('',#5176);
#5178=CARTESIAN_POINT('',(-21.,8.,13.748090776541));
#5179=DIRECTION('',(0.,1.,0.));
#5180=VECTOR('',#5179,23.);
#5181=LINE('',#5178,#5180);
#5182=EDGE_CURVE('',#4941,#5177,#5181,.T.);
#5183=ORIENTED_EDGE('',*,*,#5182,.T.);
#5184=CARTESIAN_POINT('',(-21.,31.,16.970562748477));
#5185=VERTEX_POINT('',#5184);
#5186=CARTESIAN_POINT('',(-21.,31.,13.748090776541));
#5187=DIRECTION('',(0.,0.,1.));
#5188=VECTOR('',#5187,3.2224719719366);
#5189=LINE('',#5186,#5188);
#5190=EDGE_CURVE('',#5177,#5185,#5189,.T.);
#5191=ORIENTED_EDGE('',*,*,#5190,.T.);
#5192=CARTESIAN_POINT('',(-21.,40.5,16.970562748477));
#5193=VERTEX_POINT('',#5192);
#5194=CARTESIAN_POINT('',(-21.,31.,16.970562748477));
#5195=DIRECTION('',(0.,1.,0.));
#5196=VECTOR('',#5195,9.5);
#5197=LINE('',#5194,#5196);
#5198=EDGE_CURVE('',#5185,#5193,#5197,.T.);
#5199=ORIENTED_EDGE('',*,*,#5198,.T.);
#5200=CARTESIAN_POINT('',(-21.,40.5,-16.970562748477));
#5201=VERTEX_POINT('',#5200);
#5202=CARTESIAN_POINT('',(-21.,40.5,16.970562748477));
#5203=DIRECTION('',(1.0467283057892E-16,0.,-1.));
#5204=VECTOR('',#5203,33.941125496954);
#5205=LINE('',#5202,#5204);
#5206=EDGE_CURVE('',#5193,#5201,#5205,.T.);
#5207=ORIENTED_EDGE('',*,*,#5206,.T.);
#5208=CARTESIAN_POINT('',(-21.,31.,-16.970562748477));
#5209=VERTEX_POINT('',#5208);
#5210=CARTESIAN_POINT('',(-21.,40.5,-16.970562748477));
#5211=DIRECTION('',(0.,-1.,0.));
#5212=VECTOR('',#5211,9.5);
#5213=LINE('',#5210,#5212);
#5214=EDGE_CURVE('',#5201,#5209,#5213,.T.);
#5215=ORIENTED_EDGE('',*,*,#5214,.T.);
#5216=CARTESIAN_POINT('',(-21.,31.,-13.748090776541));
#5217=VERTEX_POINT('',#5216);
#5218=CARTESIAN_POINT('',(-21.,31.,-16.970562748477));
#5219=DIRECTION('',(0.,0.,1.));
#5220=VECTOR('',#5219,3.2224719719365);
#5221=LINE('',#5218,#5220);
#5222=EDGE_CURVE('',#5209,#5217,#5221,.T.);
#5223=ORIENTED_EDGE('',*,*,#5222,.T.);
#5224=CARTESIAN_POINT('',(-21.,31.,-13.748090776541));
#5225=DIRECTION('',(-1.5446581212176E-16,-1.,1.5446581212176E-16));
#5226=VECTOR('',#5225,23.);
#5227=LINE('',#5224,#5226);
#5228=EDGE_CURVE('',#5217,#4974,#5227,.T.);
#5229=ORIENTED_EDGE('',*,*,#5228,.T.);
#5230=ORIENTED_EDGE('',*,*,#5005,.F.);
#5231=ORIENTED_EDGE('',*,*,#5156,.F.);
#5232=EDGE_LOOP('',(#5168,#5174,#5175,#5183,#5191,#5199,#5207,#5215,#5223,#5229,#5230,#5231));
#5233=FACE_OUTER_BOUND('',#5232,.T.);
#5234=ADVANCED_FACE('',(#5233),#5167,.T.);
#5235=CARTESIAN_POINT('',(-2.6396662633488E-12,8.,2.4158453015843E-12));
#5236=DIRECTION('',(-0.77777777777887,6.579099405187E-16,0.62853936105336));
#5237=DIRECTION('',(0.,-1.,0.));
#5238=AXIS2_PLACEMENT_3D('',#5235,#5237,#5236);
#5239=CYLINDRICAL_SURFACE('',#5238,26.999999999996);
#5240=ORIENTED_EDGE('',*,*,#4187,.F.);
#5241=ORIENTED_EDGE('',*,*,#3814,.F.);
#5242=ORIENTED_EDGE('',*,*,#4962,.F.);
#5243=ORIENTED_EDGE('',*,*,#5173,.F.);
#5244=EDGE_LOOP('',(#5240,#5241,#5242,#5243));
#5245=FACE_OUTER_BOUND('',#5244,.T.);
#5246=ADVANCED_FACE('',(#5245),#5239,.T.);
#5247=CARTESIAN_POINT('',(1.5631940186722E-13,8.,1.8829382497643E-13));
#5248=DIRECTION('',(0.62853936105337,0.,0.77777777777886));
#5249=DIRECTION('',(0.,-1.,0.));
#5250=AXIS2_PLACEMENT_3D('',#5247,#5249,#5248);
#5251=CYLINDRICAL_SURFACE('',#5250,27.);
#5252=ORIENTED_EDGE('',*,*,#4177,.F.);
#5253=CARTESIAN_POINT('',(21.,8.,16.970562748477));
#5254=VERTEX_POINT('',#5253);
#5255=CARTESIAN_POINT('',(21.,0.,16.970562748477));
#5256=DIRECTION('',(0.,1.,0.));
#5257=VECTOR('',#5256,8.);
#5258=LINE('',#5255,#5257);
#5259=EDGE_CURVE('',#4165,#5254,#5258,.T.);
#5260=ORIENTED_EDGE('',*,*,#5259,.T.);
#5261=CARTESIAN_POINT('',(2.6645352591004E-13,8.,2.5934809855244E-13));
#5262=DIRECTION('',(0.77777777777778,0.,0.62853936105471));
#5263=DIRECTION('',(-0.,-1.,0.));
#5264=AXIS2_PLACEMENT_3D('',#5261,#5263,#5262);
#5265=CIRCLE('',#5264,27.);
#5266=EDGE_CURVE('',#5254,#3825,#5265,.T.);
#5267=ORIENTED_EDGE('',*,*,#5266,.T.);
#5268=ORIENTED_EDGE('',*,*,#3830,.F.);
#5269=EDGE_LOOP('',(#5252,#5260,#5267,#5268));
#5270=FACE_OUTER_BOUND('',#5269,.T.);
#5271=ADVANCED_FACE('',(#5270),#5251,.T.);
#5272=CARTESIAN_POINT('',(21.,8.,-16.970562748477));
#5273=DIRECTION('',(4.1869132231567E-16,0.,1.));
#5274=DIRECTION('',(1.,0.,-4.1869132231567E-16));
#5275=AXIS2_PLACEMENT_3D('',#5272,#5274,#5273);
#5276=PLANE('',#5275);
#5277=ORIENTED_EDGE('',*,*,#4170,.F.);
#5278=ORIENTED_EDGE('',*,*,#5069,.F.);
#5279=ORIENTED_EDGE('',*,*,#5032,.F.);
#5280=CARTESIAN_POINT('',(21.,31.,-13.748090776541));
#5281=VERTEX_POINT('',#5280);
#5282=CARTESIAN_POINT('',(21.,8.,-13.748090776541));
#5283=DIRECTION('',(0.,1.,3.0893162424352E-16));
#5284=VECTOR('',#5283,23.);
#5285=LINE('',#5282,#5284);
#5286=EDGE_CURVE('',#5018,#5281,#5285,.T.);
#5287=ORIENTED_EDGE('',*,*,#5286,.T.);
#5288=CARTESIAN_POINT('',(21.,31.,-16.970562748477));
#5289=VERTEX_POINT('',#5288);
#5290=CARTESIAN_POINT('',(21.,31.,-13.748090776541));
#5291=DIRECTION('',(3.3074425873118E-15,0.,-1.));
#5292=VECTOR('',#5291,3.2224719719365);
#5293=LINE('',#5290,#5292);
#5294=EDGE_CURVE('',#5281,#5289,#5293,.T.);
#5295=ORIENTED_EDGE('',*,*,#5294,.T.);
#5296=CARTESIAN_POINT('',(21.,40.5,-16.970562748477));
#5297=VERTEX_POINT('',#5296);
#5298=CARTESIAN_POINT('',(21.,31.,-16.970562748477));
#5299=DIRECTION('',(0.,1.,0.));
#5300=VECTOR('',#5299,9.5);
#5301=LINE('',#5298,#5300);
#5302=EDGE_CURVE('',#5289,#5297,#5301,.T.);
#5303=ORIENTED_EDGE('',*,*,#5302,.T.);
#5304=CARTESIAN_POINT('',(21.,40.5,16.970562748477));
#5305=VERTEX_POINT('',#5304);
#5306=CARTESIAN_POINT('',(21.,40.5,-16.970562748477));
#5307=DIRECTION('',(0.,0.,1.));
#5308=VECTOR('',#5307,33.941125496954);
#5309=LINE('',#5306,#5308);
#5310=EDGE_CURVE('',#5297,#5305,#5309,.T.);
#5311=ORIENTED_EDGE('',*,*,#5310,.T.);
#5312=CARTESIAN_POINT('',(21.,31.,16.970562748477));
#5313=VERTEX_POINT('',#5312);
#5314=CARTESIAN_POINT('',(21.,40.5,16.970562748477));
#5315=DIRECTION('',(0.,-1.,0.));
#5316=VECTOR('',#5315,9.5);
#5317=LINE('',#5314,#5316);
#5318=EDGE_CURVE('',#5305,#5313,#5317,.T.);
#5319=ORIENTED_EDGE('',*,*,#5318,.T.);
#5320=CARTESIAN_POINT('',(21.,31.,13.748090776541));
#5321=VERTEX_POINT('',#5320);
#5322=CARTESIAN_POINT('',(21.,31.,16.970562748477));
#5323=DIRECTION('',(1.1024808624373E-15,0.,-1.));
#5324=VECTOR('',#5323,3.2224719719366);
#5325=LINE('',#5322,#5324);
#5326=EDGE_CURVE('',#5313,#5321,#5325,.T.);
#5327=ORIENTED_EDGE('',*,*,#5326,.T.);
#5328=CARTESIAN_POINT('',(21.,8.,13.748090776541));
#5329=VERTEX_POINT('',#5328);
#5330=CARTESIAN_POINT('',(21.,31.,13.748090776541));
#5331=DIRECTION('',(0.,-1.,0.));
#5332=VECTOR('',#5331,23.);
#5333=LINE('',#5330,#5332);
#5334=EDGE_CURVE('',#5321,#5329,#5333,.T.);
#5335=ORIENTED_EDGE('',*,*,#5334,.T.);
#5336=CARTESIAN_POINT('',(21.,8.,13.748090776541));
#5337=DIRECTION('',(0.,0.,1.));
#5338=VECTOR('',#5337,3.2224719719365);
#5339=LINE('',#5336,#5338);
#5340=EDGE_CURVE('',#5329,#5254,#5339,.T.);
#5341=ORIENTED_EDGE('',*,*,#5340,.T.);
#5342=ORIENTED_EDGE('',*,*,#5259,.F.);
#5343=EDGE_LOOP('',(#5277,#5278,#5279,#5287,#5295,#5303,#5311,#5319,#5327,#5335,#5341,#5342));
#5344=FACE_OUTER_BOUND('',#5343,.T.);
#5345=ADVANCED_FACE('',(#5344),#5276,.T.);
#5346=CARTESIAN_POINT('',(0.,8.,0.));
#5347=DIRECTION('',(0.,0.,1.));
#5348=DIRECTION('',(0.,1.,0.));
#5349=AXIS2_PLACEMENT_3D('',#5346,#5348,#5347);
#5350=PLANE('',#5349);
#5351=CARTESIAN_POINT('',(-3.5527136788005E-15,8.,7.105427357601E-15));
#5352=DIRECTION('',(0.83665338645418,0.,0.54773270026058));
#5353=DIRECTION('',(-0.,-1.,0.));
#5354=AXIS2_PLACEMENT_3D('',#5351,#5353,#5352);
#5355=CIRCLE('',#5354,25.1);
#5356=EDGE_CURVE('',#5329,#3833,#5355,.T.);
#5357=ORIENTED_EDGE('',*,*,#5356,.T.);
#5358=ORIENTED_EDGE('',*,*,#3838,.F.);
#5359=ORIENTED_EDGE('',*,*,#5266,.F.);
#5360=ORIENTED_EDGE('',*,*,#5340,.F.);
#5361=EDGE_LOOP('',(#5357,#5358,#5359,#5360));
#5362=FACE_OUTER_BOUND('',#5361,.T.);
#5363=ADVANCED_FACE('',(#5362),#5350,.T.);
#5364=CARTESIAN_POINT('',(4.0145664570446E-13,31.,-2.9842794901924E-13));
#5365=DIRECTION('',(-0.83665338645493,1.4154237764145E-16,0.54773270025943));
#5366=DIRECTION('',(0.,-1.,0.));
#5367=AXIS2_PLACEMENT_3D('',#5364,#5366,#5365);
#5368=CYLINDRICAL_SURFACE('',#5367,25.100000000001);
#5369=ORIENTED_EDGE('',*,*,#4947,.F.);
#5370=ORIENTED_EDGE('',*,*,#3798,.F.);
#5371=CARTESIAN_POINT('',(1.7763568394003E-14,31.,-3.5527136788005E-15));
#5372=DIRECTION('',(-0.54773270026058,1.2738813987731E-15,0.83665338645418));
#5373=DIRECTION('',(-8.8975668312582E-16,-1.,8.8975668312582E-16));
#5374=AXIS2_PLACEMENT_3D('',#5371,#5373,#5372);
#5375=CIRCLE('',#5374,25.1);
#5376=EDGE_CURVE('',#3785,#5177,#5375,.T.);
#5377=ORIENTED_EDGE('',*,*,#5376,.T.);
#5378=ORIENTED_EDGE('',*,*,#5182,.F.);
#5379=EDGE_LOOP('',(#5369,#5370,#5377,#5378));
#5380=FACE_OUTER_BOUND('',#5379,.T.);
#5381=ADVANCED_FACE('',(#5380),#5368,.T.);
#5382=CARTESIAN_POINT('',(2.1849189124623E-13,31.,2.7000623958884E-13));
#5383=DIRECTION('',(0.54773270025943,1.4154237764146E-16,0.83665338645493));
#5384=DIRECTION('',(0.,-1.,0.));
#5385=AXIS2_PLACEMENT_3D('',#5382,#5384,#5383);
#5386=CYLINDRICAL_SURFACE('',#5385,25.1);
#5387=ORIENTED_EDGE('',*,*,#5356,.F.);
#5388=ORIENTED_EDGE('',*,*,#5334,.F.);
#5389=CARTESIAN_POINT('',(1.0658141036402E-14,31.,2.4868995751604E-14));
#5390=DIRECTION('',(0.83665338645418,1.4154237764145E-15,0.54773270026058));
#5391=DIRECTION('',(1.0380494636468E-15,-1.,1.0380494636468E-15));
#5392=AXIS2_PLACEMENT_3D('',#5389,#5391,#5390);
#5393=CIRCLE('',#5392,25.1);
#5394=EDGE_CURVE('',#5321,#3841,#5393,.T.);
#5395=ORIENTED_EDGE('',*,*,#5394,.T.);
#5396=ORIENTED_EDGE('',*,*,#3846,.F.);
#5397=EDGE_LOOP('',(#5387,#5388,#5395,#5396));
#5398=FACE_OUTER_BOUND('',#5397,.T.);
#5399=ADVANCED_FACE('',(#5398),#5386,.T.);
#5400=CARTESIAN_POINT('',(3.5882408155885E-13,31.,-2.7000623958884E-13));
#5401=DIRECTION('',(0.83665338645493,1.4154237764146E-16,-0.54773270025943));
#5402=DIRECTION('',(0.,-1.,0.));
#5403=AXIS2_PLACEMENT_3D('',#5400,#5402,#5401);
#5404=CYLINDRICAL_SURFACE('',#5403,25.1);
#5405=ORIENTED_EDGE('',*,*,#5024,.F.);
#5406=ORIENTED_EDGE('',*,*,#5139,.F.);
#5407=CARTESIAN_POINT('',(-4.2632564145606E-14,31.,4.6185277824407E-14));
#5408=DIRECTION('',(0.54773270026058,1.2738813987731E-15,-0.83665338645418));
#5409=DIRECTION('',(8.8975668312582E-16,-1.,-8.8975668312582E-16));
#5410=AXIS2_PLACEMENT_3D('',#5407,#5409,#5408);
#5411=CIRCLE('',#5410,25.1);
#5412=EDGE_CURVE('',#5128,#5281,#5411,.T.);
#5413=ORIENTED_EDGE('',*,*,#5412,.T.);
#5414=ORIENTED_EDGE('',*,*,#5286,.F.);
#5415=EDGE_LOOP('',(#5405,#5406,#5413,#5414));
#5416=FACE_OUTER_BOUND('',#5415,.T.);
#5417=ADVANCED_FACE('',(#5416),#5404,.T.);
#5418=CARTESIAN_POINT('',(-2.5046631435544E-13,31.,-2.4868995751604E-13));
#5419=DIRECTION('',(-0.54773270025943,-2.8308475528291E-16,-0.83665338645494));
#5420=DIRECTION('',(0.,-1.,0.));
#5421=AXIS2_PLACEMENT_3D('',#5418,#5420,#5419);
#5422=CYLINDRICAL_SURFACE('',#5421,25.1);
#5423=ORIENTED_EDGE('',*,*,#4982,.F.);
#5424=ORIENTED_EDGE('',*,*,#5228,.F.);
#5425=CARTESIAN_POINT('',(3.1974423109205E-14,31.,4.2632564145606E-14));
#5426=DIRECTION('',(-0.83665338645418,1.2738813987731E-15,-0.54773270026058));
#5427=DIRECTION('',(-8.8975668312582E-16,-1.,-8.8975668312582E-16));
#5428=AXIS2_PLACEMENT_3D('',#5425,#5427,#5426);
#5429=CIRCLE('',#5428,25.1);
#5430=EDGE_CURVE('',#5217,#5088,#5429,.T.);
#5431=ORIENTED_EDGE('',*,*,#5430,.T.);
#5432=ORIENTED_EDGE('',*,*,#5093,.F.);
#5433=EDGE_LOOP('',(#5423,#5424,#5431,#5432));
#5434=FACE_OUTER_BOUND('',#5433,.T.);
#5435=ADVANCED_FACE('',(#5434),#5422,.T.);
#5436=CARTESIAN_POINT('',(3.5527136788005E-15,31.,1.4210854715202E-14));
#5437=DIRECTION('',(0.,0.,1.));
#5438=DIRECTION('',(0.,-1.,0.));
#5439=AXIS2_PLACEMENT_3D('',#5436,#5438,#5437);
#5440=PLANE('',#5439);
#5441=ORIENTED_EDGE('',*,*,#5190,.F.);
#5442=ORIENTED_EDGE('',*,*,#5376,.F.);
#5443=ORIENTED_EDGE('',*,*,#3790,.F.);
#5444=CARTESIAN_POINT('',(5.6843418860808E-14,31.,-3.9079850466806E-14));
#5445=DIRECTION('',(-0.62853936105471,-3.6842956669042E-15,0.77777777777778));
#5446=DIRECTION('',(2.5385788131917E-15,-1.,-2.5385788131917E-15));
#5447=AXIS2_PLACEMENT_3D('',#5444,#5446,#5445);
#5448=CIRCLE('',#5447,27.);
#5449=EDGE_CURVE('',#3777,#5185,#5448,.T.);
#5450=ORIENTED_EDGE('',*,*,#5449,.T.);
#5451=EDGE_LOOP('',(#5441,#5442,#5443,#5450));
#5452=FACE_OUTER_BOUND('',#5451,.T.);
#5453=ADVANCED_FACE('',(#5452),#5440,.T.);
#5454=CARTESIAN_POINT('',(3.5527136788005E-15,31.,1.4210854715202E-14));
#5455=DIRECTION('',(0.,0.,1.));
#5456=DIRECTION('',(0.,-1.,0.));
#5457=AXIS2_PLACEMENT_3D('',#5454,#5456,#5455);
#5458=PLANE('',#5457);
#5459=ORIENTED_EDGE('',*,*,#3854,.F.);
#5460=ORIENTED_EDGE('',*,*,#5394,.F.);
#5461=ORIENTED_EDGE('',*,*,#5326,.F.);
#5462=CARTESIAN_POINT('',(-4.9737991503207E-14,31.,-3.9079850466806E-14));
#5463=DIRECTION('',(0.77777777777778,-4.4737875955265E-15,0.62853936105471));
#5464=DIRECTION('',(-3.124404693159E-15,-1.,-3.124404693159E-15));
#5465=AXIS2_PLACEMENT_3D('',#5462,#5464,#5463);
#5466=CIRCLE('',#5465,27.);
#5467=EDGE_CURVE('',#5313,#3849,#5466,.T.);
#5468=ORIENTED_EDGE('',*,*,#5467,.T.);
#5469=EDGE_LOOP('',(#5459,#5460,#5461,#5468));
#5470=FACE_OUTER_BOUND('',#5469,.T.);
#5471=ADVANCED_FACE('',(#5470),#5458,.T.);
#5472=CARTESIAN_POINT('',(3.5527136788005E-15,31.,1.4210854715202E-14));
#5473=DIRECTION('',(0.,0.,1.));
#5474=DIRECTION('',(0.,-1.,0.));
#5475=AXIS2_PLACEMENT_3D('',#5472,#5474,#5473);
#5476=PLANE('',#5475);
#5477=ORIENTED_EDGE('',*,*,#5294,.F.);
#5478=ORIENTED_EDGE('',*,*,#5412,.F.);
#5479=ORIENTED_EDGE('',*,*,#5133,.F.);
#5480=CARTESIAN_POINT('',(-3.1974423109205E-13,31.,3.2684965844965E-13));
#5481=DIRECTION('',(0.62853936105471,-5.1316975360451E-15,-0.77777777777778));
#5482=DIRECTION('',(-3.6451388086855E-15,-1.,3.6451388086855E-15));
#5483=AXIS2_PLACEMENT_3D('',#5480,#5482,#5481);
#5484=CIRCLE('',#5483,27.);
#5485=EDGE_CURVE('',#5120,#5289,#5484,.T.);
#5486=ORIENTED_EDGE('',*,*,#5485,.T.);
#5487=EDGE_LOOP('',(#5477,#5478,#5479,#5486));
#5488=FACE_OUTER_BOUND('',#5487,.T.);
#5489=ADVANCED_FACE('',(#5488),#5476,.T.);
#5490=CARTESIAN_POINT('',(2.3376856006507E-12,40.5,-2.0001778011647E-12));
#5491=DIRECTION('',(0.77777777777886,-1.0526559048299E-15,-0.62853936105337));
#5492=DIRECTION('',(-1.1219095827791E-15,-1.,3.7396986092637E-16));
#5493=AXIS2_PLACEMENT_3D('',#5490,#5492,#5491);
#5494=CYLINDRICAL_SURFACE('',#5493,26.999999999997);
#5495=ORIENTED_EDGE('',*,*,#5485,.F.);
#5496=ORIENTED_EDGE('',*,*,#5125,.F.);
#5497=CARTESIAN_POINT('',(-3.1974423109205E-13,40.5,3.2684965844965E-13));
#5498=DIRECTION('',(0.62853936105471,-3.4211316906967E-15,-0.77777777777778));
#5499=DIRECTION('',(-2.3433035198693E-15,-1.,2.3433035198693E-15));
#5500=AXIS2_PLACEMENT_3D('',#5497,#5499,#5498);
#5501=CIRCLE('',#5500,27.);
#5502=EDGE_CURVE('',#5112,#5297,#5501,.T.);
#5503=ORIENTED_EDGE('',*,*,#5502,.T.);
#5504=ORIENTED_EDGE('',*,*,#5302,.F.);
#5505=EDGE_LOOP('',(#5495,#5496,#5503,#5504));
#5506=FACE_OUTER_BOUND('',#5505,.T.);
#5507=ADVANCED_FACE('',(#5506),#5494,.T.);
#5508=CARTESIAN_POINT('',(-1.9255708139099E-12,40.5,-2.2275514766079E-12));
#5509=DIRECTION('',(-0.62853936105337,0.,-0.77777777777886));
#5510=DIRECTION('',(3.7396986092637E-16,-1.,0.));
#5511=AXIS2_PLACEMENT_3D('',#5508,#5510,#5509);
#5512=CYLINDRICAL_SURFACE('',#5511,26.999999999997);
#5513=CARTESIAN_POINT('',(-1.7763568394003E-13,31.,-1.6697754290362E-13));
#5514=DIRECTION('',(-0.62853936105471,-4.736951571734E-15,-0.77777777777778));
#5515=DIRECTION('',(-3.3847717509222E-15,1.,-3.3847717509222E-15));
#5516=AXIS2_PLACEMENT_3D('',#5513,#5515,#5514);
#5517=CIRCLE('',#5516,27.);
#5518=EDGE_CURVE('',#5096,#5209,#5517,.T.);
#5519=ORIENTED_EDGE('',*,*,#5518,.T.);
#5520=ORIENTED_EDGE('',*,*,#5214,.F.);
#5521=CARTESIAN_POINT('',(-1.7763568394003E-13,40.5,-1.6697754290362E-13));
#5522=DIRECTION('',(-0.77777777777778,5.2632795241489E-15,-0.62853936105471));
#5523=DIRECTION('',(-3.7753223375671E-15,-1.,-3.7753223375671E-15));
#5524=AXIS2_PLACEMENT_3D('',#5521,#5523,#5522);
#5525=CIRCLE('',#5524,27.);
#5526=EDGE_CURVE('',#5201,#5104,#5525,.T.);
#5527=ORIENTED_EDGE('',*,*,#5526,.T.);
#5528=ORIENTED_EDGE('',*,*,#5109,.F.);
#5529=EDGE_LOOP('',(#5519,#5520,#5527,#5528));
#5530=FACE_OUTER_BOUND('',#5529,.T.);
#5531=ADVANCED_FACE('',(#5530),#5512,.T.);
#5532=CARTESIAN_POINT('',(1.9788615190919E-12,40.5,-1.7124079931818E-12));
#5533=DIRECTION('',(-0.77777777777886,-1.0526559048297E-15,0.62853936105337));
#5534=DIRECTION('',(3.7396986092637E-16,-1.,-7.4793972185274E-16));
#5535=AXIS2_PLACEMENT_3D('',#5532,#5534,#5533);
#5536=CYLINDRICAL_SURFACE('',#5535,27.000000000003);
#5537=ORIENTED_EDGE('',*,*,#5449,.F.);
#5538=ORIENTED_EDGE('',*,*,#3782,.F.);
#5539=CARTESIAN_POINT('',(5.6843418860808E-14,40.5,-3.9079850466806E-14));
#5540=DIRECTION('',(-0.62853936105471,7.6317553100159E-15,0.77777777777778));
#5541=DIRECTION('',(-5.5327999774691E-15,-1.,5.5327999774691E-15));
#5542=AXIS2_PLACEMENT_3D('',#5539,#5541,#5540);
#5543=CIRCLE('',#5542,27.);
#5544=EDGE_CURVE('',#3769,#5193,#5543,.T.);
#5545=ORIENTED_EDGE('',*,*,#5544,.T.);
#5546=ORIENTED_EDGE('',*,*,#5198,.F.);
#5547=EDGE_LOOP('',(#5537,#5538,#5545,#5546));
#5548=FACE_OUTER_BOUND('',#5547,.T.);
#5549=ADVANCED_FACE('',(#5548),#5536,.T.);
#5550=CARTESIAN_POINT('',(2.0037305148435E-12,40.5,2.2737367544323E-12));
#5551=DIRECTION('',(0.62853936105336,-2.6316397620747E-16,0.77777777777886));
#5552=DIRECTION('',(0.,-1.,-3.7396986092637E-16));
#5553=AXIS2_PLACEMENT_3D('',#5550,#5552,#5551);
#5554=CYLINDRICAL_SURFACE('',#5553,26.999999999997);
#5555=ORIENTED_EDGE('',*,*,#5467,.F.);
#5556=ORIENTED_EDGE('',*,*,#5318,.F.);
#5557=CARTESIAN_POINT('',(-4.9737991503207E-14,40.5,-3.9079850466806E-14));
#5558=DIRECTION('',(0.77777777777778,-9.473903143468E-15,0.62853936105471));
#5559=DIRECTION('',(-6.7695435018445E-15,-1.,-6.7695435018445E-15));
#5560=AXIS2_PLACEMENT_3D('',#5557,#5559,#5558);
#5561=CIRCLE('',#5560,27.);
#5562=EDGE_CURVE('',#5305,#3857,#5561,.T.);
#5563=ORIENTED_EDGE('',*,*,#5562,.T.);
#5564=ORIENTED_EDGE('',*,*,#3862,.F.);
#5565=EDGE_LOOP('',(#5555,#5556,#5563,#5564));
#5566=FACE_OUTER_BOUND('',#5565,.T.);
#5567=ADVANCED_FACE('',(#5566),#5554,.T.);
#5568=CARTESIAN_POINT('',(3.5527136788005E-15,31.,1.4210854715202E-14));
#5569=DIRECTION('',(0.,0.,1.));
#5570=DIRECTION('',(0.,-1.,0.));
#5571=AXIS2_PLACEMENT_3D('',#5568,#5570,#5569);
#5572=PLANE('',#5571);
#5573=ORIENTED_EDGE('',*,*,#5101,.F.);
#5574=ORIENTED_EDGE('',*,*,#5430,.F.);
#5575=ORIENTED_EDGE('',*,*,#5222,.F.);
#5576=ORIENTED_EDGE('',*,*,#5518,.F.);
#5577=EDGE_LOOP('',(#5573,#5574,#5575,#5576));
#5578=FACE_OUTER_BOUND('',#5577,.T.);
#5579=ADVANCED_FACE('',(#5578),#5572,.T.);
#5580=CARTESIAN_POINT('',(8.8817841970013E-16,38.5,2.6645352591004E-15));
#5581=DIRECTION('',(-1.1564854072795E-16,0.,1.));
#5582=DIRECTION('',(0.,1.,0.));
#5583=AXIS2_PLACEMENT_3D('',#5580,#5582,#5581);
#5584=CYLINDRICAL_SURFACE('',#5583,4.5);
#5585=ORIENTED_EDGE('',*,*,#2676,.F.);
#5586=CARTESIAN_POINT('',(8.8817841970013E-16,38.5,-8.8817841970013E-16));
#5587=DIRECTION('',(-7.4908302240848E-17,0.,-1.));
#5588=DIRECTION('',(9.5300106073206E-16,-1.,-9.5300106073206E-16));
#5589=AXIS2_PLACEMENT_3D('',#5586,#5588,#5587);
#5590=CIRCLE('',#5589,4.5);
#5591=EDGE_CURVE('',#2662,#2660,#5590,.T.);
#5592=ORIENTED_EDGE('',*,*,#5591,.T.);
#5593=ORIENTED_EDGE('',*,*,#2691,.F.);
#5594=CARTESIAN_POINT('',(8.8817841970013E-16,40.5,-8.8817841970013E-16));
#5595=DIRECTION('',(-7.4908302240848E-17,0.,-1.));
#5596=DIRECTION('',(-4.7650053036603E-16,-1.,4.7650053036603E-16));
#5597=AXIS2_PLACEMENT_3D('',#5594,#5596,#5595);
#5598=CIRCLE('',#5597,4.5);
#5599=EDGE_CURVE('',#2671,#2679,#5598,.T.);
#5600=ORIENTED_EDGE('',*,*,#5599,.F.);
#5601=EDGE_LOOP('',(#5585,#5592,#5593,#5600));
#5602=FACE_OUTER_BOUND('',#5601,.T.);
#5603=ADVANCED_FACE('',(#5602),#5584,.F.);
#5604=CARTESIAN_POINT('',(0.,38.5,0.));
#5605=DIRECTION('',(0.,0.,1.));
#5606=DIRECTION('',(0.,1.,0.));
#5607=AXIS2_PLACEMENT_3D('',#5604,#5606,#5605);
#5608=PLANE('',#5607);
#5609=ORIENTED_EDGE('',*,*,#5591,.F.);
#5610=ORIENTED_EDGE('',*,*,#2668,.F.);
#5611=EDGE_LOOP('',(#5609,#5610));
#5612=FACE_OUTER_BOUND('',#5611,.T.);
#5613=CARTESIAN_POINT('',(4.4408920985006E-16,38.5,0.));
#5614=DIRECTION('',(-3.0010036385476E-16,0.,1.));
#5615=DIRECTION('',(-1.7154019093177E-15,-1.,1.7154019093177E-15));
#5616=AXIS2_PLACEMENT_3D('',#5613,#5615,#5614);
#5617=CIRCLE('',#5616,2.5);
#5618=EDGE_CURVE('',#89,#97,#5617,.T.);
#5619=ORIENTED_EDGE('',*,*,#5618,.T.);
#5620=ORIENTED_EDGE('',*,*,#103,.F.);
#5621=EDGE_LOOP('',(#5619,#5620));
#5622=FACE_BOUND('',#5621,.T.);
#5623=ADVANCED_FACE('',(#5612,#5622),#5608,.T.);
#5624=CARTESIAN_POINT('',(-15.5,38.5,-15.5));
#5625=DIRECTION('',(1.6397140056002E-15,2.1862853408003E-15,1.));
#5626=DIRECTION('',(8.8817841970013E-16,1.,0.));
#5627=AXIS2_PLACEMENT_3D('',#5624,#5626,#5625);
#5628=CYLINDRICAL_SURFACE('',#5627,3.25);
#5629=ORIENTED_EDGE('',*,*,#2634,.F.);
#5630=CARTESIAN_POINT('',(-15.5,38.5,-15.5));
#5631=DIRECTION('',(1.0931426704002E-15,0.,-1.));
#5632=DIRECTION('',(1.3195399302444E-15,-1.,-1.3195399302444E-15));
#5633=AXIS2_PLACEMENT_3D('',#5630,#5632,#5631);
#5634=CIRCLE('',#5633,3.25);
#5635=EDGE_CURVE('',#2620,#2618,#5634,.T.);
#5636=ORIENTED_EDGE('',*,*,#5635,.T.);
#5637=ORIENTED_EDGE('',*,*,#2649,.F.);
#5638=CARTESIAN_POINT('',(-15.5,40.5,-15.5));
#5639=DIRECTION('',(1.0931426704002E-15,0.,-1.));
#5640=DIRECTION('',(-6.597699651222E-16,-1.,6.597699651222E-16));
#5641=AXIS2_PLACEMENT_3D('',#5638,#5640,#5639);
#5642=CIRCLE('',#5641,3.25);
#5643=EDGE_CURVE('',#2629,#2637,#5642,.T.);
#5644=ORIENTED_EDGE('',*,*,#5643,.F.);
#5645=EDGE_LOOP('',(#5629,#5636,#5637,#5644));
#5646=FACE_OUTER_BOUND('',#5645,.T.);
#5647=ADVANCED_FACE('',(#5646),#5628,.F.);
#5648=CARTESIAN_POINT('',(-15.5,38.5,-15.5));
#5649=DIRECTION('',(0.,0.,1.));
#5650=DIRECTION('',(0.,1.,0.));
#5651=AXIS2_PLACEMENT_3D('',#5648,#5650,#5649);
#5652=PLANE('',#5651);
#5653=ORIENTED_EDGE('',*,*,#5635,.F.);
#5654=ORIENTED_EDGE('',*,*,#2626,.F.);
#5655=EDGE_LOOP('',(#5653,#5654));
#5656=FACE_OUTER_BOUND('',#5655,.T.);
#5657=CARTESIAN_POINT('',(-15.5,38.5,-15.5));
#5658=DIRECTION('',(-7.8949192862233E-16,0.,1.));
#5659=DIRECTION('',(9.5300106073206E-16,-1.,-9.5300106073206E-16));
#5660=AXIS2_PLACEMENT_3D('',#5657,#5659,#5658);
#5661=CIRCLE('',#5660,2.25);
#5662=EDGE_CURVE('',#2587,#2595,#5661,.T.);
#5663=ORIENTED_EDGE('',*,*,#5662,.T.);
#5664=ORIENTED_EDGE('',*,*,#2601,.F.);
#5665=EDGE_LOOP('',(#5663,#5664));
#5666=FACE_BOUND('',#5665,.T.);
#5667=ADVANCED_FACE('',(#5656,#5666),#5652,.T.);
#5668=CARTESIAN_POINT('',(-15.5,39.5,-15.5));
#5669=DIRECTION('',(-1.1052887000713E-14,0.,-1.));
#5670=DIRECTION('',(0.,-1.,0.));
#5671=AXIS2_PLACEMENT_3D('',#5668,#5670,#5669);
#5672=CYLINDRICAL_SURFACE('',#5671,2.25);
#5673=ORIENTED_EDGE('',*,*,#2592,.F.);
#5674=ORIENTED_EDGE('',*,*,#4906,.F.);
#5675=ORIENTED_EDGE('',*,*,#2607,.F.);
#5676=ORIENTED_EDGE('',*,*,#5662,.F.);
#5677=EDGE_LOOP('',(#5673,#5674,#5675,#5676));
#5678=FACE_OUTER_BOUND('',#5677,.T.);
#5679=ADVANCED_FACE('',(#5678),#5672,.T.);
#5680=CARTESIAN_POINT('',(-15.5,40.,-15.5));
#5681=DIRECTION('',(0.,0.,1.));
#5682=DIRECTION('',(0.,1.,0.));
#5683=AXIS2_PLACEMENT_3D('',#5680,#5682,#5681);
#5684=PLANE('',#5683);
#5685=CARTESIAN_POINT('',(-17.219556628902,40.,-15.175));
#5686=DIRECTION('',(0.,0.,-1.));
#5687=VECTOR('',#5686,0.65000000000001);
#5688=LINE('',#5685,#5687);
#5689=EDGE_CURVE('',#4776,#4743,#5688,.T.);
#5690=ORIENTED_EDGE('',*,*,#5689,.T.);
#5691=ORIENTED_EDGE('',*,*,#4922,.F.);
#5692=EDGE_LOOP('',(#5690,#5691));
#5693=FACE_OUTER_BOUND('',#5692,.T.);
#5694=ADVANCED_FACE('',(#5693),#5684,.T.);
#5695=CARTESIAN_POINT('',(-15.5,38.5,15.5));
#5696=DIRECTION('',(9.2917126984013E-15,-2.1862853408003E-15,1.));
#5697=DIRECTION('',(1.7763568394002E-15,1.,0.));
#5698=AXIS2_PLACEMENT_3D('',#5695,#5697,#5696);
#5699=CYLINDRICAL_SURFACE('',#5698,3.25);
#5700=ORIENTED_EDGE('',*,*,#2550,.F.);
#5701=CARTESIAN_POINT('',(-15.5,38.5,15.5));
#5702=DIRECTION('',(1.0931426704002E-15,0.,-1.));
#5703=DIRECTION('',(-6.597699651222E-16,-1.,6.597699651222E-16));
#5704=AXIS2_PLACEMENT_3D('',#5701,#5703,#5702);
#5705=CIRCLE('',#5704,3.25);
#5706=EDGE_CURVE('',#2536,#2534,#5705,.T.);
#5707=ORIENTED_EDGE('',*,*,#5706,.T.);
#5708=ORIENTED_EDGE('',*,*,#2565,.F.);
#5709=CARTESIAN_POINT('',(-15.5,40.5,15.5));
#5710=DIRECTION('',(1.0931426704002E-15,0.,-1.));
#5711=DIRECTION('',(0.,-1.,0.));
#5712=AXIS2_PLACEMENT_3D('',#5709,#5711,#5710);
#5713=CIRCLE('',#5712,3.25);
#5714=EDGE_CURVE('',#2545,#2553,#5713,.T.);
#5715=ORIENTED_EDGE('',*,*,#5714,.F.);
#5716=EDGE_LOOP('',(#5700,#5707,#5708,#5715));
#5717=FACE_OUTER_BOUND('',#5716,.T.);
#5718=ADVANCED_FACE('',(#5717),#5699,.F.);
#5719=CARTESIAN_POINT('',(-15.5,38.5,15.5));
#5720=DIRECTION('',(1.,0.,1.0384855368801E-14));
#5721=DIRECTION('',(-0.,1.,0.));
#5722=AXIS2_PLACEMENT_3D('',#5719,#5721,#5720);
#5723=PLANE('',#5722);
#5724=ORIENTED_EDGE('',*,*,#5706,.F.);
#5725=ORIENTED_EDGE('',*,*,#2542,.F.);
#5726=EDGE_LOOP('',(#5724,#5725));
#5727=FACE_OUTER_BOUND('',#5726,.T.);
#5728=CARTESIAN_POINT('',(-15.5,38.5,15.5));
#5729=DIRECTION('',(1.5789838572447E-15,0.,1.));
#5730=DIRECTION('',(0.,-1.,-0.));
#5731=AXIS2_PLACEMENT_3D('',#5728,#5730,#5729);
#5732=CIRCLE('',#5731,2.25);
#5733=EDGE_CURVE('',#2335,#2343,#5732,.T.);
#5734=ORIENTED_EDGE('',*,*,#5733,.T.);
#5735=ORIENTED_EDGE('',*,*,#2349,.F.);
#5736=EDGE_LOOP('',(#5734,#5735));
#5737=FACE_BOUND('',#5736,.T.);
#5738=ADVANCED_FACE('',(#5727,#5737),#5723,.T.);
#5739=CARTESIAN_POINT('',(15.5,38.5,15.5));
#5740=DIRECTION('',(1.8036854061603E-14,-2.1862853408003E-15,1.));
#5741=DIRECTION('',(1.7763568394002E-15,1.,0.));
#5742=AXIS2_PLACEMENT_3D('',#5739,#5741,#5740);
#5743=CYLINDRICAL_SURFACE('',#5742,3.25);
#5744=ORIENTED_EDGE('',*,*,#2508,.F.);
#5745=CARTESIAN_POINT('',(15.5,38.5,15.5));
#5746=DIRECTION('',(5.4657133520008E-16,0.,-1.));
#5747=DIRECTION('',(1.3195399302444E-15,-1.,-1.3195399302444E-15));
#5748=AXIS2_PLACEMENT_3D('',#5745,#5747,#5746);
#5749=CIRCLE('',#5748,3.25);
#5750=EDGE_CURVE('',#2494,#2492,#5749,.T.);
#5751=ORIENTED_EDGE('',*,*,#5750,.T.);
#5752=ORIENTED_EDGE('',*,*,#2523,.F.);
#5753=CARTESIAN_POINT('',(15.5,40.5,15.5));
#5754=DIRECTION('',(5.4657133520008E-16,0.,-1.));
#5755=DIRECTION('',(-6.597699651222E-16,-1.,6.597699651222E-16));
#5756=AXIS2_PLACEMENT_3D('',#5753,#5755,#5754);
#5757=CIRCLE('',#5756,3.25);
#5758=EDGE_CURVE('',#2503,#2511,#5757,.T.);
#5759=ORIENTED_EDGE('',*,*,#5758,.F.);
#5760=EDGE_LOOP('',(#5744,#5751,#5752,#5759));
#5761=FACE_OUTER_BOUND('',#5760,.T.);
#5762=ADVANCED_FACE('',(#5761),#5743,.F.);
#5763=CARTESIAN_POINT('',(15.5,38.5,15.5));
#5764=DIRECTION('',(0.,0.,-1.));
#5765=DIRECTION('',(0.,1.,0.));
#5766=AXIS2_PLACEMENT_3D('',#5763,#5765,#5764);
#5767=PLANE('',#5766);
#5768=ORIENTED_EDGE('',*,*,#5750,.F.);
#5769=ORIENTED_EDGE('',*,*,#2500,.F.);
#5770=EDGE_LOOP('',(#5768,#5769));
#5771=FACE_OUTER_BOUND('',#5770,.T.);
#5772=CARTESIAN_POINT('',(15.5,38.5,15.5));
#5773=DIRECTION('',(-7.8949192862233E-16,0.,1.));
#5774=DIRECTION('',(-1.9060021214641E-15,-1.,1.9060021214641E-15));
#5775=AXIS2_PLACEMENT_3D('',#5772,#5774,#5773);
#5776=CIRCLE('',#5775,2.25);
#5777=EDGE_CURVE('',#2377,#2385,#5776,.T.);
#5778=ORIENTED_EDGE('',*,*,#5777,.T.);
#5779=ORIENTED_EDGE('',*,*,#2391,.F.);
#5780=EDGE_LOOP('',(#5778,#5779));
#5781=FACE_BOUND('',#5780,.T.);
#5782=ADVANCED_FACE('',(#5771,#5781),#5767,.T.);
#5783=CARTESIAN_POINT('',(15.5,38.5,-15.5));
#5784=DIRECTION('',(-2.7328566760004E-15,0.,1.));
#5785=DIRECTION('',(0.,1.,8.8817841970013E-16));
#5786=AXIS2_PLACEMENT_3D('',#5783,#5785,#5784);
#5787=CYLINDRICAL_SURFACE('',#5786,3.25);
#5788=ORIENTED_EDGE('',*,*,#2466,.F.);
#5789=CARTESIAN_POINT('',(15.5,38.5,-15.5));
#5790=DIRECTION('',(-1.0931426704002E-15,0.,-1.));
#5791=DIRECTION('',(-6.597699651222E-16,-1.,6.597699651222E-16));
#5792=AXIS2_PLACEMENT_3D('',#5789,#5791,#5790);
#5793=CIRCLE('',#5792,3.25);
#5794=EDGE_CURVE('',#2452,#2450,#5793,.T.);
#5795=ORIENTED_EDGE('',*,*,#5794,.T.);
#5796=ORIENTED_EDGE('',*,*,#2481,.F.);
#5797=CARTESIAN_POINT('',(15.5,40.5,-15.5));
#5798=DIRECTION('',(-1.0931426704002E-15,0.,-1.));
#5799=DIRECTION('',(0.,-1.,0.));
#5800=AXIS2_PLACEMENT_3D('',#5797,#5799,#5798);
#5801=CIRCLE('',#5800,3.25);
#5802=EDGE_CURVE('',#2461,#2469,#5801,.T.);
#5803=ORIENTED_EDGE('',*,*,#5802,.F.);
#5804=EDGE_LOOP('',(#5788,#5795,#5796,#5803));
#5805=FACE_OUTER_BOUND('',#5804,.T.);
#5806=ADVANCED_FACE('',(#5805),#5787,.F.);
#5807=CARTESIAN_POINT('',(15.5,38.5,-15.5));
#5808=DIRECTION('',(-1.,0.,-3.2794280112004E-15));
#5809=DIRECTION('',(0.,1.,0.));
#5810=AXIS2_PLACEMENT_3D('',#5807,#5809,#5808);
#5811=PLANE('',#5810);
#5812=ORIENTED_EDGE('',*,*,#5794,.F.);
#5813=ORIENTED_EDGE('',*,*,#2458,.F.);
#5814=EDGE_LOOP('',(#5812,#5813));
#5815=FACE_OUTER_BOUND('',#5814,.T.);
#5816=CARTESIAN_POINT('',(15.5,38.5,-15.5));
#5817=DIRECTION('',(0.,0.,1.));
#5818=DIRECTION('',(9.5300106073206E-16,-1.,-9.5300106073206E-16));
#5819=AXIS2_PLACEMENT_3D('',#5816,#5818,#5817);
#5820=CIRCLE('',#5819,2.25);
#5821=EDGE_CURVE('',#2419,#2427,#5820,.T.);
#5822=ORIENTED_EDGE('',*,*,#5821,.T.);
#5823=ORIENTED_EDGE('',*,*,#2433,.F.);
#5824=EDGE_LOOP('',(#5822,#5823));
#5825=FACE_BOUND('',#5824,.T.);
#5826=ADVANCED_FACE('',(#5815,#5825),#5811,.T.);
#5827=CARTESIAN_POINT('',(15.5,39.5,-15.5));
#5828=DIRECTION('',(-5.5264435003563E-15,-3.1579677144893E-15,-1.));
#5829=DIRECTION('',(0.,-1.,0.));
#5830=AXIS2_PLACEMENT_3D('',#5827,#5829,#5828);
#5831=CYLINDRICAL_SURFACE('',#5830,2.25);
#5832=ORIENTED_EDGE('',*,*,#2424,.F.);
#5833=ORIENTED_EDGE('',*,*,#4872,.F.);
#5834=ORIENTED_EDGE('',*,*,#2439,.F.);
#5835=ORIENTED_EDGE('',*,*,#5821,.F.);
#5836=EDGE_LOOP('',(#5832,#5833,#5834,#5835));
#5837=FACE_OUTER_BOUND('',#5836,.T.);
#5838=ADVANCED_FACE('',(#5837),#5831,.T.);
#5839=CARTESIAN_POINT('',(15.5,40.,-15.5));
#5840=DIRECTION('',(-1.,0.,-5.4657133520006E-15));
#5841=DIRECTION('',(0.,1.,0.));
#5842=AXIS2_PLACEMENT_3D('',#5839,#5841,#5840);
#5843=PLANE('',#5842);
#5844=CARTESIAN_POINT('',(15.175,40.,-17.219556628902));
#5845=DIRECTION('',(1.,0.,5.4657133520007E-15));
#5846=VECTOR('',#5845,0.65000000000001);
#5847=LINE('',#5844,#5846);
#5848=EDGE_CURVE('',#4382,#2772,#5847,.T.);
#5849=ORIENTED_EDGE('',*,*,#5848,.T.);
#5850=ORIENTED_EDGE('',*,*,#2778,.F.);
#5851=ORIENTED_EDGE('',*,*,#4890,.F.);
#5852=EDGE_LOOP('',(#5849,#5850,#5851));
#5853=FACE_OUTER_BOUND('',#5852,.T.);
#5854=ADVANCED_FACE('',(#5853),#5843,.T.);
#5855=CARTESIAN_POINT('',(15.5,39.5,15.5));
#5856=DIRECTION('',(6.3159354289787E-15,3.1579677144893E-15,-1.));
#5857=DIRECTION('',(0.,-1.,0.));
#5858=AXIS2_PLACEMENT_3D('',#5855,#5857,#5856);
#5859=CYLINDRICAL_SURFACE('',#5858,2.25);
#5860=ORIENTED_EDGE('',*,*,#2382,.F.);
#5861=ORIENTED_EDGE('',*,*,#4804,.F.);
#5862=ORIENTED_EDGE('',*,*,#2397,.F.);
#5863=ORIENTED_EDGE('',*,*,#5777,.F.);
#5864=EDGE_LOOP('',(#5860,#5861,#5862,#5863));
#5865=FACE_OUTER_BOUND('',#5864,.T.);
#5866=ADVANCED_FACE('',(#5865),#5859,.T.);
#5867=CARTESIAN_POINT('',(15.5,40.,15.5));
#5868=DIRECTION('',(0.,0.,-1.));
#5869=DIRECTION('',(0.,1.,0.));
#5870=AXIS2_PLACEMENT_3D('',#5867,#5869,#5868);
#5871=PLANE('',#5870);
#5872=CARTESIAN_POINT('',(17.219556628902,40.,15.175));
#5873=DIRECTION('',(0.,0.,1.));
#5874=VECTOR('',#5873,0.65000000000001);
#5875=LINE('',#5872,#5874);
#5876=EDGE_CURVE('',#2921,#2930,#5875,.T.);
#5877=ORIENTED_EDGE('',*,*,#5876,.T.);
#5878=ORIENTED_EDGE('',*,*,#2936,.F.);
#5879=EDGE_LOOP('',(#5877,#5878));
#5880=FACE_OUTER_BOUND('',#5879,.T.);
#5881=ADVANCED_FACE('',(#5880),#5871,.T.);
#5882=CARTESIAN_POINT('',(-15.5,39.5,15.5));
#5883=DIRECTION('',(-6.3159354289787E-15,0.,-1.));
#5884=DIRECTION('',(1.7763568394003E-15,-1.,0.));
#5885=AXIS2_PLACEMENT_3D('',#5882,#5884,#5883);
#5886=CYLINDRICAL_SURFACE('',#5885,2.25);
#5887=ORIENTED_EDGE('',*,*,#2340,.F.);
#5888=ORIENTED_EDGE('',*,*,#4838,.F.);
#5889=ORIENTED_EDGE('',*,*,#2355,.F.);
#5890=ORIENTED_EDGE('',*,*,#5733,.F.);
#5891=EDGE_LOOP('',(#5887,#5888,#5889,#5890));
#5892=FACE_OUTER_BOUND('',#5891,.T.);
#5893=ADVANCED_FACE('',(#5892),#5886,.T.);
#5894=CARTESIAN_POINT('',(-15.5,40.,15.5));
#5895=DIRECTION('',(1.,0.,1.0931426704001E-14));
#5896=DIRECTION('',(-0.,1.,0.));
#5897=AXIS2_PLACEMENT_3D('',#5894,#5896,#5895);
#5898=PLANE('',#5897);
#5899=CARTESIAN_POINT('',(-15.175,40.,17.219556628902));
#5900=DIRECTION('',(-1.,0.,-1.0931426704001E-14));
#5901=VECTOR('',#5900,0.65000000000001);
#5902=LINE('',#5899,#5901);
#5903=EDGE_CURVE('',#2869,#4626,#5902,.T.);
#5904=ORIENTED_EDGE('',*,*,#5903,.T.);
#5905=ORIENTED_EDGE('',*,*,#4846,.F.);
#5906=ORIENTED_EDGE('',*,*,#2884,.F.);
#5907=EDGE_LOOP('',(#5904,#5905,#5906));
#5908=FACE_OUTER_BOUND('',#5907,.T.);
#5909=ADVANCED_FACE('',(#5908),#5898,.T.);
#5910=CARTESIAN_POINT('',(-15.824355832234,39.2,0.));
#5911=DIRECTION('',(0.,0.,1.));
#5912=DIRECTION('',(1.,0.,-0.));
#5913=AXIS2_PLACEMENT_3D('',#5910,#5912,#5911);
#5914=PLANE('',#5913);
#5915=ORIENTED_EDGE('',*,*,#4740,.F.);
#5916=CARTESIAN_POINT('',(-15.824355832234,39.2,-15.825));
#5917=VERTEX_POINT('',#5916);
#5918=CARTESIAN_POINT('',(-15.824355832234,40.,-15.825));
#5919=DIRECTION('',(0.,-1.,0.));
#5920=VECTOR('',#5919,0.8);
#5921=LINE('',#5918,#5920);
#5922=EDGE_CURVE('',#4733,#5917,#5921,.T.);
#5923=ORIENTED_EDGE('',*,*,#5922,.T.);
#5924=CARTESIAN_POINT('',(-15.824355832234,39.2,-17.219678253074));
#5925=VERTEX_POINT('',#5924);
#5926=CARTESIAN_POINT('',(-15.824355832234,39.2,-15.825));
#5927=DIRECTION('',(0.,0.,-1.));
#5928=VECTOR('',#5927,1.394678253074);
#5929=LINE('',#5926,#5928);
#5930=EDGE_CURVE('',#5917,#5925,#5929,.T.);
#5931=ORIENTED_EDGE('',*,*,#5930,.T.);
#5932=CARTESIAN_POINT('',(-15.824355832234,39.2,-17.219678253074));
#5933=DIRECTION('',(0.,1.,0.));
#5934=VECTOR('',#5933,0.8);
#5935=LINE('',#5932,#5934);
#5936=EDGE_CURVE('',#5925,#4735,#5935,.T.);
#5937=ORIENTED_EDGE('',*,*,#5936,.T.);
#5938=EDGE_LOOP('',(#5915,#5923,#5931,#5937));
#5939=FACE_OUTER_BOUND('',#5938,.T.);
#5940=ADVANCED_FACE('',(#5939),#5914,.T.);
#5941=CARTESIAN_POINT('',(-15.5,39.2,-15.5));
#5942=DIRECTION('',(0.18534619207835,-4.060244204343E-15,-0.9826732870502));
#5943=DIRECTION('',(0.,1.,0.));
#5944=AXIS2_PLACEMENT_3D('',#5941,#5943,#5942);
#5945=CYLINDRICAL_SURFACE('',#5944,1.7500000000002);
#5946=ORIENTED_EDGE('',*,*,#2718,.F.);
#5947=ORIENTED_EDGE('',*,*,#4930,.F.);
#5948=ORIENTED_EDGE('',*,*,#5936,.F.);
#5949=CARTESIAN_POINT('',(-15.175644167766,39.2,-17.219678253074));
#5950=VERTEX_POINT('',#5949);
#5951=CARTESIAN_POINT('',(-15.5,39.2,-15.5));
#5952=DIRECTION('',(-0.1853461898481,-2.436146522606E-14,-0.98267328747086));
#5953=DIRECTION('',(0.,-1.,2.5630321337833E-14));
#5954=AXIS2_PLACEMENT_3D('',#5951,#5953,#5952);
#5955=CIRCLE('',#5954,1.75);
#5956=EDGE_CURVE('',#5925,#5950,#5955,.T.);
#5957=ORIENTED_EDGE('',*,*,#5956,.T.);
#5958=CARTESIAN_POINT('',(-15.175644167766,39.2,-17.219678253074));
#5959=DIRECTION('',(0.,1.,0.));
#5960=VECTOR('',#5959,0.8);
#5961=LINE('',#5958,#5960);
#5962=EDGE_CURVE('',#5950,#2712,#5961,.T.);
#5963=ORIENTED_EDGE('',*,*,#5962,.T.);
#5964=EDGE_LOOP('',(#5946,#5947,#5948,#5957,#5963));
#5965=FACE_OUTER_BOUND('',#5964,.T.);
#5966=ADVANCED_FACE('',(#5965),#5945,.F.);
#5967=CARTESIAN_POINT('',(-15.175644167766,39.2,0.));
#5968=DIRECTION('',(0.,0.,1.));
#5969=DIRECTION('',(-1.,0.,0.));
#5970=AXIS2_PLACEMENT_3D('',#5967,#5969,#5968);
#5971=PLANE('',#5970);
#5972=ORIENTED_EDGE('',*,*,#4678,.F.);
#5973=ORIENTED_EDGE('',*,*,#5962,.F.);
#5974=CARTESIAN_POINT('',(-15.175644167766,39.2,-15.825));
#5975=VERTEX_POINT('',#5974);
#5976=CARTESIAN_POINT('',(-15.175644167766,39.2,-17.219678253074));
#5977=DIRECTION('',(0.,0.,1.));
#5978=VECTOR('',#5977,1.394678253074);
#5979=LINE('',#5976,#5978);
#5980=EDGE_CURVE('',#5950,#5975,#5979,.T.);
#5981=ORIENTED_EDGE('',*,*,#5980,.T.);
#5982=CARTESIAN_POINT('',(-15.175644167766,39.2,-15.825));
#5983=DIRECTION('',(0.,1.,0.));
#5984=VECTOR('',#5983,0.8);
#5985=LINE('',#5982,#5984);
#5986=EDGE_CURVE('',#5975,#4673,#5985,.T.);
#5987=ORIENTED_EDGE('',*,*,#5986,.T.);
#5988=EDGE_LOOP('',(#5972,#5973,#5981,#5987));
#5989=FACE_OUTER_BOUND('',#5988,.T.);
#5990=ADVANCED_FACE('',(#5989),#5971,.T.);
#5991=CARTESIAN_POINT('',(-1.7763568394003E-15,39.2,-15.825));
#5992=DIRECTION('',(1.,0.,0.));
#5993=DIRECTION('',(0.,0.,1.));
#5994=AXIS2_PLACEMENT_3D('',#5991,#5993,#5992);
#5995=PLANE('',#5994);
#5996=ORIENTED_EDGE('',*,*,#4684,.F.);
#5997=ORIENTED_EDGE('',*,*,#5986,.F.);
#5998=CARTESIAN_POINT('',(-13.780443371098,39.2,-15.825));
#5999=VERTEX_POINT('',#5998);
#6000=CARTESIAN_POINT('',(-15.175644167766,39.2,-15.825));
#6001=DIRECTION('',(1.,0.,0.));
#6002=VECTOR('',#6001,1.3952007966676);
#6003=LINE('',#6000,#6002);
#6004=EDGE_CURVE('',#5975,#5999,#6003,.T.);
#6005=ORIENTED_EDGE('',*,*,#6004,.T.);
#6006=CARTESIAN_POINT('',(-13.780443371098,39.2,-15.825));
#6007=DIRECTION('',(0.,1.,0.));
#6008=VECTOR('',#6007,0.8);
#6009=LINE('',#6006,#6008);
#6010=EDGE_CURVE('',#5999,#2721,#6009,.T.);
#6011=ORIENTED_EDGE('',*,*,#6010,.T.);
#6012=EDGE_LOOP('',(#5996,#5997,#6005,#6011));
#6013=FACE_OUTER_BOUND('',#6012,.T.);
#6014=ADVANCED_FACE('',(#6013),#5995,.T.);
#6015=CARTESIAN_POINT('',(-13.780443371098,39.2,0.));
#6016=DIRECTION('',(0.,0.,1.));
#6017=DIRECTION('',(-1.,0.,0.));
#6018=AXIS2_PLACEMENT_3D('',#6015,#6017,#6016);
#6019=PLANE('',#6018);
#6020=ORIENTED_EDGE('',*,*,#4699,.F.);
#6021=ORIENTED_EDGE('',*,*,#6010,.F.);
#6022=CARTESIAN_POINT('',(-13.780443371098,39.2,-15.175));
#6023=VERTEX_POINT('',#6022);
#6024=CARTESIAN_POINT('',(-13.780443371098,39.2,-15.825));
#6025=DIRECTION('',(0.,0.,1.));
#6026=VECTOR('',#6025,0.65);
#6027=LINE('',#6024,#6026);
#6028=EDGE_CURVE('',#5999,#6023,#6027,.T.);
#6029=ORIENTED_EDGE('',*,*,#6028,.T.);
#6030=CARTESIAN_POINT('',(-13.780443371098,39.2,-15.175));
#6031=DIRECTION('',(0.,1.,0.));
#6032=VECTOR('',#6031,0.8);
#6033=LINE('',#6030,#6032);
#6034=EDGE_CURVE('',#6023,#2730,#6033,.T.);
#6035=ORIENTED_EDGE('',*,*,#6034,.T.);
#6036=EDGE_LOOP('',(#6020,#6021,#6029,#6035));
#6037=FACE_OUTER_BOUND('',#6036,.T.);
#6038=ADVANCED_FACE('',(#6037),#6019,.T.);
#6039=CARTESIAN_POINT('',(-1.7763568394003E-15,39.2,-15.175));
#6040=DIRECTION('',(1.,0.,0.));
#6041=DIRECTION('',(0.,0.,-1.));
#6042=AXIS2_PLACEMENT_3D('',#6039,#6041,#6040);
#6043=PLANE('',#6042);
#6044=ORIENTED_EDGE('',*,*,#4715,.F.);
#6045=ORIENTED_EDGE('',*,*,#6034,.F.);
#6046=CARTESIAN_POINT('',(-15.175644167766,39.2,-15.175));
#6047=VERTEX_POINT('',#6046);
#6048=CARTESIAN_POINT('',(-13.780443371098,39.2,-15.175));
#6049=DIRECTION('',(-1.,0.,0.));
#6050=VECTOR('',#6049,1.3952007966676);
#6051=LINE('',#6048,#6050);
#6052=EDGE_CURVE('',#6023,#6047,#6051,.T.);
#6053=ORIENTED_EDGE('',*,*,#6052,.T.);
#6054=CARTESIAN_POINT('',(-15.175644167766,39.2,-15.175));
#6055=DIRECTION('',(0.,1.,0.));
#6056=VECTOR('',#6055,0.8);
#6057=LINE('',#6054,#6056);
#6058=EDGE_CURVE('',#6047,#4710,#6057,.T.);
#6059=ORIENTED_EDGE('',*,*,#6058,.T.);
#6060=EDGE_LOOP('',(#6044,#6045,#6053,#6059));
#6061=FACE_OUTER_BOUND('',#6060,.T.);
#6062=ADVANCED_FACE('',(#6061),#6043,.T.);
#6063=CARTESIAN_POINT('',(-15.175644167766,39.2,0.));
#6064=DIRECTION('',(0.,0.,1.));
#6065=DIRECTION('',(-1.,0.,0.));
#6066=AXIS2_PLACEMENT_3D('',#6063,#6065,#6064);
#6067=PLANE('',#6066);
#6068=ORIENTED_EDGE('',*,*,#4721,.F.);
#6069=ORIENTED_EDGE('',*,*,#6058,.F.);
#6070=CARTESIAN_POINT('',(-15.175644167766,39.2,-15.175));
#6071=DIRECTION('',(0.,0.,1.));
#6072=VECTOR('',#6071,1.394678253074);
#6073=LINE('',#6070,#6072);
#6074=EDGE_CURVE('',#6047,#2282,#6073,.T.);
#6075=ORIENTED_EDGE('',*,*,#6074,.T.);
#6076=ORIENTED_EDGE('',*,*,#2313,.F.);
#6077=EDGE_LOOP('',(#6068,#6069,#6075,#6076));
#6078=FACE_OUTER_BOUND('',#6077,.T.);
#6079=ADVANCED_FACE('',(#6078),#6067,.T.);
#6080=CARTESIAN_POINT('',(-15.5,39.2,-15.499999999999));
#6081=DIRECTION('',(-0.18536049482705,0.,0.98267058924009));
#6082=DIRECTION('',(0.,1.,-2.2204460492503E-15));
#6083=AXIS2_PLACEMENT_3D('',#6080,#6082,#6081);
#6084=CYLINDRICAL_SURFACE('',#6083,1.749999999999);
#6085=ORIENTED_EDGE('',*,*,#2298,.F.);
#6086=CARTESIAN_POINT('',(-15.824355832234,39.2,-13.780321746926));
#6087=VERTEX_POINT('',#6086);
#6088=CARTESIAN_POINT('',(-15.5,39.2,-15.5));
#6089=DIRECTION('',(3.0451831532576E-15,5.6843418860809E-14,1.));
#6090=DIRECTION('',(-5.2709283644969E-15,-1.,5.6383834364359E-14));
#6091=AXIS2_PLACEMENT_3D('',#6088,#6090,#6089);
#6092=CIRCLE('',#6091,1.75);
#6093=EDGE_CURVE('',#2284,#6087,#6092,.T.);
#6094=ORIENTED_EDGE('',*,*,#6093,.T.);
#6095=CARTESIAN_POINT('',(-15.824355832234,39.2,-13.780321746926));
#6096=DIRECTION('',(0.,1.,0.));
#6097=VECTOR('',#6096,0.8);
#6098=LINE('',#6095,#6097);
#6099=EDGE_CURVE('',#6087,#4766,#6098,.T.);
#6100=ORIENTED_EDGE('',*,*,#6099,.T.);
#6101=ORIENTED_EDGE('',*,*,#4914,.F.);
#6102=EDGE_LOOP('',(#6085,#6094,#6100,#6101));
#6103=FACE_OUTER_BOUND('',#6102,.T.);
#6104=ADVANCED_FACE('',(#6103),#6084,.F.);
#6105=CARTESIAN_POINT('',(-15.824355832234,39.2,0.));
#6106=DIRECTION('',(0.,0.,1.));
#6107=DIRECTION('',(1.,0.,-0.));
#6108=AXIS2_PLACEMENT_3D('',#6105,#6107,#6106);
#6109=PLANE('',#6108);
#6110=ORIENTED_EDGE('',*,*,#4773,.F.);
#6111=ORIENTED_EDGE('',*,*,#6099,.F.);
#6112=CARTESIAN_POINT('',(-15.824355832234,39.2,-15.175));
#6113=VERTEX_POINT('',#6112);
#6114=CARTESIAN_POINT('',(-15.824355832234,39.2,-13.780321746926));
#6115=DIRECTION('',(0.,0.,-1.));
#6116=VECTOR('',#6115,1.394678253074);
#6117=LINE('',#6114,#6116);
#6118=EDGE_CURVE('',#6087,#6113,#6117,.T.);
#6119=ORIENTED_EDGE('',*,*,#6118,.T.);
#6120=CARTESIAN_POINT('',(-15.824355832234,39.2,-15.175));
#6121=DIRECTION('',(0.,1.,0.));
#6122=VECTOR('',#6121,0.8);
#6123=LINE('',#6120,#6122);
#6124=EDGE_CURVE('',#6113,#4768,#6123,.T.);
#6125=ORIENTED_EDGE('',*,*,#6124,.T.);
#6126=EDGE_LOOP('',(#6110,#6111,#6119,#6125));
#6127=FACE_OUTER_BOUND('',#6126,.T.);
#6128=ADVANCED_FACE('',(#6127),#6109,.T.);
#6129=CARTESIAN_POINT('',(0.,39.2,-15.175));
#6130=DIRECTION('',(1.,0.,0.));
#6131=DIRECTION('',(0.,0.,-1.));
#6132=AXIS2_PLACEMENT_3D('',#6129,#6131,#6130);
#6133=PLANE('',#6132);
#6134=ORIENTED_EDGE('',*,*,#4781,.F.);
#6135=ORIENTED_EDGE('',*,*,#6124,.F.);
#6136=CARTESIAN_POINT('',(-17.219556628902,39.2,-15.175));
#6137=VERTEX_POINT('',#6136);
#6138=CARTESIAN_POINT('',(-15.824355832234,39.2,-15.175));
#6139=DIRECTION('',(-1.,0.,5.0927632600069E-15));
#6140=VECTOR('',#6139,1.3952007966676);
#6141=LINE('',#6138,#6140);
#6142=EDGE_CURVE('',#6113,#6137,#6141,.T.);
#6143=ORIENTED_EDGE('',*,*,#6142,.T.);
#6144=CARTESIAN_POINT('',(-17.219556628902,39.2,-15.175));
#6145=DIRECTION('',(0.,1.,0.));
#6146=VECTOR('',#6145,0.8);
#6147=LINE('',#6144,#6146);
#6148=EDGE_CURVE('',#6137,#4776,#6147,.T.);
#6149=ORIENTED_EDGE('',*,*,#6148,.T.);
#6150=EDGE_LOOP('',(#6134,#6135,#6143,#6149));
#6151=FACE_OUTER_BOUND('',#6150,.T.);
#6152=ADVANCED_FACE('',(#6151),#6133,.T.);
#6153=CARTESIAN_POINT('',(-17.219556628902,39.2,0.));
#6154=DIRECTION('',(0.,0.,1.));
#6155=DIRECTION('',(1.,0.,-0.));
#6156=AXIS2_PLACEMENT_3D('',#6153,#6155,#6154);
#6157=PLANE('',#6156);
#6158=ORIENTED_EDGE('',*,*,#5689,.F.);
#6159=ORIENTED_EDGE('',*,*,#6148,.F.);
#6160=CARTESIAN_POINT('',(-17.219556628902,39.2,-15.825));
#6161=VERTEX_POINT('',#6160);
#6162=CARTESIAN_POINT('',(-17.219556628902,39.2,-15.175));
#6163=DIRECTION('',(0.,0.,-1.));
#6164=VECTOR('',#6163,0.65000000000001);
#6165=LINE('',#6162,#6164);
#6166=EDGE_CURVE('',#6137,#6161,#6165,.T.);
#6167=ORIENTED_EDGE('',*,*,#6166,.T.);
#6168=CARTESIAN_POINT('',(-17.219556628902,39.2,-15.825));
#6169=DIRECTION('',(0.,1.,0.));
#6170=VECTOR('',#6169,0.8);
#6171=LINE('',#6168,#6170);
#6172=EDGE_CURVE('',#6161,#4743,#6171,.T.);
#6173=ORIENTED_EDGE('',*,*,#6172,.T.);
#6174=EDGE_LOOP('',(#6158,#6159,#6167,#6173));
#6175=FACE_OUTER_BOUND('',#6174,.T.);
#6176=ADVANCED_FACE('',(#6175),#6157,.T.);
#6177=CARTESIAN_POINT('',(0.,39.2,-15.825));
#6178=DIRECTION('',(1.,0.,0.));
#6179=DIRECTION('',(0.,0.,1.));
#6180=AXIS2_PLACEMENT_3D('',#6177,#6179,#6178);
#6181=PLANE('',#6180);
#6182=ORIENTED_EDGE('',*,*,#4755,.F.);
#6183=ORIENTED_EDGE('',*,*,#6172,.F.);
#6184=CARTESIAN_POINT('',(-17.219556628902,39.2,-15.825));
#6185=DIRECTION('',(1.,0.,0.));
#6186=VECTOR('',#6185,1.3952007966676);
#6187=LINE('',#6184,#6186);
#6188=EDGE_CURVE('',#6161,#5917,#6187,.T.);
#6189=ORIENTED_EDGE('',*,*,#6188,.T.);
#6190=ORIENTED_EDGE('',*,*,#5922,.F.);
#6191=EDGE_LOOP('',(#6182,#6183,#6189,#6190));
#6192=FACE_OUTER_BOUND('',#6191,.T.);
#6193=ADVANCED_FACE('',(#6192),#6181,.T.);
#6194=CARTESIAN_POINT('',(0.,39.2,0.));
#6195=DIRECTION('',(0.,0.,1.));
#6196=DIRECTION('',(0.,1.,0.));
#6197=AXIS2_PLACEMENT_3D('',#6194,#6196,#6195);
#6198=PLANE('',#6197);
#6199=ORIENTED_EDGE('',*,*,#5930,.F.);
#6200=ORIENTED_EDGE('',*,*,#6188,.F.);
#6201=ORIENTED_EDGE('',*,*,#6166,.F.);
#6202=ORIENTED_EDGE('',*,*,#6142,.F.);
#6203=ORIENTED_EDGE('',*,*,#6118,.F.);
#6204=ORIENTED_EDGE('',*,*,#6093,.F.);
#6205=ORIENTED_EDGE('',*,*,#2290,.F.);
#6206=ORIENTED_EDGE('',*,*,#6074,.F.);
#6207=ORIENTED_EDGE('',*,*,#6052,.F.);
#6208=ORIENTED_EDGE('',*,*,#6028,.F.);
#6209=ORIENTED_EDGE('',*,*,#6004,.F.);
#6210=ORIENTED_EDGE('',*,*,#5980,.F.);
#6211=ORIENTED_EDGE('',*,*,#5956,.F.);
#6212=EDGE_LOOP('',(#6199,#6200,#6201,#6202,#6203,#6204,#6205,#6206,#6207,#6208,#6209,#6210,#6211));
#6213=FACE_OUTER_BOUND('',#6212,.T.);
#6214=ADVANCED_FACE('',(#6213),#6198,.T.);
#6215=CARTESIAN_POINT('',(-1.6697754290362E-13,39.2,15.824355832234));
#6216=DIRECTION('',(1.,0.,1.0522170911439E-14));
#6217=DIRECTION('',(1.0522170911439E-14,0.,-1.));
#6218=AXIS2_PLACEMENT_3D('',#6215,#6217,#6216);
#6219=PLANE('',#6218);
#6220=ORIENTED_EDGE('',*,*,#4623,.F.);
#6221=CARTESIAN_POINT('',(-15.825,39.2,15.824355832234));
#6222=VERTEX_POINT('',#6221);
#6223=CARTESIAN_POINT('',(-15.825,40.,15.824355832234));
#6224=DIRECTION('',(0.,-1.,0.));
#6225=VECTOR('',#6224,0.8);
#6226=LINE('',#6223,#6225);
#6227=EDGE_CURVE('',#4616,#6222,#6226,.T.);
#6228=ORIENTED_EDGE('',*,*,#6227,.T.);
#6229=CARTESIAN_POINT('',(-17.219678253074,39.2,15.824355832234));
#6230=VERTEX_POINT('',#6229);
#6231=CARTESIAN_POINT('',(-15.825,39.2,15.824355832234));
#6232=DIRECTION('',(-1.,0.,-1.0189342727529E-14));
#6233=VECTOR('',#6232,1.394678253074);
#6234=LINE('',#6231,#6233);
#6235=EDGE_CURVE('',#6222,#6230,#6234,.T.);
#6236=ORIENTED_EDGE('',*,*,#6235,.T.);
#6237=CARTESIAN_POINT('',(-17.219678253074,39.2,15.824355832234));
#6238=DIRECTION('',(0.,1.,0.));
#6239=VECTOR('',#6238,0.8);
#6240=LINE('',#6237,#6239);
#6241=EDGE_CURVE('',#6230,#4618,#6240,.T.);
#6242=ORIENTED_EDGE('',*,*,#6241,.T.);
#6243=EDGE_LOOP('',(#6220,#6228,#6236,#6242));
#6244=FACE_OUTER_BOUND('',#6243,.T.);
#6245=ADVANCED_FACE('',(#6244),#6219,.T.);
#6246=CARTESIAN_POINT('',(-15.5,39.2,15.5));
#6247=DIRECTION('',(-0.9826732870502,-8.1204884086871E-15,-0.18534619207838));
#6248=DIRECTION('',(-4.4408920985005E-15,1.,0.));
#6249=AXIS2_PLACEMENT_3D('',#6246,#6248,#6247);
#6250=CYLINDRICAL_SURFACE('',#6249,1.7499999999999);
#6251=ORIENTED_EDGE('',*,*,#4854,.F.);
#6252=ORIENTED_EDGE('',*,*,#6241,.F.);
#6253=CARTESIAN_POINT('',(-17.219678253074,39.2,15.175644167766));
#6254=VERTEX_POINT('',#6253);
#6255=CARTESIAN_POINT('',(-15.5,39.2,15.5));
#6256=DIRECTION('',(-0.98267328747086,4.4662686247778E-14,0.18534618984809));
#6257=DIRECTION('',(-4.5768430960415E-14,-1.,-5.0130786799882E-28));
#6258=AXIS2_PLACEMENT_3D('',#6255,#6257,#6256);
#6259=CIRCLE('',#6258,1.75);
#6260=EDGE_CURVE('',#6230,#6254,#6259,.T.);
#6261=ORIENTED_EDGE('',*,*,#6260,.T.);
#6262=CARTESIAN_POINT('',(-17.219678253074,39.2,15.175644167766));
#6263=DIRECTION('',(0.,1.,0.));
#6264=VECTOR('',#6263,0.8);
#6265=LINE('',#6262,#6264);
#6266=EDGE_CURVE('',#6254,#4540,#6265,.T.);
#6267=ORIENTED_EDGE('',*,*,#6266,.T.);
#6268=EDGE_LOOP('',(#6251,#6252,#6261,#6267));
#6269=FACE_OUTER_BOUND('',#6268,.T.);
#6270=ADVANCED_FACE('',(#6269),#6250,.F.);
#6271=CARTESIAN_POINT('',(-1.5987211554602E-13,39.2,15.175644167766));
#6272=DIRECTION('',(1.,0.,1.0522170911439E-14));
#6273=DIRECTION('',(-1.0522170911439E-14,0.,1.));
#6274=AXIS2_PLACEMENT_3D('',#6271,#6273,#6272);
#6275=PLANE('',#6274);
#6276=ORIENTED_EDGE('',*,*,#4554,.F.);
#6277=ORIENTED_EDGE('',*,*,#6266,.F.);
#6278=CARTESIAN_POINT('',(-15.825,39.2,15.175644167766));
#6279=VERTEX_POINT('',#6278);
#6280=CARTESIAN_POINT('',(-17.219678253074,39.2,15.175644167766));
#6281=DIRECTION('',(1.,0.,1.0189342727529E-14));
#6282=VECTOR('',#6281,1.394678253074);
#6283=LINE('',#6280,#6282);
#6284=EDGE_CURVE('',#6254,#6279,#6283,.T.);
#6285=ORIENTED_EDGE('',*,*,#6284,.T.);
#6286=CARTESIAN_POINT('',(-15.825,39.2,15.175644167766));
#6287=DIRECTION('',(0.,1.,0.));
#6288=VECTOR('',#6287,0.8);
#6289=LINE('',#6286,#6288);
#6290=EDGE_CURVE('',#6279,#4549,#6289,.T.);
#6291=ORIENTED_EDGE('',*,*,#6290,.T.);
#6292=EDGE_LOOP('',(#6276,#6277,#6285,#6291));
#6293=FACE_OUTER_BOUND('',#6292,.T.);
#6294=ADVANCED_FACE('',(#6293),#6275,.T.);
#6295=CARTESIAN_POINT('',(-15.825,39.2,-1.6520118606422E-13));
#6296=DIRECTION('',(1.0417729683095E-14,0.,-1.));
#6297=DIRECTION('',(1.,-0.,1.0417729683095E-14));
#6298=AXIS2_PLACEMENT_3D('',#6295,#6297,#6296);
#6299=PLANE('',#6298);
#6300=ORIENTED_EDGE('',*,*,#4560,.F.);
#6301=ORIENTED_EDGE('',*,*,#6290,.F.);
#6302=CARTESIAN_POINT('',(-15.825,39.2,13.780443371098));
#6303=VERTEX_POINT('',#6302);
#6304=CARTESIAN_POINT('',(-15.825,39.2,15.175644167766));
#6305=DIRECTION('',(1.0185526520014E-14,0.,-1.));
#6306=VECTOR('',#6305,1.3952007966676);
#6307=LINE('',#6304,#6306);
#6308=EDGE_CURVE('',#6279,#6303,#6307,.T.);
#6309=ORIENTED_EDGE('',*,*,#6308,.T.);
#6310=CARTESIAN_POINT('',(-15.825,39.2,13.780443371098));
#6311=DIRECTION('',(0.,1.,0.));
#6312=VECTOR('',#6311,0.8);
#6313=LINE('',#6310,#6312);
#6314=EDGE_CURVE('',#6303,#4538,#6313,.T.);
#6315=ORIENTED_EDGE('',*,*,#6314,.T.);
#6316=EDGE_LOOP('',(#6300,#6301,#6309,#6315));
#6317=FACE_OUTER_BOUND('',#6316,.T.);
#6318=ADVANCED_FACE('',(#6317),#6299,.T.);
#6319=CARTESIAN_POINT('',(-1.4388490399142E-13,39.2,13.780443371098));
#6320=DIRECTION('',(1.,0.,1.0439253463774E-14));
#6321=DIRECTION('',(-1.0439253463774E-14,0.,1.));
#6322=AXIS2_PLACEMENT_3D('',#6319,#6321,#6320);
#6323=PLANE('',#6322);
#6324=ORIENTED_EDGE('',*,*,#4582,.F.);
#6325=ORIENTED_EDGE('',*,*,#6314,.F.);
#6326=CARTESIAN_POINT('',(-15.175,39.2,13.780443371098));
#6327=VERTEX_POINT('',#6326);
#6328=CARTESIAN_POINT('',(-15.825,39.2,13.780443371098));
#6329=DIRECTION('',(1.,0.,8.1985700280011E-15));
#6330=VECTOR('',#6329,0.65);
#6331=LINE('',#6328,#6330);
#6332=EDGE_CURVE('',#6303,#6327,#6331,.T.);
#6333=ORIENTED_EDGE('',*,*,#6332,.T.);
#6334=CARTESIAN_POINT('',(-15.175,39.2,13.780443371098));
#6335=DIRECTION('',(0.,1.,0.));
#6336=VECTOR('',#6335,0.8);
#6337=LINE('',#6334,#6336);
#6338=EDGE_CURVE('',#6327,#2842,#6337,.T.);
#6339=ORIENTED_EDGE('',*,*,#6338,.T.);
#6340=EDGE_LOOP('',(#6324,#6325,#6333,#6339));
#6341=FACE_OUTER_BOUND('',#6340,.T.);
#6342=ADVANCED_FACE('',(#6341),#6323,.T.);
#6343=CARTESIAN_POINT('',(-15.175,39.2,-1.5809575870662E-13));
#6344=DIRECTION('',(1.0417729683095E-14,0.,-1.));
#6345=DIRECTION('',(-1.,-0.,-1.0417729683095E-14));
#6346=AXIS2_PLACEMENT_3D('',#6343,#6345,#6344);
#6347=PLANE('',#6346);
#6348=ORIENTED_EDGE('',*,*,#4598,.F.);
#6349=ORIENTED_EDGE('',*,*,#6338,.F.);
#6350=CARTESIAN_POINT('',(-15.175,39.2,15.175644167766));
#6351=VERTEX_POINT('',#6350);
#6352=CARTESIAN_POINT('',(-15.175,39.2,13.780443371098));
#6353=DIRECTION('',(-1.1458717335015E-14,0.,1.));
#6354=VECTOR('',#6353,1.3952007966676);
#6355=LINE('',#6352,#6354);
#6356=EDGE_CURVE('',#6327,#6351,#6355,.T.);
#6357=ORIENTED_EDGE('',*,*,#6356,.T.);
#6358=CARTESIAN_POINT('',(-15.175,39.2,15.175644167766));
#6359=DIRECTION('',(0.,1.,0.));
#6360=VECTOR('',#6359,0.8);
#6361=LINE('',#6358,#6360);
#6362=EDGE_CURVE('',#6351,#4593,#6361,.T.);
#6363=ORIENTED_EDGE('',*,*,#6362,.T.);
#6364=EDGE_LOOP('',(#6348,#6349,#6357,#6363));
#6365=FACE_OUTER_BOUND('',#6364,.T.);
#6366=ADVANCED_FACE('',(#6365),#6347,.T.);
#6367=CARTESIAN_POINT('',(-1.5809575870662E-13,39.2,15.175644167766));
#6368=DIRECTION('',(1.,0.,1.0418171908179E-14));
#6369=DIRECTION('',(-1.0418171908179E-14,0.,1.));
#6370=AXIS2_PLACEMENT_3D('',#6367,#6369,#6368);
#6371=PLANE('',#6370);
#6372=ORIENTED_EDGE('',*,*,#4604,.F.);
#6373=ORIENTED_EDGE('',*,*,#6362,.F.);
#6374=CARTESIAN_POINT('',(-13.780321746926,39.2,15.175644167766));
#6375=VERTEX_POINT('',#6374);
#6376=CARTESIAN_POINT('',(-15.175,39.2,15.175644167766));
#6377=DIRECTION('',(1.,0.,1.146301056847E-14));
#6378=VECTOR('',#6377,1.394678253074);
#6379=LINE('',#6376,#6378);
#6380=EDGE_CURVE('',#6351,#6375,#6379,.T.);
#6381=ORIENTED_EDGE('',*,*,#6380,.T.);
#6382=CARTESIAN_POINT('',(-13.780321746926,39.2,15.175644167766));
#6383=DIRECTION('',(0.,1.,0.));
#6384=VECTOR('',#6383,0.8);
#6385=LINE('',#6382,#6384);
#6386=EDGE_CURVE('',#6375,#2851,#6385,.T.);
#6387=ORIENTED_EDGE('',*,*,#6386,.T.);
#6388=EDGE_LOOP('',(#6372,#6373,#6381,#6387));
#6389=FACE_OUTER_BOUND('',#6388,.T.);
#6390=ADVANCED_FACE('',(#6389),#6371,.T.);
#6391=CARTESIAN_POINT('',(-15.5,39.2,15.5));
#6392=DIRECTION('',(0.9826732870502,0.,0.18534619207836));
#6393=DIRECTION('',(0.,1.,0.));
#6394=AXIS2_PLACEMENT_3D('',#6391,#6393,#6392);
#6395=CYLINDRICAL_SURFACE('',#6394,1.7500000000001);
#6396=ORIENTED_EDGE('',*,*,#2866,.F.);
#6397=ORIENTED_EDGE('',*,*,#6386,.F.);
#6398=CARTESIAN_POINT('',(-13.780321746926,39.2,15.824355832234));
#6399=VERTEX_POINT('',#6398);
#6400=CARTESIAN_POINT('',(-15.5,39.2,15.5));
#6401=DIRECTION('',(0.98267328747086,-2.436146522606E-14,-0.18534618984809));
#6402=DIRECTION('',(-2.5630321337832E-14,-1.,-2.8073240607934E-28));
#6403=AXIS2_PLACEMENT_3D('',#6400,#6402,#6401);
#6404=CIRCLE('',#6403,1.75);
#6405=EDGE_CURVE('',#6375,#6399,#6404,.T.);
#6406=ORIENTED_EDGE('',*,*,#6405,.T.);
#6407=CARTESIAN_POINT('',(-13.780321746926,39.2,15.824355832234));
#6408=DIRECTION('',(0.,1.,0.));
#6409=VECTOR('',#6408,0.8);
#6410=LINE('',#6407,#6409);
#6411=EDGE_CURVE('',#6399,#2860,#6410,.T.);
#6412=ORIENTED_EDGE('',*,*,#6411,.T.);
#6413=EDGE_LOOP('',(#6396,#6397,#6406,#6412));
#6414=FACE_OUTER_BOUND('',#6413,.T.);
#6415=ADVANCED_FACE('',(#6414),#6395,.F.);
#6416=CARTESIAN_POINT('',(-1.6520118606422E-13,39.2,15.824355832234));
#6417=DIRECTION('',(1.,0.,1.0418171908179E-14));
#6418=DIRECTION('',(1.0418171908179E-14,0.,-1.));
#6419=AXIS2_PLACEMENT_3D('',#6416,#6418,#6417);
#6420=PLANE('',#6419);
#6421=ORIENTED_EDGE('',*,*,#4654,.F.);
#6422=ORIENTED_EDGE('',*,*,#6411,.F.);
#6423=CARTESIAN_POINT('',(-15.175,39.2,15.824355832234));
#6424=VERTEX_POINT('',#6423);
#6425=CARTESIAN_POINT('',(-13.780321746926,39.2,15.824355832234));
#6426=DIRECTION('',(-1.,0.,-1.0189342727529E-14));
#6427=VECTOR('',#6426,1.394678253074);
#6428=LINE('',#6425,#6427);
#6429=EDGE_CURVE('',#6399,#6424,#6428,.T.);
#6430=ORIENTED_EDGE('',*,*,#6429,.T.);
#6431=CARTESIAN_POINT('',(-15.175,39.2,15.824355832234));
#6432=DIRECTION('',(0.,1.,0.));
#6433=VECTOR('',#6432,0.8);
#6434=LINE('',#6431,#6433);
#6435=EDGE_CURVE('',#6424,#4649,#6434,.T.);
#6436=ORIENTED_EDGE('',*,*,#6435,.T.);
#6437=EDGE_LOOP('',(#6421,#6422,#6430,#6436));
#6438=FACE_OUTER_BOUND('',#6437,.T.);
#6439=ADVANCED_FACE('',(#6438),#6420,.T.);
#6440=CARTESIAN_POINT('',(-15.175,39.2,-1.5987211554602E-13));
#6441=DIRECTION('',(1.0522245231025E-14,0.,-1.));
#6442=DIRECTION('',(-1.,-0.,-1.0522245231025E-14));
#6443=AXIS2_PLACEMENT_3D('',#6440,#6442,#6441);
#6444=PLANE('',#6443);
#6445=ORIENTED_EDGE('',*,*,#4660,.F.);
#6446=ORIENTED_EDGE('',*,*,#6435,.F.);
#6447=CARTESIAN_POINT('',(-15.175,39.2,17.219556628902));
#6448=VERTEX_POINT('',#6447);
#6449=CARTESIAN_POINT('',(-15.175,39.2,15.824355832234));
#6450=DIRECTION('',(-5.0927632600069E-15,0.,1.));
#6451=VECTOR('',#6450,1.3952007966676);
#6452=LINE('',#6449,#6451);
#6453=EDGE_CURVE('',#6424,#6448,#6452,.T.);
#6454=ORIENTED_EDGE('',*,*,#6453,.T.);
#6455=CARTESIAN_POINT('',(-15.175,39.2,17.219556628902));
#6456=DIRECTION('',(0.,1.,0.));
#6457=VECTOR('',#6456,0.8);
#6458=LINE('',#6455,#6457);
#6459=EDGE_CURVE('',#6448,#2869,#6458,.T.);
#6460=ORIENTED_EDGE('',*,*,#6459,.T.);
#6461=EDGE_LOOP('',(#6445,#6446,#6454,#6460));
#6462=FACE_OUTER_BOUND('',#6461,.T.);
#6463=ADVANCED_FACE('',(#6462),#6444,.T.);
#6464=CARTESIAN_POINT('',(-1.8118839761883E-13,39.2,17.219556628902));
#6465=DIRECTION('',(1.,0.,1.0551503501019E-14));
#6466=DIRECTION('',(1.0551503501019E-14,0.,-1.));
#6467=AXIS2_PLACEMENT_3D('',#6464,#6466,#6465);
#6468=PLANE('',#6467);
#6469=ORIENTED_EDGE('',*,*,#5903,.F.);
#6470=ORIENTED_EDGE('',*,*,#6459,.F.);
#6471=CARTESIAN_POINT('',(-15.825,39.2,17.219556628902));
#6472=VERTEX_POINT('',#6471);
#6473=CARTESIAN_POINT('',(-15.175,39.2,17.219556628902));
#6474=DIRECTION('',(-1.,0.,-1.0931426704001E-14));
#6475=VECTOR('',#6474,0.65000000000001);
#6476=LINE('',#6473,#6475);
#6477=EDGE_CURVE('',#6448,#6472,#6476,.T.);
#6478=ORIENTED_EDGE('',*,*,#6477,.T.);
#6479=CARTESIAN_POINT('',(-15.825,39.2,17.219556628902));
#6480=DIRECTION('',(0.,1.,0.));
#6481=VECTOR('',#6480,0.8);
#6482=LINE('',#6479,#6481);
#6483=EDGE_CURVE('',#6472,#4626,#6482,.T.);
#6484=ORIENTED_EDGE('',*,*,#6483,.T.);
#6485=EDGE_LOOP('',(#6469,#6470,#6478,#6484));
#6486=FACE_OUTER_BOUND('',#6485,.T.);
#6487=ADVANCED_FACE('',(#6486),#6468,.T.);
#6488=CARTESIAN_POINT('',(-15.825,39.2,-1.6697754290362E-13));
#6489=DIRECTION('',(1.0522245231025E-14,0.,-1.));
#6490=DIRECTION('',(1.,-0.,1.0522245231025E-14));
#6491=AXIS2_PLACEMENT_3D('',#6488,#6490,#6489);
#6492=PLANE('',#6491);
#6493=ORIENTED_EDGE('',*,*,#4638,.F.);
#6494=ORIENTED_EDGE('',*,*,#6483,.F.);
#6495=CARTESIAN_POINT('',(-15.825,39.2,17.219556628902));
#6496=DIRECTION('',(1.0185526520014E-14,0.,-1.));
#6497=VECTOR('',#6496,1.3952007966676);
#6498=LINE('',#6495,#6497);
#6499=EDGE_CURVE('',#6472,#6222,#6498,.T.);
#6500=ORIENTED_EDGE('',*,*,#6499,.T.);
#6501=ORIENTED_EDGE('',*,*,#6227,.F.);
#6502=EDGE_LOOP('',(#6493,#6494,#6500,#6501));
#6503=FACE_OUTER_BOUND('',#6502,.T.);
#6504=ADVANCED_FACE('',(#6503),#6492,.T.);
#6505=CARTESIAN_POINT('',(-6.4272305928998E-16,39.2,0.));
#6506=DIRECTION('',(1.,0.,1.0484920050526E-14));
#6507=DIRECTION('',(-0.,1.,0.));
#6508=AXIS2_PLACEMENT_3D('',#6505,#6507,#6506);
#6509=PLANE('',#6508);
#6510=ORIENTED_EDGE('',*,*,#6235,.F.);
#6511=ORIENTED_EDGE('',*,*,#6499,.F.);
#6512=ORIENTED_EDGE('',*,*,#6477,.F.);
#6513=ORIENTED_EDGE('',*,*,#6453,.F.);
#6514=ORIENTED_EDGE('',*,*,#6429,.F.);
#6515=ORIENTED_EDGE('',*,*,#6405,.F.);
#6516=ORIENTED_EDGE('',*,*,#6380,.F.);
#6517=ORIENTED_EDGE('',*,*,#6356,.F.);
#6518=ORIENTED_EDGE('',*,*,#6332,.F.);
#6519=ORIENTED_EDGE('',*,*,#6308,.F.);
#6520=ORIENTED_EDGE('',*,*,#6284,.F.);
#6521=ORIENTED_EDGE('',*,*,#6260,.F.);
#6522=EDGE_LOOP('',(#6510,#6511,#6512,#6513,#6514,#6515,#6516,#6517,#6518,#6519,#6520,#6521));
#6523=FACE_OUTER_BOUND('',#6522,.T.);
#6524=ADVANCED_FACE('',(#6523),#6509,.T.);
#6525=CARTESIAN_POINT('',(15.824355832234,39.2,0.));
#6526=DIRECTION('',(0.,0.,-1.));
#6527=DIRECTION('',(-1.,-0.,-0.));
#6528=AXIS2_PLACEMENT_3D('',#6525,#6527,#6526);
#6529=PLANE('',#6528);
#6530=ORIENTED_EDGE('',*,*,#4497,.F.);
#6531=CARTESIAN_POINT('',(15.824355832234,39.2,15.825));
#6532=VERTEX_POINT('',#6531);
#6533=CARTESIAN_POINT('',(15.824355832234,40.,15.825));
#6534=DIRECTION('',(0.,-1.,0.));
#6535=VECTOR('',#6534,0.8);
#6536=LINE('',#6533,#6535);
#6537=EDGE_CURVE('',#4492,#6532,#6536,.T.);
#6538=ORIENTED_EDGE('',*,*,#6537,.T.);
#6539=CARTESIAN_POINT('',(15.824355832234,39.2,15.825));
#6540=DIRECTION('',(0.,0.,1.));
#6541=VECTOR('',#6540,1.394678253074);
#6542=LINE('',#6539,#6541);
#6543=EDGE_CURVE('',#6532,#2240,#6542,.T.);
#6544=ORIENTED_EDGE('',*,*,#6543,.T.);
#6545=ORIENTED_EDGE('',*,*,#2271,.F.);
#6546=EDGE_LOOP('',(#6530,#6538,#6544,#6545));
#6547=FACE_OUTER_BOUND('',#6546,.T.);
#6548=ADVANCED_FACE('',(#6547),#6529,.T.);
#6549=CARTESIAN_POINT('',(15.5,39.2,15.499999999999));
#6550=DIRECTION('',(-0.18536049482701,0.,0.9826705892401));
#6551=DIRECTION('',(0.,1.,0.));
#6552=AXIS2_PLACEMENT_3D('',#6549,#6551,#6550);
#6553=CYLINDRICAL_SURFACE('',#6552,1.7500000000013);
#6554=ORIENTED_EDGE('',*,*,#2256,.F.);
#6555=CARTESIAN_POINT('',(15.175644167766,39.2,17.219678253074));
#6556=VERTEX_POINT('',#6555);
#6557=CARTESIAN_POINT('',(15.5,39.2,15.5));
#6558=DIRECTION('',(5.0753052554295E-15,5.6843418860811E-14,1.));
#6559=DIRECTION('',(-5.2709283644967E-15,-1.,5.6383834364357E-14));
#6560=AXIS2_PLACEMENT_3D('',#6557,#6559,#6558);
#6561=CIRCLE('',#6560,1.7499999999999);
#6562=EDGE_CURVE('',#2242,#6556,#6561,.T.);
#6563=ORIENTED_EDGE('',*,*,#6562,.T.);
#6564=CARTESIAN_POINT('',(15.175644167766,39.2,17.219678253074));
#6565=DIRECTION('',(0.,1.,0.));
#6566=VECTOR('',#6565,0.8);
#6567=LINE('',#6564,#6566);
#6568=EDGE_CURVE('',#6556,#4407,#6567,.T.);
#6569=ORIENTED_EDGE('',*,*,#6568,.T.);
#6570=ORIENTED_EDGE('',*,*,#4812,.F.);
#6571=EDGE_LOOP('',(#6554,#6563,#6569,#6570));
#6572=FACE_OUTER_BOUND('',#6571,.T.);
#6573=ADVANCED_FACE('',(#6572),#6553,.F.);
#6574=CARTESIAN_POINT('',(15.175644167766,39.2,0.));
#6575=DIRECTION('',(0.,0.,-1.));
#6576=DIRECTION('',(1.,-0.,0.));
#6577=AXIS2_PLACEMENT_3D('',#6574,#6576,#6575);
#6578=PLANE('',#6577);
#6579=ORIENTED_EDGE('',*,*,#4421,.F.);
#6580=ORIENTED_EDGE('',*,*,#6568,.F.);
#6581=CARTESIAN_POINT('',(15.175644167766,39.2,15.825));
#6582=VERTEX_POINT('',#6581);
#6583=CARTESIAN_POINT('',(15.175644167766,39.2,17.219678253074));
#6584=DIRECTION('',(0.,0.,-1.));
#6585=VECTOR('',#6584,1.394678253074);
#6586=LINE('',#6583,#6585);
#6587=EDGE_CURVE('',#6556,#6582,#6586,.T.);
#6588=ORIENTED_EDGE('',*,*,#6587,.T.);
#6589=CARTESIAN_POINT('',(15.175644167766,39.2,15.825));
#6590=DIRECTION('',(0.,1.,0.));
#6591=VECTOR('',#6590,0.8);
#6592=LINE('',#6589,#6591);
#6593=EDGE_CURVE('',#6582,#4416,#6592,.T.);
#6594=ORIENTED_EDGE('',*,*,#6593,.T.);
#6595=EDGE_LOOP('',(#6579,#6580,#6588,#6594));
#6596=FACE_OUTER_BOUND('',#6595,.T.);
#6597=ADVANCED_FACE('',(#6596),#6578,.T.);
#6598=CARTESIAN_POINT('',(1.7763568394003E-15,39.2,15.825));
#6599=DIRECTION('',(-1.,0.,0.));
#6600=DIRECTION('',(0.,0.,-1.));
#6601=AXIS2_PLACEMENT_3D('',#6598,#6600,#6599);
#6602=PLANE('',#6601);
#6603=ORIENTED_EDGE('',*,*,#4427,.F.);
#6604=ORIENTED_EDGE('',*,*,#6593,.F.);
#6605=CARTESIAN_POINT('',(13.780443371098,39.2,15.825));
#6606=VERTEX_POINT('',#6605);
#6607=CARTESIAN_POINT('',(15.175644167766,39.2,15.825));
#6608=DIRECTION('',(-1.,0.,0.));
#6609=VECTOR('',#6608,1.3952007966676);
#6610=LINE('',#6607,#6609);
#6611=EDGE_CURVE('',#6582,#6606,#6610,.T.);
#6612=ORIENTED_EDGE('',*,*,#6611,.T.);
#6613=CARTESIAN_POINT('',(13.780443371098,39.2,15.825));
#6614=DIRECTION('',(0.,1.,0.));
#6615=VECTOR('',#6614,0.8);
#6616=LINE('',#6613,#6615);
#6617=EDGE_CURVE('',#6606,#4405,#6616,.T.);
#6618=ORIENTED_EDGE('',*,*,#6617,.T.);
#6619=EDGE_LOOP('',(#6603,#6604,#6612,#6618));
#6620=FACE_OUTER_BOUND('',#6619,.T.);
#6621=ADVANCED_FACE('',(#6620),#6602,.T.);
#6622=CARTESIAN_POINT('',(13.780443371098,39.2,0.));
#6623=DIRECTION('',(0.,0.,-1.));
#6624=DIRECTION('',(1.,-0.,0.));
#6625=AXIS2_PLACEMENT_3D('',#6622,#6624,#6623);
#6626=PLANE('',#6625);
#6627=ORIENTED_EDGE('',*,*,#4450,.F.);
#6628=ORIENTED_EDGE('',*,*,#6617,.F.);
#6629=CARTESIAN_POINT('',(13.780443371098,39.2,15.175));
#6630=VERTEX_POINT('',#6629);
#6631=CARTESIAN_POINT('',(13.780443371098,39.2,15.825));
#6632=DIRECTION('',(0.,0.,-1.));
#6633=VECTOR('',#6632,0.65);
#6634=LINE('',#6631,#6633);
#6635=EDGE_CURVE('',#6606,#6630,#6634,.T.);
#6636=ORIENTED_EDGE('',*,*,#6635,.T.);
#6637=CARTESIAN_POINT('',(13.780443371098,39.2,15.175));
#6638=DIRECTION('',(0.,1.,0.));
#6639=VECTOR('',#6638,0.8);
#6640=LINE('',#6637,#6639);
#6641=EDGE_CURVE('',#6630,#4438,#6640,.T.);
#6642=ORIENTED_EDGE('',*,*,#6641,.T.);
#6643=EDGE_LOOP('',(#6627,#6628,#6636,#6642));
#6644=FACE_OUTER_BOUND('',#6643,.T.);
#6645=ADVANCED_FACE('',(#6644),#6626,.T.);
#6646=CARTESIAN_POINT('',(1.7763568394003E-15,39.2,15.175));
#6647=DIRECTION('',(-1.,0.,0.));
#6648=DIRECTION('',(0.,0.,1.));
#6649=AXIS2_PLACEMENT_3D('',#6646,#6648,#6647);
#6650=PLANE('',#6649);
#6651=ORIENTED_EDGE('',*,*,#4466,.F.);
#6652=ORIENTED_EDGE('',*,*,#6641,.F.);
#6653=CARTESIAN_POINT('',(15.175644167766,39.2,15.175));
#6654=VERTEX_POINT('',#6653);
#6655=CARTESIAN_POINT('',(13.780443371098,39.2,15.175));
#6656=DIRECTION('',(1.,0.,0.));
#6657=VECTOR('',#6656,1.3952007966676);
#6658=LINE('',#6655,#6657);
#6659=EDGE_CURVE('',#6630,#6654,#6658,.T.);
#6660=ORIENTED_EDGE('',*,*,#6659,.T.);
#6661=CARTESIAN_POINT('',(15.175644167766,39.2,15.175));
#6662=DIRECTION('',(0.,1.,0.));
#6663=VECTOR('',#6662,0.8);
#6664=LINE('',#6661,#6663);
#6665=EDGE_CURVE('',#6654,#4461,#6664,.T.);
#6666=ORIENTED_EDGE('',*,*,#6665,.T.);
#6667=EDGE_LOOP('',(#6651,#6652,#6660,#6666));
#6668=FACE_OUTER_BOUND('',#6667,.T.);
#6669=ADVANCED_FACE('',(#6668),#6650,.T.);
#6670=CARTESIAN_POINT('',(15.175644167766,39.2,0.));
#6671=DIRECTION('',(0.,0.,-1.));
#6672=DIRECTION('',(1.,-0.,0.));
#6673=AXIS2_PLACEMENT_3D('',#6670,#6672,#6671);
#6674=PLANE('',#6673);
#6675=ORIENTED_EDGE('',*,*,#4474,.F.);
#6676=ORIENTED_EDGE('',*,*,#6665,.F.);
#6677=CARTESIAN_POINT('',(15.175644167766,39.2,13.780321746926));
#6678=VERTEX_POINT('',#6677);
#6679=CARTESIAN_POINT('',(15.175644167766,39.2,15.175));
#6680=DIRECTION('',(0.,0.,-1.));
#6681=VECTOR('',#6680,1.394678253074);
#6682=LINE('',#6679,#6681);
#6683=EDGE_CURVE('',#6654,#6678,#6682,.T.);
#6684=ORIENTED_EDGE('',*,*,#6683,.T.);
#6685=CARTESIAN_POINT('',(15.175644167766,39.2,13.780321746926));
#6686=DIRECTION('',(0.,1.,0.));
#6687=VECTOR('',#6686,0.8);
#6688=LINE('',#6685,#6687);
#6689=EDGE_CURVE('',#6678,#4469,#6688,.T.);
#6690=ORIENTED_EDGE('',*,*,#6689,.T.);
#6691=EDGE_LOOP('',(#6675,#6676,#6684,#6690));
#6692=FACE_OUTER_BOUND('',#6691,.T.);
#6693=ADVANCED_FACE('',(#6692),#6674,.T.);
#6694=CARTESIAN_POINT('',(15.5,39.2,15.5));
#6695=DIRECTION('',(0.18534619207836,-4.0602442043434E-15,-0.9826732870502));
#6696=DIRECTION('',(0.,1.,-4.4408920985005E-15));
#6697=AXIS2_PLACEMENT_3D('',#6694,#6696,#6695);
#6698=CYLINDRICAL_SURFACE('',#6697,1.75);
#6699=ORIENTED_EDGE('',*,*,#2918,.F.);
#6700=ORIENTED_EDGE('',*,*,#4822,.F.);
#6701=ORIENTED_EDGE('',*,*,#6689,.F.);
#6702=CARTESIAN_POINT('',(15.824355832234,39.2,13.780321746926));
#6703=VERTEX_POINT('',#6702);
#6704=CARTESIAN_POINT('',(15.5,39.2,15.5));
#6705=DIRECTION('',(-0.18534618984811,-2.4361465226061E-14,-0.98267328747086));
#6706=DIRECTION('',(0.,-1.,2.5630321337832E-14));
#6707=AXIS2_PLACEMENT_3D('',#6704,#6706,#6705);
#6708=CIRCLE('',#6707,1.75);
#6709=EDGE_CURVE('',#6678,#6703,#6708,.T.);
#6710=ORIENTED_EDGE('',*,*,#6709,.T.);
#6711=CARTESIAN_POINT('',(15.824355832234,39.2,13.780321746926));
#6712=DIRECTION('',(0.,1.,0.));
#6713=VECTOR('',#6712,0.8);
#6714=LINE('',#6711,#6713);
#6715=EDGE_CURVE('',#6703,#2912,#6714,.T.);
#6716=ORIENTED_EDGE('',*,*,#6715,.T.);
#6717=EDGE_LOOP('',(#6699,#6700,#6701,#6710,#6716));
#6718=FACE_OUTER_BOUND('',#6717,.T.);
#6719=ADVANCED_FACE('',(#6718),#6698,.F.);
#6720=CARTESIAN_POINT('',(15.824355832234,39.2,0.));
#6721=DIRECTION('',(0.,0.,-1.));
#6722=DIRECTION('',(-1.,-0.,-0.));
#6723=AXIS2_PLACEMENT_3D('',#6720,#6722,#6721);
#6724=PLANE('',#6723);
#6725=ORIENTED_EDGE('',*,*,#4520,.F.);
#6726=ORIENTED_EDGE('',*,*,#6715,.F.);
#6727=CARTESIAN_POINT('',(15.824355832234,39.2,15.175));
#6728=VERTEX_POINT('',#6727);
#6729=CARTESIAN_POINT('',(15.824355832234,39.2,13.780321746926));
#6730=DIRECTION('',(0.,0.,1.));
#6731=VECTOR('',#6730,1.394678253074);
#6732=LINE('',#6729,#6731);
#6733=EDGE_CURVE('',#6703,#6728,#6732,.T.);
#6734=ORIENTED_EDGE('',*,*,#6733,.T.);
#6735=CARTESIAN_POINT('',(15.824355832234,39.2,15.175));
#6736=DIRECTION('',(0.,1.,0.));
#6737=VECTOR('',#6736,0.8);
#6738=LINE('',#6735,#6737);
#6739=EDGE_CURVE('',#6728,#4515,#6738,.T.);
#6740=ORIENTED_EDGE('',*,*,#6739,.T.);
#6741=EDGE_LOOP('',(#6725,#6726,#6734,#6740));
#6742=FACE_OUTER_BOUND('',#6741,.T.);
#6743=ADVANCED_FACE('',(#6742),#6724,.T.);
#6744=CARTESIAN_POINT('',(0.,39.2,15.175));
#6745=DIRECTION('',(-1.,0.,0.));
#6746=DIRECTION('',(0.,0.,1.));
#6747=AXIS2_PLACEMENT_3D('',#6744,#6746,#6745);
#6748=PLANE('',#6747);
#6749=ORIENTED_EDGE('',*,*,#4526,.F.);
#6750=ORIENTED_EDGE('',*,*,#6739,.F.);
#6751=CARTESIAN_POINT('',(17.219556628902,39.2,15.175));
#6752=VERTEX_POINT('',#6751);
#6753=CARTESIAN_POINT('',(15.824355832234,39.2,15.175));
#6754=DIRECTION('',(1.,0.,-5.0927632600069E-15));
#6755=VECTOR('',#6754,1.3952007966676);
#6756=LINE('',#6753,#6755);
#6757=EDGE_CURVE('',#6728,#6752,#6756,.T.);
#6758=ORIENTED_EDGE('',*,*,#6757,.T.);
#6759=CARTESIAN_POINT('',(17.219556628902,39.2,15.175));
#6760=DIRECTION('',(0.,1.,0.));
#6761=VECTOR('',#6760,0.8);
#6762=LINE('',#6759,#6761);
#6763=EDGE_CURVE('',#6752,#2921,#6762,.T.);
#6764=ORIENTED_EDGE('',*,*,#6763,.T.);
#6765=EDGE_LOOP('',(#6749,#6750,#6758,#6764));
#6766=FACE_OUTER_BOUND('',#6765,.T.);
#6767=ADVANCED_FACE('',(#6766),#6748,.T.);
#6768=CARTESIAN_POINT('',(17.219556628902,39.2,0.));
#6769=DIRECTION('',(0.,0.,-1.));
#6770=DIRECTION('',(-1.,-0.,-0.));
#6771=AXIS2_PLACEMENT_3D('',#6768,#6770,#6769);
#6772=PLANE('',#6771);
#6773=ORIENTED_EDGE('',*,*,#5876,.F.);
#6774=ORIENTED_EDGE('',*,*,#6763,.F.);
#6775=CARTESIAN_POINT('',(17.219556628902,39.2,15.825));
#6776=VERTEX_POINT('',#6775);
#6777=CARTESIAN_POINT('',(17.219556628902,39.2,15.175));
#6778=DIRECTION('',(0.,0.,1.));
#6779=VECTOR('',#6778,0.65000000000001);
#6780=LINE('',#6777,#6779);
#6781=EDGE_CURVE('',#6752,#6776,#6780,.T.);
#6782=ORIENTED_EDGE('',*,*,#6781,.T.);
#6783=CARTESIAN_POINT('',(17.219556628902,39.2,15.825));
#6784=DIRECTION('',(0.,1.,0.));
#6785=VECTOR('',#6784,0.8);
#6786=LINE('',#6783,#6785);
#6787=EDGE_CURVE('',#6776,#2930,#6786,.T.);
#6788=ORIENTED_EDGE('',*,*,#6787,.T.);
#6789=EDGE_LOOP('',(#6773,#6774,#6782,#6788));
#6790=FACE_OUTER_BOUND('',#6789,.T.);
#6791=ADVANCED_FACE('',(#6790),#6772,.T.);
#6792=CARTESIAN_POINT('',(0.,39.2,15.825));
#6793=DIRECTION('',(-1.,0.,0.));
#6794=DIRECTION('',(0.,0.,-1.));
#6795=AXIS2_PLACEMENT_3D('',#6792,#6794,#6793);
#6796=PLANE('',#6795);
#6797=ORIENTED_EDGE('',*,*,#4504,.F.);
#6798=ORIENTED_EDGE('',*,*,#6787,.F.);
#6799=CARTESIAN_POINT('',(17.219556628902,39.2,15.825));
#6800=DIRECTION('',(-1.,0.,0.));
#6801=VECTOR('',#6800,1.3952007966676);
#6802=LINE('',#6799,#6801);
#6803=EDGE_CURVE('',#6776,#6532,#6802,.T.);
#6804=ORIENTED_EDGE('',*,*,#6803,.T.);
#6805=ORIENTED_EDGE('',*,*,#6537,.F.);
#6806=EDGE_LOOP('',(#6797,#6798,#6804,#6805));
#6807=FACE_OUTER_BOUND('',#6806,.T.);
#6808=ADVANCED_FACE('',(#6807),#6796,.T.);
#6809=CARTESIAN_POINT('',(0.,39.2,0.));
#6810=DIRECTION('',(0.,0.,-1.));
#6811=DIRECTION('',(0.,1.,0.));
#6812=AXIS2_PLACEMENT_3D('',#6809,#6811,#6810);
#6813=PLANE('',#6812);
#6814=ORIENTED_EDGE('',*,*,#6543,.F.);
#6815=ORIENTED_EDGE('',*,*,#6803,.F.);
#6816=ORIENTED_EDGE('',*,*,#6781,.F.);
#6817=ORIENTED_EDGE('',*,*,#6757,.F.);
#6818=ORIENTED_EDGE('',*,*,#6733,.F.);
#6819=ORIENTED_EDGE('',*,*,#6709,.F.);
#6820=ORIENTED_EDGE('',*,*,#6683,.F.);
#6821=ORIENTED_EDGE('',*,*,#6659,.F.);
#6822=ORIENTED_EDGE('',*,*,#6635,.F.);
#6823=ORIENTED_EDGE('',*,*,#6611,.F.);
#6824=ORIENTED_EDGE('',*,*,#6587,.F.);
#6825=ORIENTED_EDGE('',*,*,#6562,.F.);
#6826=ORIENTED_EDGE('',*,*,#2248,.F.);
#6827=EDGE_LOOP('',(#6814,#6815,#6816,#6817,#6818,#6819,#6820,#6821,#6822,#6823,#6824,#6825,#6826));
#6828=FACE_OUTER_BOUND('',#6827,.T.);
#6829=ADVANCED_FACE('',(#6828),#6813,.T.);
#6830=CARTESIAN_POINT('',(5.6843418860808E-14,39.2,-15.824355832234));
#6831=DIRECTION('',(-1.,0.,-3.5073903038128E-15));
#6832=DIRECTION('',(-3.5073903038128E-15,0.,1.));
#6833=AXIS2_PLACEMENT_3D('',#6830,#6832,#6831);
#6834=PLANE('',#6833);
#6835=ORIENTED_EDGE('',*,*,#4354,.F.);
#6836=CARTESIAN_POINT('',(15.825,39.2,-15.824355832234));
#6837=VERTEX_POINT('',#6836);
#6838=CARTESIAN_POINT('',(15.825,40.,-15.824355832234));
#6839=DIRECTION('',(0.,-1.,0.));
#6840=VECTOR('',#6839,0.8);
#6841=LINE('',#6838,#6840);
#6842=EDGE_CURVE('',#4349,#6837,#6841,.T.);
#6843=ORIENTED_EDGE('',*,*,#6842,.T.);
#6844=CARTESIAN_POINT('',(17.219678253074,39.2,-15.824355832234));
#6845=VERTEX_POINT('',#6844);
#6846=CARTESIAN_POINT('',(15.825,39.2,-15.824355832234));
#6847=DIRECTION('',(1.,0.,2.5473356818822E-15));
#6848=VECTOR('',#6847,1.394678253074);
#6849=LINE('',#6846,#6848);
#6850=EDGE_CURVE('',#6837,#6845,#6849,.T.);
#6851=ORIENTED_EDGE('',*,*,#6850,.T.);
#6852=CARTESIAN_POINT('',(17.219678253074,39.2,-15.824355832234));
#6853=DIRECTION('',(0.,1.,0.));
#6854=VECTOR('',#6853,0.8);
#6855=LINE('',#6852,#6854);
#6856=EDGE_CURVE('',#6845,#2781,#6855,.T.);
#6857=ORIENTED_EDGE('',*,*,#6856,.T.);
#6858=EDGE_LOOP('',(#6835,#6843,#6851,#6857));
#6859=FACE_OUTER_BOUND('',#6858,.T.);
#6860=ADVANCED_FACE('',(#6859),#6834,.T.);
#6861=CARTESIAN_POINT('',(15.5,39.2,-15.5));
#6862=DIRECTION('',(0.9826732870502,-8.1204884086859E-15,0.18534619207837));
#6863=DIRECTION('',(8.8817841970011E-15,1.,-2.2204460492503E-15));
#6864=AXIS2_PLACEMENT_3D('',#6861,#6863,#6862);
#6865=CYLINDRICAL_SURFACE('',#6864,1.7500000000002);
#6866=ORIENTED_EDGE('',*,*,#2796,.F.);
#6867=ORIENTED_EDGE('',*,*,#6856,.F.);
#6868=CARTESIAN_POINT('',(17.219678253074,39.2,-15.175644167766));
#6869=VERTEX_POINT('',#6868);
#6870=CARTESIAN_POINT('',(15.5,39.2,-15.5));
#6871=DIRECTION('',(0.98267328747086,4.4662686247777E-14,-0.1853461898481));
#6872=DIRECTION('',(4.5768430960415E-14,-1.,2.5065393399941E-28));
#6873=AXIS2_PLACEMENT_3D('',#6870,#6872,#6871);
#6874=CIRCLE('',#6873,1.75);
#6875=EDGE_CURVE('',#6845,#6869,#6874,.T.);
#6876=ORIENTED_EDGE('',*,*,#6875,.T.);
#6877=CARTESIAN_POINT('',(17.219678253074,39.2,-15.175644167766));
#6878=DIRECTION('',(0.,1.,0.));
#6879=VECTOR('',#6878,0.8);
#6880=LINE('',#6877,#6879);
#6881=EDGE_CURVE('',#6869,#2790,#6880,.T.);
#6882=ORIENTED_EDGE('',*,*,#6881,.T.);
#6883=EDGE_LOOP('',(#6866,#6867,#6876,#6882));
#6884=FACE_OUTER_BOUND('',#6883,.T.);
#6885=ADVANCED_FACE('',(#6884),#6865,.F.);
#6886=CARTESIAN_POINT('',(5.3290705182008E-14,39.2,-15.175644167766));
#6887=DIRECTION('',(-1.,0.,-3.5073903038128E-15));
#6888=DIRECTION('',(3.5073903038128E-15,0.,-1.));
#6889=AXIS2_PLACEMENT_3D('',#6886,#6888,#6887);
#6890=PLANE('',#6889);
#6891=ORIENTED_EDGE('',*,*,#4277,.F.);
#6892=ORIENTED_EDGE('',*,*,#6881,.F.);
#6893=CARTESIAN_POINT('',(15.825,39.2,-15.175644167766));
#6894=VERTEX_POINT('',#6893);
#6895=CARTESIAN_POINT('',(17.219678253074,39.2,-15.175644167766));
#6896=DIRECTION('',(-1.,0.,-3.8210035228232E-15));
#6897=VECTOR('',#6896,1.394678253074);
#6898=LINE('',#6895,#6897);
#6899=EDGE_CURVE('',#6869,#6894,#6898,.T.);
#6900=ORIENTED_EDGE('',*,*,#6899,.T.);
#6901=CARTESIAN_POINT('',(15.825,39.2,-15.175644167766));
#6902=DIRECTION('',(0.,1.,0.));
#6903=VECTOR('',#6902,0.8);
#6904=LINE('',#6901,#6903);
#6905=EDGE_CURVE('',#6894,#4272,#6904,.T.);
#6906=ORIENTED_EDGE('',*,*,#6905,.T.);
#6907=EDGE_LOOP('',(#6891,#6892,#6900,#6906));
#6908=FACE_OUTER_BOUND('',#6907,.T.);
#6909=ADVANCED_FACE('',(#6908),#6890,.T.);
#6910=CARTESIAN_POINT('',(15.825,39.2,5.3290705182008E-14));
#6911=DIRECTION('',(-3.5115942752006E-15,0.,1.));
#6912=DIRECTION('',(-1.,0.,-3.5115942752006E-15));
#6913=AXIS2_PLACEMENT_3D('',#6910,#6912,#6911);
#6914=PLANE('',#6913);
#6915=ORIENTED_EDGE('',*,*,#4283,.F.);
#6916=ORIENTED_EDGE('',*,*,#6905,.F.);
#6917=CARTESIAN_POINT('',(15.825,39.2,-13.780443371098));
#6918=VERTEX_POINT('',#6917);
#6919=CARTESIAN_POINT('',(15.825,39.2,-15.175644167766));
#6920=DIRECTION('',(-2.5463816300034E-15,0.,1.));
#6921=VECTOR('',#6920,1.3952007966676);
#6922=LINE('',#6919,#6921);
#6923=EDGE_CURVE('',#6894,#6918,#6922,.T.);
#6924=ORIENTED_EDGE('',*,*,#6923,.T.);
#6925=CARTESIAN_POINT('',(15.825,39.2,-13.780443371098));
#6926=DIRECTION('',(0.,1.,0.));
#6927=VECTOR('',#6926,0.8);
#6928=LINE('',#6925,#6927);
#6929=EDGE_CURVE('',#6918,#2799,#6928,.T.);
#6930=ORIENTED_EDGE('',*,*,#6929,.T.);
#6931=EDGE_LOOP('',(#6915,#6916,#6924,#6930));
#6932=FACE_OUTER_BOUND('',#6931,.T.);
#6933=ADVANCED_FACE('',(#6932),#6914,.T.);
#6934=CARTESIAN_POINT('',(4.7961634663807E-14,39.2,-13.780443371098));
#6935=DIRECTION('',(-1.,0.,-3.4797511545913E-15));
#6936=DIRECTION('',(3.4797511545913E-15,0.,-1.));
#6937=AXIS2_PLACEMENT_3D('',#6934,#6936,#6935);
#6938=PLANE('',#6937);
#6939=ORIENTED_EDGE('',*,*,#4307,.F.);
#6940=ORIENTED_EDGE('',*,*,#6929,.F.);
#6941=CARTESIAN_POINT('',(15.175,39.2,-13.780443371098));
#6942=VERTEX_POINT('',#6941);
#6943=CARTESIAN_POINT('',(15.825,39.2,-13.780443371098));
#6944=DIRECTION('',(-1.,0.,-2.7328566760004E-15));
#6945=VECTOR('',#6944,0.65);
#6946=LINE('',#6943,#6945);
#6947=EDGE_CURVE('',#6918,#6942,#6946,.T.);
#6948=ORIENTED_EDGE('',*,*,#6947,.T.);
#6949=CARTESIAN_POINT('',(15.175,39.2,-13.780443371098));
#6950=DIRECTION('',(0.,1.,0.));
#6951=VECTOR('',#6950,0.8);
#6952=LINE('',#6949,#6951);
#6953=EDGE_CURVE('',#6942,#4294,#6952,.T.);
#6954=ORIENTED_EDGE('',*,*,#6953,.T.);
#6955=EDGE_LOOP('',(#6939,#6940,#6948,#6954));
#6956=FACE_OUTER_BOUND('',#6955,.T.);
#6957=ADVANCED_FACE('',(#6956),#6938,.T.);
#6958=CARTESIAN_POINT('',(15.175,39.2,5.1514348342607E-14));
#6959=DIRECTION('',(-3.5115942752006E-15,0.,1.));
#6960=DIRECTION('',(1.,0.,3.5115942752006E-15));
#6961=AXIS2_PLACEMENT_3D('',#6958,#6960,#6959);
#6962=PLANE('',#6961);
#6963=ORIENTED_EDGE('',*,*,#4323,.F.);
#6964=ORIENTED_EDGE('',*,*,#6953,.F.);
#6965=CARTESIAN_POINT('',(15.175,39.2,-15.175644167766));
#6966=VERTEX_POINT('',#6965);
#6967=CARTESIAN_POINT('',(15.175,39.2,-13.780443371098));
#6968=DIRECTION('',(2.5463816300034E-15,0.,-1.));
#6969=VECTOR('',#6968,1.3952007966676);
#6970=LINE('',#6967,#6969);
#6971=EDGE_CURVE('',#6942,#6966,#6970,.T.);
#6972=ORIENTED_EDGE('',*,*,#6971,.T.);
#6973=CARTESIAN_POINT('',(15.175,39.2,-15.175644167766));
#6974=DIRECTION('',(0.,1.,0.));
#6975=VECTOR('',#6974,0.8);
#6976=LINE('',#6973,#6975);
#6977=EDGE_CURVE('',#6966,#4318,#6976,.T.);
#6978=ORIENTED_EDGE('',*,*,#6977,.T.);
#6979=EDGE_LOOP('',(#6963,#6964,#6972,#6978));
#6980=FACE_OUTER_BOUND('',#6979,.T.);
#6981=ADVANCED_FACE('',(#6980),#6962,.T.);
#6982=CARTESIAN_POINT('',(5.3290705182008E-14,39.2,-15.175644167766));
#6983=DIRECTION('',(-1.,0.,-3.5117433398358E-15));
#6984=DIRECTION('',(3.5117433398358E-15,0.,-1.));
#6985=AXIS2_PLACEMENT_3D('',#6982,#6984,#6983);
#6986=PLANE('',#6985);
#6987=ORIENTED_EDGE('',*,*,#4331,.F.);
#6988=ORIENTED_EDGE('',*,*,#6977,.F.);
#6989=CARTESIAN_POINT('',(13.780321746926,39.2,-15.175644167766));
#6990=VERTEX_POINT('',#6989);
#6991=CARTESIAN_POINT('',(15.175,39.2,-15.175644167766));
#6992=DIRECTION('',(-1.,0.,-3.8210035228232E-15));
#6993=VECTOR('',#6992,1.394678253074);
#6994=LINE('',#6991,#6993);
#6995=EDGE_CURVE('',#6966,#6990,#6994,.T.);
#6996=ORIENTED_EDGE('',*,*,#6995,.T.);
#6997=CARTESIAN_POINT('',(13.780321746926,39.2,-15.175644167766));
#6998=DIRECTION('',(0.,1.,0.));
#6999=VECTOR('',#6998,0.8);
#7000=LINE('',#6997,#6999);
#7001=EDGE_CURVE('',#6990,#4326,#7000,.T.);
#7002=ORIENTED_EDGE('',*,*,#7001,.T.);
#7003=EDGE_LOOP('',(#6987,#6988,#6996,#7002));
#7004=FACE_OUTER_BOUND('',#7003,.T.);
#7005=ADVANCED_FACE('',(#7004),#6986,.T.);
#7006=CARTESIAN_POINT('',(15.5,39.2,-15.5));
#7007=DIRECTION('',(-0.9826732870502,-8.120488408685E-15,-0.18534619207836));
#7008=DIRECTION('',(-4.4408920985006E-15,1.,0.));
#7009=AXIS2_PLACEMENT_3D('',#7006,#7008,#7007);
#7010=CYLINDRICAL_SURFACE('',#7009,1.7500000000004);
#7011=ORIENTED_EDGE('',*,*,#4882,.F.);
#7012=ORIENTED_EDGE('',*,*,#7001,.F.);
#7013=CARTESIAN_POINT('',(13.780321746926,39.2,-15.824355832234));
#7014=VERTEX_POINT('',#7013);
#7015=CARTESIAN_POINT('',(15.5,39.2,-15.5));
#7016=DIRECTION('',(-0.98267328747086,4.4662686247778E-14,0.1853461898481));
#7017=DIRECTION('',(-4.5768430960414E-14,-1.,-1.253269669997E-28));
#7018=AXIS2_PLACEMENT_3D('',#7015,#7017,#7016);
#7019=CIRCLE('',#7018,1.75);
#7020=EDGE_CURVE('',#6990,#7014,#7019,.T.);
#7021=ORIENTED_EDGE('',*,*,#7020,.T.);
#7022=CARTESIAN_POINT('',(13.780321746926,39.2,-15.824355832234));
#7023=DIRECTION('',(0.,1.,0.));
#7024=VECTOR('',#7023,0.8);
#7025=LINE('',#7022,#7024);
#7026=EDGE_CURVE('',#7014,#4372,#7025,.T.);
#7027=ORIENTED_EDGE('',*,*,#7026,.T.);
#7028=EDGE_LOOP('',(#7011,#7012,#7021,#7027));
#7029=FACE_OUTER_BOUND('',#7028,.T.);
#7030=ADVANCED_FACE('',(#7029),#7010,.F.);
#7031=CARTESIAN_POINT('',(5.5067062021408E-14,39.2,-15.824355832234));
#7032=DIRECTION('',(-1.,0.,-3.5117433398358E-15));
#7033=DIRECTION('',(-3.5117433398358E-15,0.,1.));
#7034=AXIS2_PLACEMENT_3D('',#7031,#7033,#7032);
#7035=PLANE('',#7034);
#7036=ORIENTED_EDGE('',*,*,#4379,.F.);
#7037=ORIENTED_EDGE('',*,*,#7026,.F.);
#7038=CARTESIAN_POINT('',(15.175,39.2,-15.824355832234));
#7039=VERTEX_POINT('',#7038);
#7040=CARTESIAN_POINT('',(13.780321746926,39.2,-15.824355832234));
#7041=DIRECTION('',(1.,0.,2.5473356818822E-15));
#7042=VECTOR('',#7041,1.394678253074);
#7043=LINE('',#7040,#7042);
#7044=EDGE_CURVE('',#7014,#7039,#7043,.T.);
#7045=ORIENTED_EDGE('',*,*,#7044,.T.);
#7046=CARTESIAN_POINT('',(15.175,39.2,-15.824355832234));
#7047=DIRECTION('',(0.,1.,0.));
#7048=VECTOR('',#7047,0.8);
#7049=LINE('',#7046,#7048);
#7050=EDGE_CURVE('',#7039,#4374,#7049,.T.);
#7051=ORIENTED_EDGE('',*,*,#7050,.T.);
#7052=EDGE_LOOP('',(#7036,#7037,#7045,#7051));
#7053=FACE_OUTER_BOUND('',#7052,.T.);
#7054=ADVANCED_FACE('',(#7053),#7035,.T.);
#7055=CARTESIAN_POINT('',(15.175,39.2,5.3290705182008E-14));
#7056=DIRECTION('',(-3.5074150770083E-15,0.,1.));
#7057=DIRECTION('',(1.,0.,3.5074150770083E-15));
#7058=AXIS2_PLACEMENT_3D('',#7055,#7057,#7056);
#7059=PLANE('',#7058);
#7060=ORIENTED_EDGE('',*,*,#4387,.F.);
#7061=ORIENTED_EDGE('',*,*,#7050,.F.);
#7062=CARTESIAN_POINT('',(15.175,39.2,-17.219556628902));
#7063=VERTEX_POINT('',#7062);
#7064=CARTESIAN_POINT('',(15.175,39.2,-15.824355832234));
#7065=DIRECTION('',(-1.2731908150017E-15,0.,-1.));
#7066=VECTOR('',#7065,1.3952007966676);
#7067=LINE('',#7064,#7066);
#7068=EDGE_CURVE('',#7039,#7063,#7067,.T.);
#7069=ORIENTED_EDGE('',*,*,#7068,.T.);
#7070=CARTESIAN_POINT('',(15.175,39.2,-17.219556628902));
#7071=DIRECTION('',(0.,1.,0.));
#7072=VECTOR('',#7071,0.8);
#7073=LINE('',#7070,#7072);
#7074=EDGE_CURVE('',#7063,#4382,#7073,.T.);
#7075=ORIENTED_EDGE('',*,*,#7074,.T.);
#7076=EDGE_LOOP('',(#7060,#7061,#7069,#7075));
#7077=FACE_OUTER_BOUND('',#7076,.T.);
#7078=ADVANCED_FACE('',(#7077),#7059,.T.);
#7079=CARTESIAN_POINT('',(6.0396132539609E-14,39.2,-17.219556628902));
#7080=DIRECTION('',(-1.,0.,-3.5920011918362E-15));
#7081=DIRECTION('',(-3.5920011918362E-15,0.,1.));
#7082=AXIS2_PLACEMENT_3D('',#7079,#7081,#7080);
#7083=PLANE('',#7082);
#7084=ORIENTED_EDGE('',*,*,#5848,.F.);
#7085=ORIENTED_EDGE('',*,*,#7074,.F.);
#7086=CARTESIAN_POINT('',(15.825,39.2,-17.219556628902));
#7087=VERTEX_POINT('',#7086);
#7088=CARTESIAN_POINT('',(15.175,39.2,-17.219556628902));
#7089=DIRECTION('',(1.,0.,5.4657133520007E-15));
#7090=VECTOR('',#7089,0.65000000000001);
#7091=LINE('',#7088,#7090);
#7092=EDGE_CURVE('',#7063,#7087,#7091,.T.);
#7093=ORIENTED_EDGE('',*,*,#7092,.T.);
#7094=CARTESIAN_POINT('',(15.825,39.2,-17.219556628902));
#7095=DIRECTION('',(0.,1.,0.));
#7096=VECTOR('',#7095,0.8);
#7097=LINE('',#7094,#7096);
#7098=EDGE_CURVE('',#7087,#2772,#7097,.T.);
#7099=ORIENTED_EDGE('',*,*,#7098,.T.);
#7100=EDGE_LOOP('',(#7084,#7085,#7093,#7099));
#7101=FACE_OUTER_BOUND('',#7100,.T.);
#7102=ADVANCED_FACE('',(#7101),#7083,.T.);
#7103=CARTESIAN_POINT('',(15.825,39.2,5.6843418860808E-14));
#7104=DIRECTION('',(-3.5074150770083E-15,0.,1.));
#7105=DIRECTION('',(-1.,0.,-3.5074150770083E-15));
#7106=AXIS2_PLACEMENT_3D('',#7103,#7105,#7104);
#7107=PLANE('',#7106);
#7108=ORIENTED_EDGE('',*,*,#4361,.F.);
#7109=ORIENTED_EDGE('',*,*,#7098,.F.);
#7110=CARTESIAN_POINT('',(15.825,39.2,-17.219556628902));
#7111=DIRECTION('',(-2.5463816300034E-15,0.,1.));
#7112=VECTOR('',#7111,1.3952007966676);
#7113=LINE('',#7110,#7112);
#7114=EDGE_CURVE('',#7087,#6837,#7113,.T.);
#7115=ORIENTED_EDGE('',*,*,#7114,.T.);
#7116=ORIENTED_EDGE('',*,*,#6842,.F.);
#7117=EDGE_LOOP('',(#7108,#7109,#7115,#7116));
#7118=FACE_OUTER_BOUND('',#7117,.T.);
#7119=ADVANCED_FACE('',(#7118),#7107,.T.);
#7120=CARTESIAN_POINT('',(2.1424101976332E-16,39.2,0.));
#7121=DIRECTION('',(-1.,0.,-3.4949733501752E-15));
#7122=DIRECTION('',(0.,1.,0.));
#7123=AXIS2_PLACEMENT_3D('',#7120,#7122,#7121);
#7124=PLANE('',#7123);
#7125=ORIENTED_EDGE('',*,*,#6850,.F.);
#7126=ORIENTED_EDGE('',*,*,#7114,.F.);
#7127=ORIENTED_EDGE('',*,*,#7092,.F.);
#7128=ORIENTED_EDGE('',*,*,#7068,.F.);
#7129=ORIENTED_EDGE('',*,*,#7044,.F.);
#7130=ORIENTED_EDGE('',*,*,#7020,.F.);
#7131=ORIENTED_EDGE('',*,*,#6995,.F.);
#7132=ORIENTED_EDGE('',*,*,#6971,.F.);
#7133=ORIENTED_EDGE('',*,*,#6947,.F.);
#7134=ORIENTED_EDGE('',*,*,#6923,.F.);
#7135=ORIENTED_EDGE('',*,*,#6899,.F.);
#7136=ORIENTED_EDGE('',*,*,#6875,.F.);
#7137=EDGE_LOOP('',(#7125,#7126,#7127,#7128,#7129,#7130,#7131,#7132,#7133,#7134,#7135,#7136));
#7138=FACE_OUTER_BOUND('',#7137,.T.);
#7139=ADVANCED_FACE('',(#7138),#7124,.T.);
#7140=CARTESIAN_POINT('',(2.6645352591004E-15,-2.,-7.105427357601E-15));
#7141=DIRECTION('',(-2.5836149008E-08,2.0185873175003E-17,1.));
#7142=DIRECTION('',(0.,1.,0.));
#7143=AXIS2_PLACEMENT_3D('',#7140,#7142,#7141);
#7144=CYLINDRICAL_SURFACE('',#7143,11.);
#7145=ORIENTED_EDGE('',*,*,#2214,.F.);
#7146=CARTESIAN_POINT('',(-8.8817841970013E-16,-2.,-1.7763568394003E-15));
#7147=DIRECTION('',(-4.1721187214724E-17,0.,-1.));
#7148=DIRECTION('',(0.,1.,-0.));
#7149=AXIS2_PLACEMENT_3D('',#7146,#7148,#7147);
#7150=CIRCLE('',#7149,11.);
#7151=EDGE_CURVE('',#2200,#2198,#7150,.T.);
#7152=ORIENTED_EDGE('',*,*,#7151,.T.);
#7153=ORIENTED_EDGE('',*,*,#2229,.F.);
#7154=ORIENTED_EDGE('',*,*,#4229,.F.);
#7155=EDGE_LOOP('',(#7145,#7152,#7153,#7154));
#7156=FACE_OUTER_BOUND('',#7155,.T.);
#7157=ADVANCED_FACE('',(#7156),#7144,.T.);
#7158=CARTESIAN_POINT('',(0.,-2.,0.));
#7159=DIRECTION('',(0.,0.,-1.));
#7160=DIRECTION('',(0.,-1.,0.));
#7161=AXIS2_PLACEMENT_3D('',#7158,#7160,#7159);
#7162=PLANE('',#7161);
#7163=ORIENTED_EDGE('',*,*,#7151,.F.);
#7164=ORIENTED_EDGE('',*,*,#2206,.F.);
#7165=EDGE_LOOP('',(#7163,#7164));
#7166=FACE_OUTER_BOUND('',#7165,.T.);
#7167=CARTESIAN_POINT('',(-1.500025423953,-2.,1.9999809315303));
#7168=VERTEX_POINT('',#7167);
#7169=CARTESIAN_POINT('',(1.1102230246252E-16,-2.,-8.8817841970013E-16));
#7170=DIRECTION('',(-0.6,0.,0.8));
#7171=DIRECTION('',(-0.,-1.,0.));
#7172=AXIS2_PLACEMENT_3D('',#7169,#7171,#7170);
#7173=CIRCLE('',#7172,2.5);
#7174=EDGE_CURVE('',#7168,#7168,#7173,.T.);
#7175=ORIENTED_EDGE('',*,*,#7174,.F.);
#7176=EDGE_LOOP('',(#7175));
#7177=FACE_BOUND('',#7176,.T.);
#7178=ADVANCED_FACE('',(#7166,#7177),#7162,.T.);
#7179=CARTESIAN_POINT('',(-15.5,0.5,15.5));
#7180=DIRECTION('',(0.,0.,-1.));
#7181=DIRECTION('',(0.,-1.,0.));
#7182=AXIS2_PLACEMENT_3D('',#7179,#7181,#7180);
#7183=PLANE('',#7182);
#7184=CARTESIAN_POINT('',(-15.5,0.5,15.5));
#7185=DIRECTION('',(1.1842378929335E-15,0.,-1.));
#7186=DIRECTION('',(0.,-1.,0.));
#7187=AXIS2_PLACEMENT_3D('',#7184,#7186,#7185);
#7188=CIRCLE('',#7187,1.5);
#7189=EDGE_CURVE('',#2156,#2158,#7188,.T.);
#7190=ORIENTED_EDGE('',*,*,#7189,.T.);
#7191=ORIENTED_EDGE('',*,*,#2164,.F.);
#7192=EDGE_LOOP('',(#7190,#7191));
#7193=FACE_OUTER_BOUND('',#7192,.T.);
#7194=CARTESIAN_POINT('',(-16.723917109257,0.5,14.634653811921));
#7195=VERTEX_POINT('',#7194);
#7196=CARTESIAN_POINT('',(-16.723917109257,0.5,14.634653811921));
#7197=DIRECTION('',(0.81652611064427,5.878207685685E-13,0.5773085055983));
#7198=VECTOR('',#7197,0.24893199163742);
#7199=LINE('',#7196,#7198);
#7200=EDGE_CURVE('',#7195,#1927,#7199,.T.);
#7201=ORIENTED_EDGE('',*,*,#7200,.T.);
#7202=ORIENTED_EDGE('',*,*,#1953,.F.);
#7203=ORIENTED_EDGE('',*,*,#2145,.F.);
#7204=CARTESIAN_POINT('',(-14.634653811921,0.5,16.723917109257));
#7205=VERTEX_POINT('',#7204);
#7206=CARTESIAN_POINT('',(-14.778364368008,0.5,16.52065763831));
#7207=DIRECTION('',(0.57730850559358,-1.7839780533187E-15,0.81652611064761));
#7208=VECTOR('',#7207,0.24893199163742);
#7209=LINE('',#7206,#7208);
#7210=EDGE_CURVE('',#2127,#7205,#7209,.T.);
#7211=ORIENTED_EDGE('',*,*,#7210,.T.);
#7212=CARTESIAN_POINT('',(-14.634653811921,0.5,16.723917109257));
#7213=CARTESIAN_POINT('',(-14.545073784256,0.5,16.660581336857));
#7214=CARTESIAN_POINT('',(-14.463830725355,0.5,16.588564628025));
#7215=CARTESIAN_POINT('',(-14.317577042546,0.5,16.427629055599));
#7216=CARTESIAN_POINT('',(-14.252659866753,0.5,16.338241498808));
#7217=CARTESIAN_POINT('',(-14.091462200185,0.5,16.056466345034));
#7218=CARTESIAN_POINT('',(-14.024906975131,0.49999999999999,15.843338387079));
#7219=CARTESIAN_POINT('',(-13.997279977473,0.49999999999999,15.519378869331));
#7220=CARTESIAN_POINT('',(-13.999934241006,0.5,15.4087223032));
#7221=CARTESIAN_POINT('',(-14.028641227153,0.5,15.194006109857));
#7222=CARTESIAN_POINT('',(-14.054408490178,0.5,15.088814422732));
#7223=CARTESIAN_POINT('',(-14.129591222988,0.5,14.882919635613));
#7224=CARTESIAN_POINT('',(-14.177815027257,0.5,14.785617789614));
#7225=CARTESIAN_POINT('',(-14.294181602417,0.5,14.603051263052));
#7226=CARTESIAN_POINT('',(-14.363422778463,0.50000000000001,14.516762738568));
#7227=CARTESIAN_POINT('',(-14.593533460972,0.50000000000001,14.286665652796));
#7228=CARTESIAN_POINT('',(-14.78174890881,0.5,14.166688755459));
#7229=CARTESIAN_POINT('',(-15.086508982207,0.5,14.055173404497));
#7230=CARTESIAN_POINT('',(-15.19366834403,0.5,14.028684085119));
#7231=CARTESIAN_POINT('',(-15.40912241657,0.5,13.999883048005));
#7232=CARTESIAN_POINT('',(-15.517245542713,0.5,13.997215867732));
#7233=CARTESIAN_POINT('',(-15.842810433691,0.5,14.024628898326));
#7234=CARTESIAN_POINT('',(-16.055040353747,0.5,14.090669903541));
#7235=CARTESIAN_POINT('',(-16.433349205972,0.5,14.307045526944));
#7236=CARTESIAN_POINT('',(-16.597245564457,0.5,14.45549375659));
#7237=CARTESIAN_POINT('',(-16.723917109257,0.5,14.634653811921));
#7238=B_SPLINE_CURVE_WITH_KNOTS('',3,(#7212,#7213,#7214,#7215,#7216,#7217,#7218,#7219,#7220,#7221,#7222,#7223,#7224,#7225,#7226,#7227,#7228,#7229,#7230,#7231,#7232,#7233,#7234,#7235,#7236,#7237),.UNSPECIFIED.,.F.,.U.,(4,2,2,2,2,2,2,2,2,2,2,2,4),(0.,0.00032544218580815,0.0006508843716163,0.0013017687432326,0.0016272109290407,0.0019526531148489,0.002278095300657,0.0026035374864652,0.0032544218580814,0.0035798640438896,0.0039053062296977,0.004556190601314,0.0052070749729302),.UNSPECIFIED.);
#7239=EDGE_CURVE('',#7205,#7195,#7238,.T.);
#7240=ORIENTED_EDGE('',*,*,#7239,.T.);
#7241=EDGE_LOOP('',(#7201,#7202,#7203,#7211,#7240));
#7242=FACE_BOUND('',#7241,.T.);
#7243=ADVANCED_FACE('',(#7193,#7242),#7183,.T.);
#7244=CARTESIAN_POINT('',(-15.5,0.5,15.5));
#7245=DIRECTION('',(6.4043326138593E-07,-7.4014868308344E-17,-0.99999999999979));
#7246=DIRECTION('',(0.,-1.,0.));
#7247=AXIS2_PLACEMENT_3D('',#7244,#7246,#7245);
#7248=CYLINDRICAL_SURFACE('',#7247,1.5);
#7249=ORIENTED_EDGE('',*,*,#2172,.F.);
#7250=ORIENTED_EDGE('',*,*,#7189,.F.);
#7251=ORIENTED_EDGE('',*,*,#2187,.F.);
#7252=ORIENTED_EDGE('',*,*,#4219,.F.);
#7253=EDGE_LOOP('',(#7249,#7250,#7251,#7252));
#7254=FACE_OUTER_BOUND('',#7253,.T.);
#7255=ADVANCED_FACE('',(#7254),#7248,.F.);
#7256=CARTESIAN_POINT('',(-14.001068008363,4.2894304978307,15.5));
#7257=DIRECTION('',(-1.,0.,0.));
#7258=DIRECTION('',(0.,0.,1.));
#7259=AXIS2_PLACEMENT_3D('',#7256,#7258,#7257);
#7260=PLANE('',#7259);
#7261=CARTESIAN_POINT('',(-14.001068008363,4.1788609956615,15.5));
#7262=VERTEX_POINT('',#7261);
#7263=CARTESIAN_POINT('',(-14.250267002091,4.1788609956615,15.5));
#7264=CARTESIAN_POINT('',(-14.167734675029,4.1788609956615,15.5));
#7265=CARTESIAN_POINT('',(-14.084401341696,4.1788609956615,15.5));
#7266=CARTESIAN_POINT('',(-14.001068008363,4.1788609956615,15.5));
#7267=B_SPLINE_CURVE_WITH_KNOTS('',3,(#7263,#7264,#7265,#7266),.UNSPECIFIED.,.F.,.U.,(4,4),(0.,1.),.UNSPECIFIED.);
#7268=EDGE_CURVE('',#1965,#7262,#7267,.T.);
#7269=ORIENTED_EDGE('',*,*,#7268,.T.);
#7270=CARTESIAN_POINT('',(-14.001068008363,4.6211390043385,15.5));
#7271=VERTEX_POINT('',#7270);
#7272=CARTESIAN_POINT('',(-14.001068008363,4.1788609956615,15.5));
#7273=CARTESIAN_POINT('',(-14.001068008363,4.3262869985538,15.5));
#7274=CARTESIAN_POINT('',(-14.001068008363,4.4737130014462,15.5));
#7275=CARTESIAN_POINT('',(-14.001068008363,4.6211390043385,15.5));
#7276=B_SPLINE_CURVE_WITH_KNOTS('',3,(#7272,#7273,#7274,#7275),.UNSPECIFIED.,.F.,.U.,(4,4),(0.,1.),.UNSPECIFIED.);
#7277=EDGE_CURVE('',#7262,#7271,#7276,.T.);
#7278=ORIENTED_EDGE('',*,*,#7277,.T.);
#7279=CARTESIAN_POINT('',(-14.251068008363,4.6211390043385,15.5));
#7280=VERTEX_POINT('',#7279);
#7281=CARTESIAN_POINT('',(-14.001068008363,4.6211390043385,15.5));
#7282=CARTESIAN_POINT('',(-14.084401341696,4.6211390043385,15.5));
#7283=CARTESIAN_POINT('',(-14.167734675029,4.6211390043385,15.5));
#7284=CARTESIAN_POINT('',(-14.251068008363,4.6211390043385,15.5));
#7285=B_SPLINE_CURVE_WITH_KNOTS('',3,(#7281,#7282,#7283,#7284),.UNSPECIFIED.,.F.,.U.,(4,4),(0.,1.),.UNSPECIFIED.);
#7286=EDGE_CURVE('',#7271,#7280,#7285,.T.);
#7287=ORIENTED_EDGE('',*,*,#7286,.T.);
#7288=CARTESIAN_POINT('',(-14.251068008363,4.6211390043385,15.5));
#7289=CARTESIAN_POINT('',(-14.251068008363,4.5807593362257,15.5));
#7290=CARTESIAN_POINT('',(-14.251068008363,4.5403796681128,15.5));
#7291=CARTESIAN_POINT('',(-14.251068008363,4.5,15.5));
#7292=B_SPLINE_CURVE_WITH_KNOTS('',3,(#7288,#7289,#7290,#7291),.UNSPECIFIED.,.F.,.U.,(4,4),(0.,0.27389786957953),.UNSPECIFIED.);
#7293=EDGE_CURVE('',#7280,#1975,#7292,.T.);
#7294=ORIENTED_EDGE('',*,*,#7293,.T.);
#7295=ORIENTED_EDGE('',*,*,#1980,.F.);
#7296=EDGE_LOOP('',(#7269,#7278,#7287,#7294,#7295));
#7297=FACE_OUTER_BOUND('',#7296,.T.);
#7298=ADVANCED_FACE('',(#7297),#7260,.T.);
#7299=CARTESIAN_POINT('',(-14.251068008363,4.1788609956615,15.5));
#7300=CARTESIAN_POINT('',(-14.251068008363,4.1288609956615,16.017324569418));
#7301=CARTESIAN_POINT('',(-14.616871719472,4.0788609956615,16.383128280528));
#7302=CARTESIAN_POINT('',(-14.982675430582,4.0288609956615,16.748931991637));
#7303=CARTESIAN_POINT('',(-15.5,3.9788609956615,16.748931991637));
#7304=CARTESIAN_POINT('',(-16.017324569418,3.9288609956615,16.748931991637));
#7305=CARTESIAN_POINT('',(-16.383128280528,3.8788609956615,16.383128280528));
#7306=CARTESIAN_POINT('',(-16.748931991637,3.8288609956615,16.017324569418));
#7307=CARTESIAN_POINT('',(-16.748931991637,3.7788609956615,15.5));
#7308=CARTESIAN_POINT('',(-16.748931991637,3.7288609956615,14.982675430582));
#7309=CARTESIAN_POINT('',(-16.383128280528,3.6788609956615,14.616871719472));
#7310=CARTESIAN_POINT('',(-16.017324569418,3.6288609956615,14.251068008363));
#7311=CARTESIAN_POINT('',(-15.5,3.5788609956615,14.251068008363));
#7312=CARTESIAN_POINT('',(-14.982675430582,3.5288609956615,14.251068008363));
#7313=CARTESIAN_POINT('',(-14.616871719472,3.4788609956615,14.616871719472));
#7314=CARTESIAN_POINT('',(-14.251068008363,3.4288609956615,14.982675430582));
#7315=CARTESIAN_POINT('',(-14.251068008363,3.3788609956615,15.5));
#7316=CARTESIAN_POINT('',(-14.251068008363,3.3288609956615,16.017324569418));
#7317=CARTESIAN_POINT('',(-14.616871719472,3.2788609956615,16.383128280528));
#7318=CARTESIAN_POINT('',(-14.982675430582,3.2288609956615,16.748931991637));
#7319=CARTESIAN_POINT('',(-15.5,3.1788609956615,16.748931991637));
#7320=CARTESIAN_POINT('',(-16.017324569418,3.1288609956615,16.748931991637));
#7321=CARTESIAN_POINT('',(-16.383128280528,3.0788609956615,16.383128280528));
#7322=CARTESIAN_POINT('',(-16.748931991637,3.0288609956615,16.017324569418));
#7323=CARTESIAN_POINT('',(-16.748931991637,2.9788609956615,15.5));
#7324=CARTESIAN_POINT('',(-16.748931991637,2.9288609956615,14.982675430582));
#7325=CARTESIAN_POINT('',(-16.383128280528,2.8788609956615,14.616871719472));
#7326=CARTESIAN_POINT('',(-16.017324569418,2.8288609956615,14.251068008363));
#7327=CARTESIAN_POINT('',(-15.5,2.7788609956615,14.251068008363));
#7328=CARTESIAN_POINT('',(-14.982675430582,2.7288609956615,14.251068008363));
#7329=CARTESIAN_POINT('',(-14.616871719472,2.6788609956615,14.616871719472));
#7330=CARTESIAN_POINT('',(-14.251068008363,2.6288609956615,14.982675430582));
#7331=CARTESIAN_POINT('',(-14.251068008363,2.5788609956615,15.5));
#7332=CARTESIAN_POINT('',(-14.251068008363,2.5288609956615,16.017324569418));
#7333=CARTESIAN_POINT('',(-14.616871719472,2.4788609956615,16.383128280528));
#7334=CARTESIAN_POINT('',(-14.982675430582,2.4288609956615,16.748931991637));
#7335=CARTESIAN_POINT('',(-15.5,2.3788609956615,16.748931991637));
#7336=CARTESIAN_POINT('',(-16.017324569418,2.3288609956615,16.748931991637));
#7337=CARTESIAN_POINT('',(-16.383128280528,2.2788609956615,16.383128280528));
#7338=CARTESIAN_POINT('',(-16.748931991637,2.2288609956615,16.017324569418));
#7339=CARTESIAN_POINT('',(-16.748931991637,2.1788609956615,15.5));
#7340=CARTESIAN_POINT('',(-16.748931991637,2.1288609956615,14.982675430582));
#7341=CARTESIAN_POINT('',(-16.383128280528,2.0788609956615,14.616871719472));
#7342=CARTESIAN_POINT('',(-16.017324569418,2.0288609956615,14.251068008363));
#7343=CARTESIAN_POINT('',(-15.5,1.9788609956615,14.251068008363));
#7344=CARTESIAN_POINT('',(-14.982675430582,1.9288609956615,14.251068008363));
#7345=CARTESIAN_POINT('',(-14.616871719472,1.8788609956615,14.616871719472));
#7346=CARTESIAN_POINT('',(-14.251068008363,1.8288609956615,14.982675430582));
#7347=CARTESIAN_POINT('',(-14.251068008363,1.7788609956615,15.5));
#7348=CARTESIAN_POINT('',(-14.251068008363,1.7288609956615,16.017324569418));
#7349=CARTESIAN_POINT('',(-14.616871719472,1.6788609956615,16.383128280528));
#7350=CARTESIAN_POINT('',(-14.982675430582,1.6288609956615,16.748931991637));
#7351=CARTESIAN_POINT('',(-15.5,1.5788609956615,16.748931991637));
#7352=CARTESIAN_POINT('',(-16.017324569418,1.5288609956615,16.748931991637));
#7353=CARTESIAN_POINT('',(-16.383128280528,1.4788609956615,16.383128280528));
#7354=CARTESIAN_POINT('',(-16.748931991637,1.4288609956615,16.017324569418));
#7355=CARTESIAN_POINT('',(-16.748931991637,1.3788609956615,15.5));
#7356=CARTESIAN_POINT('',(-16.748931991637,1.3288609956615,14.982675430582));
#7357=CARTESIAN_POINT('',(-16.383128280528,1.2788609956615,14.616871719472));
#7358=CARTESIAN_POINT('',(-16.017324569418,1.2288609956615,14.251068008363));
#7359=CARTESIAN_POINT('',(-15.5,1.1788609956615,14.251068008363));
#7360=CARTESIAN_POINT('',(-14.982675430582,1.1288609956615,14.251068008363));
#7361=CARTESIAN_POINT('',(-14.616871719472,1.0788609956615,14.616871719472));
#7362=CARTESIAN_POINT('',(-14.251068008363,1.0288609956615,14.982675430582));
#7363=CARTESIAN_POINT('',(-14.251068008363,0.97886099566149,15.5));
#7364=CARTESIAN_POINT('',(-14.251068008363,0.92886099566149,16.017324569418));
#7365=CARTESIAN_POINT('',(-14.616871719472,0.87886099566149,16.383128280528));
#7366=CARTESIAN_POINT('',(-14.982675430582,0.82886099566149,16.748931991637));
#7367=CARTESIAN_POINT('',(-15.5,0.77886099566149,16.748931991637));
#7368=CARTESIAN_POINT('',(-16.017324569418,0.72886099566149,16.748931991637));
#7369=CARTESIAN_POINT('',(-16.383128280528,0.67886099566149,16.383128280528));
#7370=CARTESIAN_POINT('',(-16.748931991637,0.62886099566149,16.017324569418));
#7371=CARTESIAN_POINT('',(-16.748931991637,0.57886099566149,15.5));
#7372=CARTESIAN_POINT('',(-16.748931991637,0.52886099566149,14.982675430582));
#7373=CARTESIAN_POINT('',(-16.383128280528,0.47886099566149,14.616871719472));
#7374=CARTESIAN_POINT('',(-16.017324569418,0.42886099566149,14.251068008363));
#7375=CARTESIAN_POINT('',(-15.5,0.37886099566149,14.251068008363));
#7376=CARTESIAN_POINT('',(-14.982675430582,0.32886099566149,14.251068008363));
#7377=CARTESIAN_POINT('',(-14.616871719472,0.27886099566149,14.616871719472));
#7378=CARTESIAN_POINT('',(-14.251068008363,0.22886099566149,14.982675430582));
#7379=CARTESIAN_POINT('',(-14.251068008363,0.17886099566149,15.5));
#7380=CARTESIAN_POINT('',(-14.251068008363,0.12886099566149,16.017324569418));
#7381=CARTESIAN_POINT('',(-14.616871719472,0.078860995661489,16.383128280528));
#7382=CARTESIAN_POINT('',(-14.982675430582,0.028860995661489,16.748931991637));
#7383=CARTESIAN_POINT('',(-15.5,-0.021139004338511,16.748931991637));
#7384=CARTESIAN_POINT('',(-16.017324569418,-0.071139004338511,16.748931991637));
#7385=CARTESIAN_POINT('',(-16.383128280528,-0.12113900433851,16.383128280528));
#7386=CARTESIAN_POINT('',(-16.748931991637,-0.17113900433851,16.017324569418));
#7387=CARTESIAN_POINT('',(-16.748931991637,-0.22113900433851,15.5));
#7388=CARTESIAN_POINT('',(-14.251068008363,4.6211390043385,15.5));
#7389=CARTESIAN_POINT('',(-14.251068008363,4.5711390043385,16.017324569418));
#7390=CARTESIAN_POINT('',(-14.616871719472,4.5211390043385,16.383128280528));
#7391=CARTESIAN_POINT('',(-14.982675430582,4.4711390043385,16.748931991637));
#7392=CARTESIAN_POINT('',(-15.5,4.4211390043385,16.748931991637));
#7393=CARTESIAN_POINT('',(-16.017324569418,4.3711390043385,16.748931991637));
#7394=CARTESIAN_POINT('',(-16.383128280528,4.3211390043385,16.383128280528));
#7395=CARTESIAN_POINT('',(-16.748931991637,4.2711390043385,16.017324569418));
#7396=CARTESIAN_POINT('',(-16.748931991637,4.2211390043385,15.5));
#7397=CARTESIAN_POINT('',(-16.748931991637,4.1711390043385,14.982675430582));
#7398=CARTESIAN_POINT('',(-16.383128280528,4.1211390043385,14.616871719472));
#7399=CARTESIAN_POINT('',(-16.017324569418,4.0711390043385,14.251068008363));
#7400=CARTESIAN_POINT('',(-15.5,4.0211390043385,14.251068008363));
#7401=CARTESIAN_POINT('',(-14.982675430582,3.9711390043385,14.251068008363));
#7402=CARTESIAN_POINT('',(-14.616871719472,3.9211390043385,14.616871719472));
#7403=CARTESIAN_POINT('',(-14.251068008363,3.8711390043385,14.982675430582));
#7404=CARTESIAN_POINT('',(-14.251068008363,3.8211390043385,15.5));
#7405=CARTESIAN_POINT('',(-14.251068008363,3.7711390043385,16.017324569418));
#7406=CARTESIAN_POINT('',(-14.616871719472,3.7211390043385,16.383128280528));
#7407=CARTESIAN_POINT('',(-14.982675430582,3.6711390043385,16.748931991637));
#7408=CARTESIAN_POINT('',(-15.5,3.6211390043385,16.748931991637));
#7409=CARTESIAN_POINT('',(-16.017324569418,3.5711390043385,16.748931991637));
#7410=CARTESIAN_POINT('',(-16.383128280528,3.5211390043385,16.383128280528));
#7411=CARTESIAN_POINT('',(-16.748931991637,3.4711390043385,16.017324569418));
#7412=CARTESIAN_POINT('',(-16.748931991637,3.4211390043385,15.5));
#7413=CARTESIAN_POINT('',(-16.748931991637,3.3711390043385,14.982675430582));
#7414=CARTESIAN_POINT('',(-16.383128280528,3.3211390043385,14.616871719472));
#7415=CARTESIAN_POINT('',(-16.017324569418,3.2711390043385,14.251068008363));
#7416=CARTESIAN_POINT('',(-15.5,3.2211390043385,14.251068008363));
#7417=CARTESIAN_POINT('',(-14.982675430582,3.1711390043385,14.251068008363));
#7418=CARTESIAN_POINT('',(-14.616871719472,3.1211390043385,14.616871719472));
#7419=CARTESIAN_POINT('',(-14.251068008363,3.0711390043385,14.982675430582));
#7420=CARTESIAN_POINT('',(-14.251068008363,3.0211390043385,15.5));
#7421=CARTESIAN_POINT('',(-14.251068008363,2.9711390043385,16.017324569418));
#7422=CARTESIAN_POINT('',(-14.616871719472,2.9211390043385,16.383128280528));
#7423=CARTESIAN_POINT('',(-14.982675430582,2.8711390043385,16.748931991637));
#7424=CARTESIAN_POINT('',(-15.5,2.8211390043385,16.748931991637));
#7425=CARTESIAN_POINT('',(-16.017324569418,2.7711390043385,16.748931991637));
#7426=CARTESIAN_POINT('',(-16.383128280528,2.7211390043385,16.383128280528));
#7427=CARTESIAN_POINT('',(-16.748931991637,2.6711390043385,16.017324569418));
#7428=CARTESIAN_POINT('',(-16.748931991637,2.6211390043385,15.5));
#7429=CARTESIAN_POINT('',(-16.748931991637,2.5711390043385,14.982675430582));
#7430=CARTESIAN_POINT('',(-16.383128280528,2.5211390043385,14.616871719472));
#7431=CARTESIAN_POINT('',(-16.017324569418,2.4711390043385,14.251068008363));
#7432=CARTESIAN_POINT('',(-15.5,2.4211390043385,14.251068008363));
#7433=CARTESIAN_POINT('',(-14.982675430582,2.3711390043385,14.251068008363));
#7434=CARTESIAN_POINT('',(-14.616871719472,2.3211390043385,14.616871719472));
#7435=CARTESIAN_POINT('',(-14.251068008363,2.2711390043385,14.982675430582));
#7436=CARTESIAN_POINT('',(-14.251068008363,2.2211390043385,15.5));
#7437=CARTESIAN_POINT('',(-14.251068008363,2.1711390043385,16.017324569418));
#7438=CARTESIAN_POINT('',(-14.616871719472,2.1211390043385,16.383128280528));
#7439=CARTESIAN_POINT('',(-14.982675430582,2.0711390043385,16.748931991637));
#7440=CARTESIAN_POINT('',(-15.5,2.0211390043385,16.748931991637));
#7441=CARTESIAN_POINT('',(-16.017324569418,1.9711390043385,16.748931991637));
#7442=CARTESIAN_POINT('',(-16.383128280528,1.9211390043385,16.383128280528));
#7443=CARTESIAN_POINT('',(-16.748931991637,1.8711390043385,16.017324569418));
#7444=CARTESIAN_POINT('',(-16.748931991637,1.8211390043385,15.5));
#7445=CARTESIAN_POINT('',(-16.748931991637,1.7711390043385,14.982675430582));
#7446=CARTESIAN_POINT('',(-16.383128280528,1.7211390043385,14.616871719472));
#7447=CARTESIAN_POINT('',(-16.017324569418,1.6711390043385,14.251068008363));
#7448=CARTESIAN_POINT('',(-15.5,1.6211390043385,14.251068008363));
#7449=CARTESIAN_POINT('',(-14.982675430582,1.5711390043385,14.251068008363));
#7450=CARTESIAN_POINT('',(-14.616871719472,1.5211390043385,14.616871719472));
#7451=CARTESIAN_POINT('',(-14.251068008363,1.4711390043385,14.982675430582));
#7452=CARTESIAN_POINT('',(-14.251068008363,1.4211390043385,15.5));
#7453=CARTESIAN_POINT('',(-14.251068008363,1.3711390043385,16.017324569418));
#7454=CARTESIAN_POINT('',(-14.616871719472,1.3211390043385,16.383128280528));
#7455=CARTESIAN_POINT('',(-14.982675430582,1.2711390043385,16.748931991637));
#7456=CARTESIAN_POINT('',(-15.5,1.2211390043385,16.748931991637));
#7457=CARTESIAN_POINT('',(-16.017324569418,1.1711390043385,16.748931991637));
#7458=CARTESIAN_POINT('',(-16.383128280528,1.1211390043385,16.383128280528));
#7459=CARTESIAN_POINT('',(-16.748931991637,1.0711390043385,16.017324569418));
#7460=CARTESIAN_POINT('',(-16.748931991637,1.0211390043385,15.5));
#7461=CARTESIAN_POINT('',(-16.748931991637,0.97113900433851,14.982675430582));
#7462=CARTESIAN_POINT('',(-16.383128280528,0.92113900433851,14.616871719472));
#7463=CARTESIAN_POINT('',(-16.017324569418,0.87113900433851,14.251068008363));
#7464=CARTESIAN_POINT('',(-15.5,0.82113900433851,14.251068008363));
#7465=CARTESIAN_POINT('',(-14.982675430582,0.77113900433851,14.251068008363));
#7466=CARTESIAN_POINT('',(-14.616871719472,0.72113900433851,14.616871719472));
#7467=CARTESIAN_POINT('',(-14.251068008363,0.67113900433851,14.982675430582));
#7468=CARTESIAN_POINT('',(-14.251068008363,0.62113900433851,15.5));
#7469=CARTESIAN_POINT('',(-14.251068008363,0.57113900433851,16.017324569418));
#7470=CARTESIAN_POINT('',(-14.616871719472,0.52113900433851,16.383128280528));
#7471=CARTESIAN_POINT('',(-14.982675430582,0.47113900433851,16.748931991637));
#7472=CARTESIAN_POINT('',(-15.5,0.42113900433851,16.748931991637));
#7473=CARTESIAN_POINT('',(-16.017324569418,0.37113900433851,16.748931991637));
#7474=CARTESIAN_POINT('',(-16.383128280528,0.32113900433851,16.383128280528));
#7475=CARTESIAN_POINT('',(-16.748931991637,0.27113900433851,16.017324569418));
#7476=CARTESIAN_POINT('',(-16.748931991637,0.22113900433851,15.5));
#7477=(BOUNDED_SURFACE()B_SPLINE_SURFACE(1,2,((#7299,#7300,#7301,#7302,#7303,#7304,#7305,#7306,#7307,#7308,#7309,#7310,#7311,#7312,#7313,#7314,#7315,#7316,#7317,#7318,#7319,#7320,#7321,#7322,#7323,#7324,#7325,#7326,#7327,#7328,#7329,#7330,#7331,#7332,#7333,#7334,#7335,#7336,#7337,#7338,#7339,#7340,#7341,#7342,#7343,#7344,#7345,#7346,#7347,#7348,#7349,#7350,#7351,#7352,#7353,#7354,#7355,#7356,#7357,#7358,#7359,#7360,#7361,#7362,#7363,#7364,#7365,#7366,#7367,#7368,#7369,#7370,#7371,#7372,#7373,#7374,#7375,#7376,#7377,#7378,#7379,#7380,#7381,#7382,#7383,#7384,#7385,#7386,#7387),(#7388,#7389,#7390,#7391,#7392,#7393,#7394,#7395,#7396,#7397,#7398,#7399,#7400,#7401,#7402,#7403,#7404,#7405,#7406,#7407,#7408,#7409,#7410,#7411,#7412,#7413,#7414,#7415,#7416,#7417,#7418,#7419,#7420,#7421,#7422,#7423,#7424,#7425,#7426,#7427,#7428,#7429,#7430,#7431,#7432,#7433,#7434,#7435,#7436,#7437,#7438,#7439,#7440,#7441,#7442,#7443,#7444,#7445,#7446,#7447,#7448,#7449,#7450,#7451,#7452,#7453,#7454,#7455,#7456,#7457,#7458,#7459,#7460,#7461,#7462,#7463,#7464,#7465,#7466,#7467,#7468,#7469,#7470,#7471,#7472,#7473,#7474,#7475,#7476)),.UNSPECIFIED.,.F.,.F.,.U.)B_SPLINE_SURFACE_WITH_KNOTS((2,2),(3,2,2,2,2,2,2,2,2,2,2,2,2,2,2,2,2,2,2,2,2,2,2,2,2,2,2,2,2,2,2,2,2,2,2,2,2,2,2,2,2,2,2,2,3),(0.,0.44227800867702),(0.,1.0394704615781,2.0789409231563,3.1184113847344,4.1578818463126,5.1973523078907,6.2368227694689,7.276293231047,8.3157636926252,9.3552341542033,10.394704615781,11.43417507736,12.473645538938,13.513116000516,14.552586462094,15.592056923672,16.63152738525,17.670997846828,18.710468308407,19.749938769985,20.789409231563,21.828879693141,22.868350154719,23.907820616297,24.947291077876,25.986761539454,27.026232001032,28.06570246261,29.105172924188,30.144643385766,31.184113847344,32.223584308923,33.263054770501,34.302525232079,35.341995693657,36.381466155235,37.420936616813,38.460407078391,39.49987753997,40.539348001548,41.578818463126,42.618288924704,43.657759386282,44.69722984786,45.736700309438),.UNSPECIFIED.)GEOMETRIC_REPRESENTATION_ITEM()RATIONAL_B_SPLINE_SURFACE(((1.,0.92387953251129,1.,0.92387953251129,1.,0.92387953251129,1.,0.92387953251129,1.,0.92387953251129,1.,0.92387953251129,1.,0.92387953251129,1.,0.92387953251129,1.,0.92387953251129,1.,0.92387953251129,1.,0.92387953251129,1.,0.92387953251129,1.,0.92387953251129,1.,0.92387953251129,1.,0.92387953251129,1.,0.92387953251129,1.,0.92387953251129,1.,0.92387953251129,1.,0.92387953251129,1.,0.92387953251129,1.,0.92387953251129,1.,0.92387953251129,1.,0.92387953251129,1.,0.92387953251129,1.,0.92387953251129,1.,0.92387953251129,1.,0.92387953251129,1.,0.92387953251129,1.,0.92387953251129,1.,0.92387953251129,1.,0.92387953251129,1.,0.92387953251129,1.,0.92387953251129,1.,0.92387953251129,1.,0.92387953251129,1.,0.92387953251129,1.,0.92387953251129,1.,0.92387953251129,1.,0.92387953251129,1.,0.92387953251129,1.,0.92387953251129,1.,0.92387953251129,1.,0.92387953251129,1.,0.92387953251129,1.),(1.,0.92387953251129,1.,0.92387953251129,1.,0.92387953251129,1.,0.92387953251129,1.,0.92387953251129,1.,0.92387953251129,1.,0.92387953251129,1.,0.92387953251129,1.,0.92387953251129,1.,0.92387953251129,1.,0.92387953251129,1.,0.92387953251129,1.,0.92387953251129,1.,0.92387953251129,1.,0.92387953251129,1.,0.92387953251129,1.,0.92387953251129,1.,0.92387953251129,1.,0.92387953251129,1.,0.92387953251129,1.,0.92387953251129,1.,0.92387953251129,1.,0.92387953251129,1.,0.92387953251129,1.,0.92387953251129,1.,0.92387953251129,1.,0.92387953251129,1.,0.92387953251129,1.,0.92387953251129,1.,0.92387953251129,1.,0.92387953251129,1.,0.92387953251129,1.,0.92387953251129,1.,0.92387953251129,1.,0.92387953251129,1.,0.92387953251129,1.,0.92387953251129,1.,0.92387953251129,1.,0.92387953251129,1.,0.92387953251129,1.,0.92387953251129,1.,0.92387953251129,1.,0.92387953251129,1.,0.92387953251129,1.)))REPRESENTATION_ITEM('')SURFACE());
#7478=CARTESIAN_POINT('',(-14.77898093832,4.5,16.519785581595));
#7479=VERTEX_POINT('',#7478);
#7480=CARTESIAN_POINT('',(-14.77898093832,4.5,16.519785581595));
#7481=CARTESIAN_POINT('',(-14.697083866041,4.5,16.461881889609));
#7482=CARTESIAN_POINT('',(-14.623718276982,4.5,16.395424758838));
#7483=CARTESIAN_POINT('',(-14.493453290957,4.5,16.246001929858));
#7484=CARTESIAN_POINT('',(-14.436531558125,4.5,16.162306911066));
#7485=CARTESIAN_POINT('',(-14.300034757967,4.5,15.89881367071));
#7486=CARTESIAN_POINT('',(-14.251068008363,4.5,15.70059878358));
#7487=CARTESIAN_POINT('',(-14.251068008363,4.5,15.5));
#7488=B_SPLINE_CURVE_WITH_KNOTS('',3,(#7480,#7481,#7482,#7483,#7484,#7485,#7486,#7487),.UNSPECIFIED.,.F.,.U.,(4,2,2,4),(0.,0.00029662736811385,0.00059325473622769,0.0011865094724554),.UNSPECIFIED.);
#7489=EDGE_CURVE('',#7479,#1975,#7488,.T.);
#7490=ORIENTED_EDGE('',*,*,#7489,.T.);
#7491=ORIENTED_EDGE('',*,*,#7293,.F.);
#7492=CARTESIAN_POINT('',(-14.251068008363,4.6211390043385,15.5));
#7493=CARTESIAN_POINT('',(-14.251068008363,4.5711390043385,16.017324569418));
#7494=CARTESIAN_POINT('',(-14.616871719472,4.5211390043385,16.383128280528));
#7495=CARTESIAN_POINT('',(-14.692105411626,4.5108556624985,16.458361972682));
#7496=CARTESIAN_POINT('',(-14.77898093832,4.5,16.519785581595));
#7497=(BOUNDED_CURVE()B_SPLINE_CURVE(2,(#7492,#7493,#7494,#7495,#7496),.UNSPECIFIED.,.F.,.U.)B_SPLINE_CURVE_WITH_KNOTS((3,2,3),(0.8912728583961,0.91210619172943,0.91666666666667),.UNSPECIFIED.)CURVE()GEOMETRIC_REPRESENTATION_ITEM()RATIONAL_B_SPLINE_CURVE((1.,0.92387953251129,1.,0.98333701675875,0.97396918079282))REPRESENTATION_ITEM(''));
#7498=EDGE_CURVE('',#7280,#7479,#7497,.T.);
#7499=ORIENTED_EDGE('',*,*,#7498,.T.);
#7500=EDGE_LOOP('',(#7490,#7491,#7499));
#7501=FACE_OUTER_BOUND('',#7500,.T.);
#7502=ADVANCED_FACE('',(#7501),#7477,.T.);
#7503=CARTESIAN_POINT('',(-15.5,4.5,15.5));
#7504=DIRECTION('',(0.,0.,-1.));
#7505=DIRECTION('',(0.,-1.,0.));
#7506=AXIS2_PLACEMENT_3D('',#7503,#7505,#7504);
#7507=PLANE('',#7506);
#7508=ORIENTED_EDGE('',*,*,#7489,.F.);
#7509=CARTESIAN_POINT('',(-15.5,4.5,15.5));
#7510=DIRECTION('',(0.57730850559358,3.5527136788005E-15,0.81652611064761));
#7511=DIRECTION('',(1.1454249171898E-15,-1.,3.6041289011017E-15));
#7512=AXIS2_PLACEMENT_3D('',#7509,#7511,#7510);
#7513=CIRCLE('',#7512,1.25);
#7514=EDGE_CURVE('',#7479,#1674,#7513,.T.);
#7515=ORIENTED_EDGE('',*,*,#7514,.T.);
#7516=ORIENTED_EDGE('',*,*,#1680,.F.);
#7517=ORIENTED_EDGE('',*,*,#1987,.F.);
#7518=EDGE_LOOP('',(#7508,#7515,#7516,#7517));
#7519=FACE_OUTER_BOUND('',#7518,.T.);
#7520=ADVANCED_FACE('',(#7519),#7507,.T.);
#7521=CARTESIAN_POINT('',(-14.001068008363,4.1788609956615,15.5));
#7522=CARTESIAN_POINT('',(-14.001068008363,4.1288609956615,16.120877960011));
#7523=CARTESIAN_POINT('',(-14.440095024176,4.0788609956615,16.559904975824));
#7524=CARTESIAN_POINT('',(-14.879122039989,4.0288609956615,16.998931991637));
#7525=CARTESIAN_POINT('',(-15.5,3.9788609956615,16.998931991637));
#7526=CARTESIAN_POINT('',(-16.120877960011,3.9288609956615,16.998931991637));
#7527=CARTESIAN_POINT('',(-16.559904975824,3.8788609956615,16.559904975824));
#7528=CARTESIAN_POINT('',(-16.998931991637,3.8288609956615,16.120877960011));
#7529=CARTESIAN_POINT('',(-16.998931991637,3.7788609956615,15.5));
#7530=CARTESIAN_POINT('',(-16.998931991637,3.7288609956615,14.879122039989));
#7531=CARTESIAN_POINT('',(-16.559904975824,3.6788609956615,14.440095024176));
#7532=CARTESIAN_POINT('',(-16.120877960011,3.6288609956615,14.001068008363));
#7533=CARTESIAN_POINT('',(-15.5,3.5788609956615,14.001068008363));
#7534=CARTESIAN_POINT('',(-14.879122039989,3.5288609956615,14.001068008363));
#7535=CARTESIAN_POINT('',(-14.440095024176,3.4788609956615,14.440095024176));
#7536=CARTESIAN_POINT('',(-14.001068008363,3.4288609956615,14.879122039989));
#7537=CARTESIAN_POINT('',(-14.001068008363,3.3788609956615,15.5));
#7538=CARTESIAN_POINT('',(-14.001068008363,3.3288609956615,16.120877960011));
#7539=CARTESIAN_POINT('',(-14.440095024176,3.2788609956615,16.559904975824));
#7540=CARTESIAN_POINT('',(-14.879122039989,3.2288609956615,16.998931991637));
#7541=CARTESIAN_POINT('',(-15.5,3.1788609956615,16.998931991637));
#7542=CARTESIAN_POINT('',(-16.120877960011,3.1288609956615,16.998931991637));
#7543=CARTESIAN_POINT('',(-16.559904975824,3.0788609956615,16.559904975824));
#7544=CARTESIAN_POINT('',(-16.998931991637,3.0288609956615,16.120877960011));
#7545=CARTESIAN_POINT('',(-16.998931991637,2.9788609956615,15.5));
#7546=CARTESIAN_POINT('',(-16.998931991637,2.9288609956615,14.879122039989));
#7547=CARTESIAN_POINT('',(-16.559904975824,2.8788609956615,14.440095024176));
#7548=CARTESIAN_POINT('',(-16.120877960011,2.8288609956615,14.001068008363));
#7549=CARTESIAN_POINT('',(-15.5,2.7788609956615,14.001068008363));
#7550=CARTESIAN_POINT('',(-14.879122039989,2.7288609956615,14.001068008363));
#7551=CARTESIAN_POINT('',(-14.440095024176,2.6788609956615,14.440095024176));
#7552=CARTESIAN_POINT('',(-14.001068008363,2.6288609956615,14.879122039989));
#7553=CARTESIAN_POINT('',(-14.001068008363,2.5788609956615,15.5));
#7554=CARTESIAN_POINT('',(-14.001068008363,2.5288609956615,16.120877960011));
#7555=CARTESIAN_POINT('',(-14.440095024176,2.4788609956615,16.559904975824));
#7556=CARTESIAN_POINT('',(-14.879122039989,2.4288609956615,16.998931991637));
#7557=CARTESIAN_POINT('',(-15.5,2.3788609956615,16.998931991637));
#7558=CARTESIAN_POINT('',(-16.120877960011,2.3288609956615,16.998931991637));
#7559=CARTESIAN_POINT('',(-16.559904975824,2.2788609956615,16.559904975824));
#7560=CARTESIAN_POINT('',(-16.998931991637,2.2288609956615,16.120877960011));
#7561=CARTESIAN_POINT('',(-16.998931991637,2.1788609956615,15.5));
#7562=CARTESIAN_POINT('',(-16.998931991637,2.1288609956615,14.879122039989));
#7563=CARTESIAN_POINT('',(-16.559904975824,2.0788609956615,14.440095024176));
#7564=CARTESIAN_POINT('',(-16.120877960011,2.0288609956615,14.001068008363));
#7565=CARTESIAN_POINT('',(-15.5,1.9788609956615,14.001068008363));
#7566=CARTESIAN_POINT('',(-14.879122039989,1.9288609956615,14.001068008363));
#7567=CARTESIAN_POINT('',(-14.440095024176,1.8788609956615,14.440095024176));
#7568=CARTESIAN_POINT('',(-14.001068008363,1.8288609956615,14.879122039989));
#7569=CARTESIAN_POINT('',(-14.001068008363,1.7788609956615,15.5));
#7570=CARTESIAN_POINT('',(-14.001068008363,1.7288609956615,16.120877960011));
#7571=CARTESIAN_POINT('',(-14.440095024176,1.6788609956615,16.559904975824));
#7572=CARTESIAN_POINT('',(-14.879122039989,1.6288609956615,16.998931991637));
#7573=CARTESIAN_POINT('',(-15.5,1.5788609956615,16.998931991637));
#7574=CARTESIAN_POINT('',(-16.120877960011,1.5288609956615,16.998931991637));
#7575=CARTESIAN_POINT('',(-16.559904975824,1.4788609956615,16.559904975824));
#7576=CARTESIAN_POINT('',(-16.998931991637,1.4288609956615,16.120877960011));
#7577=CARTESIAN_POINT('',(-16.998931991637,1.3788609956615,15.5));
#7578=CARTESIAN_POINT('',(-16.998931991637,1.3288609956615,14.879122039989));
#7579=CARTESIAN_POINT('',(-16.559904975824,1.2788609956615,14.440095024176));
#7580=CARTESIAN_POINT('',(-16.120877960011,1.2288609956615,14.001068008363));
#7581=CARTESIAN_POINT('',(-15.5,1.1788609956615,14.001068008363));
#7582=CARTESIAN_POINT('',(-14.879122039989,1.1288609956615,14.001068008363));
#7583=CARTESIAN_POINT('',(-14.440095024176,1.0788609956615,14.440095024176));
#7584=CARTESIAN_POINT('',(-14.001068008363,1.0288609956615,14.879122039989));
#7585=CARTESIAN_POINT('',(-14.001068008363,0.97886099566149,15.5));
#7586=CARTESIAN_POINT('',(-14.001068008363,0.92886099566149,16.120877960011));
#7587=CARTESIAN_POINT('',(-14.440095024176,0.87886099566149,16.559904975824));
#7588=CARTESIAN_POINT('',(-14.879122039989,0.82886099566149,16.998931991637));
#7589=CARTESIAN_POINT('',(-15.5,0.77886099566149,16.998931991637));
#7590=CARTESIAN_POINT('',(-16.120877960011,0.72886099566149,16.998931991637));
#7591=CARTESIAN_POINT('',(-16.559904975824,0.67886099566149,16.559904975824));
#7592=CARTESIAN_POINT('',(-16.998931991637,0.62886099566149,16.120877960011));
#7593=CARTESIAN_POINT('',(-16.998931991637,0.57886099566149,15.5));
#7594=CARTESIAN_POINT('',(-16.998931991637,0.52886099566149,14.879122039989));
#7595=CARTESIAN_POINT('',(-16.559904975824,0.47886099566149,14.440095024176));
#7596=CARTESIAN_POINT('',(-16.120877960011,0.42886099566149,14.001068008363));
#7597=CARTESIAN_POINT('',(-15.5,0.37886099566149,14.001068008363));
#7598=CARTESIAN_POINT('',(-14.879122039989,0.32886099566149,14.001068008363));
#7599=CARTESIAN_POINT('',(-14.440095024176,0.27886099566149,14.440095024176));
#7600=CARTESIAN_POINT('',(-14.001068008363,0.22886099566149,14.879122039989));
#7601=CARTESIAN_POINT('',(-14.001068008363,0.17886099566149,15.5));
#7602=CARTESIAN_POINT('',(-14.001068008363,0.12886099566149,16.120877960011));
#7603=CARTESIAN_POINT('',(-14.440095024176,0.078860995661489,16.559904975824));
#7604=CARTESIAN_POINT('',(-14.879122039989,0.028860995661489,16.998931991637));
#7605=CARTESIAN_POINT('',(-15.5,-0.021139004338511,16.998931991637));
#7606=CARTESIAN_POINT('',(-16.120877960011,-0.071139004338511,16.998931991637));
#7607=CARTESIAN_POINT('',(-16.559904975824,-0.12113900433851,16.559904975824));
#7608=CARTESIAN_POINT('',(-16.998931991637,-0.17113900433851,16.120877960011));
#7609=CARTESIAN_POINT('',(-16.998931991637,-0.22113900433851,15.5));
#7610=CARTESIAN_POINT('',(-14.251068008363,4.1788609956615,15.5));
#7611=CARTESIAN_POINT('',(-14.251068008363,4.1288609956615,16.017324569418));
#7612=CARTESIAN_POINT('',(-14.616871719472,4.0788609956615,16.383128280528));
#7613=CARTESIAN_POINT('',(-14.982675430582,4.0288609956615,16.748931991637));
#7614=CARTESIAN_POINT('',(-15.5,3.9788609956615,16.748931991637));
#7615=CARTESIAN_POINT('',(-16.017324569418,3.9288609956615,16.748931991637));
#7616=CARTESIAN_POINT('',(-16.383128280528,3.8788609956615,16.383128280528));
#7617=CARTESIAN_POINT('',(-16.748931991637,3.8288609956615,16.017324569418));
#7618=CARTESIAN_POINT('',(-16.748931991637,3.7788609956615,15.5));
#7619=CARTESIAN_POINT('',(-16.748931991637,3.7288609956615,14.982675430582));
#7620=CARTESIAN_POINT('',(-16.383128280528,3.6788609956615,14.616871719472));
#7621=CARTESIAN_POINT('',(-16.017324569418,3.6288609956615,14.251068008363));
#7622=CARTESIAN_POINT('',(-15.5,3.5788609956615,14.251068008363));
#7623=CARTESIAN_POINT('',(-14.982675430582,3.5288609956615,14.251068008363));
#7624=CARTESIAN_POINT('',(-14.616871719472,3.4788609956615,14.616871719472));
#7625=CARTESIAN_POINT('',(-14.251068008363,3.4288609956615,14.982675430582));
#7626=CARTESIAN_POINT('',(-14.251068008363,3.3788609956615,15.5));
#7627=CARTESIAN_POINT('',(-14.251068008363,3.3288609956615,16.017324569418));
#7628=CARTESIAN_POINT('',(-14.616871719472,3.2788609956615,16.383128280528));
#7629=CARTESIAN_POINT('',(-14.982675430582,3.2288609956615,16.748931991637));
#7630=CARTESIAN_POINT('',(-15.5,3.1788609956615,16.748931991637));
#7631=CARTESIAN_POINT('',(-16.017324569418,3.1288609956615,16.748931991637));
#7632=CARTESIAN_POINT('',(-16.383128280528,3.0788609956615,16.383128280528));
#7633=CARTESIAN_POINT('',(-16.748931991637,3.0288609956615,16.017324569418));
#7634=CARTESIAN_POINT('',(-16.748931991637,2.9788609956615,15.5));
#7635=CARTESIAN_POINT('',(-16.748931991637,2.9288609956615,14.982675430582));
#7636=CARTESIAN_POINT('',(-16.383128280528,2.8788609956615,14.616871719472));
#7637=CARTESIAN_POINT('',(-16.017324569418,2.8288609956615,14.251068008363));
#7638=CARTESIAN_POINT('',(-15.5,2.7788609956615,14.251068008363));
#7639=CARTESIAN_POINT('',(-14.982675430582,2.7288609956615,14.251068008363));
#7640=CARTESIAN_POINT('',(-14.616871719472,2.6788609956615,14.616871719472));
#7641=CARTESIAN_POINT('',(-14.251068008363,2.6288609956615,14.982675430582));
#7642=CARTESIAN_POINT('',(-14.251068008363,2.5788609956615,15.5));
#7643=CARTESIAN_POINT('',(-14.251068008363,2.5288609956615,16.017324569418));
#7644=CARTESIAN_POINT('',(-14.616871719472,2.4788609956615,16.383128280528));
#7645=CARTESIAN_POINT('',(-14.982675430582,2.4288609956615,16.748931991637));
#7646=CARTESIAN_POINT('',(-15.5,2.3788609956615,16.748931991637));
#7647=CARTESIAN_POINT('',(-16.017324569418,2.3288609956615,16.748931991637));
#7648=CARTESIAN_POINT('',(-16.383128280528,2.2788609956615,16.383128280528));
#7649=CARTESIAN_POINT('',(-16.748931991637,2.2288609956615,16.017324569418));
#7650=CARTESIAN_POINT('',(-16.748931991637,2.1788609956615,15.5));
#7651=CARTESIAN_POINT('',(-16.748931991637,2.1288609956615,14.982675430582));
#7652=CARTESIAN_POINT('',(-16.383128280528,2.0788609956615,14.616871719472));
#7653=CARTESIAN_POINT('',(-16.017324569418,2.0288609956615,14.251068008363));
#7654=CARTESIAN_POINT('',(-15.5,1.9788609956615,14.251068008363));
#7655=CARTESIAN_POINT('',(-14.982675430582,1.9288609956615,14.251068008363));
#7656=CARTESIAN_POINT('',(-14.616871719472,1.8788609956615,14.616871719472));
#7657=CARTESIAN_POINT('',(-14.251068008363,1.8288609956615,14.982675430582));
#7658=CARTESIAN_POINT('',(-14.251068008363,1.7788609956615,15.5));
#7659=CARTESIAN_POINT('',(-14.251068008363,1.7288609956615,16.017324569418));
#7660=CARTESIAN_POINT('',(-14.616871719472,1.6788609956615,16.383128280528));
#7661=CARTESIAN_POINT('',(-14.982675430582,1.6288609956615,16.748931991637));
#7662=CARTESIAN_POINT('',(-15.5,1.5788609956615,16.748931991637));
#7663=CARTESIAN_POINT('',(-16.017324569418,1.5288609956615,16.748931991637));
#7664=CARTESIAN_POINT('',(-16.383128280528,1.4788609956615,16.383128280528));
#7665=CARTESIAN_POINT('',(-16.748931991637,1.4288609956615,16.017324569418));
#7666=CARTESIAN_POINT('',(-16.748931991637,1.3788609956615,15.5));
#7667=CARTESIAN_POINT('',(-16.748931991637,1.3288609956615,14.982675430582));
#7668=CARTESIAN_POINT('',(-16.383128280528,1.2788609956615,14.616871719472));
#7669=CARTESIAN_POINT('',(-16.017324569418,1.2288609956615,14.251068008363));
#7670=CARTESIAN_POINT('',(-15.5,1.1788609956615,14.251068008363));
#7671=CARTESIAN_POINT('',(-14.982675430582,1.1288609956615,14.251068008363));
#7672=CARTESIAN_POINT('',(-14.616871719472,1.0788609956615,14.616871719472));
#7673=CARTESIAN_POINT('',(-14.251068008363,1.0288609956615,14.982675430582));
#7674=CARTESIAN_POINT('',(-14.251068008363,0.97886099566149,15.5));
#7675=CARTESIAN_POINT('',(-14.251068008363,0.92886099566149,16.017324569418));
#7676=CARTESIAN_POINT('',(-14.616871719472,0.87886099566149,16.383128280528));
#7677=CARTESIAN_POINT('',(-14.982675430582,0.82886099566149,16.748931991637));
#7678=CARTESIAN_POINT('',(-15.5,0.77886099566149,16.748931991637));
#7679=CARTESIAN_POINT('',(-16.017324569418,0.72886099566149,16.748931991637));
#7680=CARTESIAN_POINT('',(-16.383128280528,0.67886099566149,16.383128280528));
#7681=CARTESIAN_POINT('',(-16.748931991637,0.62886099566149,16.017324569418));
#7682=CARTESIAN_POINT('',(-16.748931991637,0.57886099566149,15.5));
#7683=CARTESIAN_POINT('',(-16.748931991637,0.52886099566149,14.982675430582));
#7684=CARTESIAN_POINT('',(-16.383128280528,0.47886099566149,14.616871719472));
#7685=CARTESIAN_POINT('',(-16.017324569418,0.42886099566149,14.251068008363));
#7686=CARTESIAN_POINT('',(-15.5,0.37886099566149,14.251068008363));
#7687=CARTESIAN_POINT('',(-14.982675430582,0.32886099566149,14.251068008363));
#7688=CARTESIAN_POINT('',(-14.616871719472,0.27886099566149,14.616871719472));
#7689=CARTESIAN_POINT('',(-14.251068008363,0.22886099566149,14.982675430582));
#7690=CARTESIAN_POINT('',(-14.251068008363,0.17886099566149,15.5));
#7691=CARTESIAN_POINT('',(-14.251068008363,0.12886099566149,16.017324569418));
#7692=CARTESIAN_POINT('',(-14.616871719472,0.078860995661489,16.383128280528));
#7693=CARTESIAN_POINT('',(-14.982675430582,0.028860995661489,16.748931991637));
#7694=CARTESIAN_POINT('',(-15.5,-0.021139004338511,16.748931991637));
#7695=CARTESIAN_POINT('',(-16.017324569418,-0.071139004338511,16.748931991637));
#7696=CARTESIAN_POINT('',(-16.383128280528,-0.12113900433851,16.383128280528));
#7697=CARTESIAN_POINT('',(-16.748931991637,-0.17113900433851,16.017324569418));
#7698=CARTESIAN_POINT('',(-16.748931991637,-0.22113900433851,15.5));
#7699=(BOUNDED_SURFACE()B_SPLINE_SURFACE(1,2,((#7521,#7522,#7523,#7524,#7525,#7526,#7527,#7528,#7529,#7530,#7531,#7532,#7533,#7534,#7535,#7536,#7537,#7538,#7539,#7540,#7541,#7542,#7543,#7544,#7545,#7546,#7547,#7548,#7549,#7550,#7551,#7552,#7553,#7554,#7555,#7556,#7557,#7558,#7559,#7560,#7561,#7562,#7563,#7564,#7565,#7566,#7567,#7568,#7569,#7570,#7571,#7572,#7573,#7574,#7575,#7576,#7577,#7578,#7579,#7580,#7581,#7582,#7583,#7584,#7585,#7586,#7587,#7588,#7589,#7590,#7591,#7592,#7593,#7594,#7595,#7596,#7597,#7598,#7599,#7600,#7601,#7602,#7603,#7604,#7605,#7606,#7607,#7608,#7609),(#7610,#7611,#7612,#7613,#7614,#7615,#7616,#7617,#7618,#7619,#7620,#7621,#7622,#7623,#7624,#7625,#7626,#7627,#7628,#7629,#7630,#7631,#7632,#7633,#7634,#7635,#7636,#7637,#7638,#7639,#7640,#7641,#7642,#7643,#7644,#7645,#7646,#7647,#7648,#7649,#7650,#7651,#7652,#7653,#7654,#7655,#7656,#7657,#7658,#7659,#7660,#7661,#7662,#7663,#7664,#7665,#7666,#7667,#7668,#7669,#7670,#7671,#7672,#7673,#7674,#7675,#7676,#7677,#7678,#7679,#7680,#7681,#7682,#7683,#7684,#7685,#7686,#7687,#7688,#7689,#7690,#7691,#7692,#7693,#7694,#7695,#7696,#7697,#7698)),.UNSPECIFIED.,.F.,.F.,.U.)B_SPLINE_SURFACE_WITH_KNOTS((2,2),(3,2,2,2,2,2,2,2,2,2,2,2,2,2,2,2,2,2,2,2,2,2,2,2,2,2,2,2,2,2,2,2,2,2,2,2,2,2,2,2,2,2,2,2,3),(0.,0.25),(0.,1.2457759689889,2.4915519379779,3.7373279069668,4.9831038759558,6.2288798449447,7.4746558139336,8.7204317829226,9.9662077519115,11.2119837209,12.457759689889,13.703535658878,14.949311627867,16.195087596856,17.440863565845,18.686639534834,19.932415503823,21.178191472812,22.423967441801,23.66974341079,24.915519379779,26.161295348768,27.407071317757,28.652847286746,29.898623255735,31.144399224724,32.390175193712,33.635951162701,34.88172713169,36.127503100679,37.373279069668,38.619055038657,39.864831007646,41.110606976635,42.356382945624,43.602158914613,44.847934883602,46.093710852591,47.33948682158,48.585262790569,49.831038759558,51.076814728547,52.322590697536,53.568366666524,54.814142635513),.UNSPECIFIED.)GEOMETRIC_REPRESENTATION_ITEM()RATIONAL_B_SPLINE_SURFACE(((1.,0.92387953251129,1.,0.92387953251129,1.,0.92387953251129,1.,0.92387953251129,1.,0.92387953251129,1.,0.92387953251129,1.,0.92387953251129,1.,0.92387953251129,1.,0.92387953251129,1.,0.92387953251129,1.,0.92387953251129,1.,0.92387953251129,1.,0.92387953251129,1.,0.92387953251129,1.,0.92387953251129,1.,0.92387953251129,1.,0.92387953251129,1.,0.92387953251129,1.,0.92387953251129,1.,0.92387953251129,1.,0.92387953251129,1.,0.92387953251129,1.,0.92387953251129,1.,0.92387953251129,1.,0.92387953251129,1.,0.92387953251129,1.,0.92387953251129,1.,0.92387953251129,1.,0.92387953251129,1.,0.92387953251129,1.,0.92387953251129,1.,0.92387953251129,1.,0.92387953251129,1.,0.92387953251129,1.,0.92387953251129,1.,0.92387953251129,1.,0.92387953251129,1.,0.92387953251129,1.,0.92387953251129,1.,0.92387953251129,1.,0.92387953251129,1.,0.92387953251129,1.,0.92387953251129,1.,0.92387953251129,1.),(1.,0.92387953251129,1.,0.92387953251129,1.,0.92387953251129,1.,0.92387953251129,1.,0.92387953251129,1.,0.92387953251129,1.,0.92387953251129,1.,0.92387953251129,1.,0.92387953251129,1.,0.92387953251129,1.,0.92387953251129,1.,0.92387953251129,1.,0.92387953251129,1.,0.92387953251129,1.,0.92387953251129,1.,0.92387953251129,1.,0.92387953251129,1.,0.92387953251129,1.,0.92387953251129,1.,0.92387953251129,1.,0.92387953251129,1.,0.92387953251129,1.,0.92387953251129,1.,0.92387953251129,1.,0.92387953251129,1.,0.92387953251129,1.,0.92387953251129,1.,0.92387953251129,1.,0.92387953251129,1.,0.92387953251129,1.,0.92387953251129,1.,0.92387953251129,1.,0.92387953251129,1.,0.92387953251129,1.,0.92387953251129,1.,0.92387953251129,1.,0.92387953251129,1.,0.92387953251129,1.,0.92387953251129,1.,0.92387953251129,1.,0.92387953251129,1.,0.92387953251129,1.,0.92387953251129,1.,0.92387953251129,1.)))REPRESENTATION_ITEM('')SURFACE());
#7700=ORIENTED_EDGE('',*,*,#7200,.F.);
#7701=CARTESIAN_POINT('',(-16.723917109257,0.5,14.634653811921));
#7702=CARTESIAN_POINT('',(-16.998931991637,0.5404980452005,15.023625791555));
#7703=CARTESIAN_POINT('',(-16.998931991637,0.57886099566149,15.5));
#7704=CARTESIAN_POINT('',(-16.998931991637,0.62886099566149,16.120877960011));
#7705=CARTESIAN_POINT('',(-16.559904975824,0.67886099566149,16.559904975824));
#7706=CARTESIAN_POINT('',(-16.120877960011,0.72886099566149,16.998931991637));
#7707=CARTESIAN_POINT('',(-15.5,0.77886099566149,16.998931991637));
#7708=CARTESIAN_POINT('',(-14.879122039989,0.82886099566149,16.998931991637));
#7709=CARTESIAN_POINT('',(-14.440095024176,0.87886099566149,16.559904975824));
#7710=CARTESIAN_POINT('',(-14.001068008363,0.92886099566149,16.120877960011));
#7711=CARTESIAN_POINT('',(-14.001068008363,0.97886099566149,15.5));
#7712=CARTESIAN_POINT('',(-14.001068008363,1.0288609956615,14.879122039989));
#7713=CARTESIAN_POINT('',(-14.440095024176,1.0788609956615,14.440095024176));
#7714=CARTESIAN_POINT('',(-14.879122039989,1.1288609956615,14.001068008363));
#7715=CARTESIAN_POINT('',(-15.5,1.1788609956615,14.001068008363));
#7716=CARTESIAN_POINT('',(-16.120877960011,1.2288609956615,14.001068008363));
#7717=CARTESIAN_POINT('',(-16.559904975824,1.2788609956615,14.440095024176));
#7718=CARTESIAN_POINT('',(-16.998931991637,1.3288609956615,14.879122039989));
#7719=CARTESIAN_POINT('',(-16.998931991637,1.3788609956615,15.5));
#7720=CARTESIAN_POINT('',(-16.998931991637,1.4288609956615,16.120877960011));
#7721=CARTESIAN_POINT('',(-16.559904975824,1.4788609956615,16.559904975824));
#7722=CARTESIAN_POINT('',(-16.120877960011,1.5288609956615,16.998931991637));
#7723=CARTESIAN_POINT('',(-15.5,1.5788609956615,16.998931991637));
#7724=CARTESIAN_POINT('',(-14.879122039989,1.6288609956615,16.998931991637));
#7725=CARTESIAN_POINT('',(-14.440095024176,1.6788609956615,16.559904975824));
#7726=CARTESIAN_POINT('',(-14.001068008363,1.7288609956615,16.120877960011));
#7727=CARTESIAN_POINT('',(-14.001068008363,1.7788609956615,15.5));
#7728=CARTESIAN_POINT('',(-14.001068008363,1.8288609956615,14.879122039989));
#7729=CARTESIAN_POINT('',(-14.440095024176,1.8788609956615,14.440095024176));
#7730=CARTESIAN_POINT('',(-14.879122039989,1.9288609956615,14.001068008363));
#7731=CARTESIAN_POINT('',(-15.5,1.9788609956615,14.001068008363));
#7732=CARTESIAN_POINT('',(-16.120877960011,2.0288609956615,14.001068008363));
#7733=CARTESIAN_POINT('',(-16.559904975824,2.0788609956615,14.440095024176));
#7734=CARTESIAN_POINT('',(-16.998931991637,2.1288609956615,14.879122039989));
#7735=CARTESIAN_POINT('',(-16.998931991637,2.1788609956615,15.5));
#7736=CARTESIAN_POINT('',(-16.998931991637,2.2288609956615,16.120877960011));
#7737=CARTESIAN_POINT('',(-16.559904975824,2.2788609956615,16.559904975824));
#7738=CARTESIAN_POINT('',(-16.120877960011,2.3288609956615,16.998931991637));
#7739=CARTESIAN_POINT('',(-15.5,2.3788609956615,16.998931991637));
#7740=CARTESIAN_POINT('',(-14.879122039989,2.4288609956615,16.998931991637));
#7741=CARTESIAN_POINT('',(-14.440095024176,2.4788609956615,16.559904975824));
#7742=CARTESIAN_POINT('',(-14.001068008363,2.5288609956615,16.120877960011));
#7743=CARTESIAN_POINT('',(-14.001068008363,2.5788609956615,15.5));
#7744=CARTESIAN_POINT('',(-14.001068008363,2.6288609956615,14.879122039989));
#7745=CARTESIAN_POINT('',(-14.440095024176,2.6788609956615,14.440095024176));
#7746=CARTESIAN_POINT('',(-14.879122039989,2.7288609956615,14.001068008363));
#7747=CARTESIAN_POINT('',(-15.5,2.7788609956615,14.001068008363));
#7748=CARTESIAN_POINT('',(-16.120877960011,2.8288609956615,14.001068008363));
#7749=CARTESIAN_POINT('',(-16.559904975824,2.8788609956615,14.440095024176));
#7750=CARTESIAN_POINT('',(-16.998931991637,2.9288609956615,14.879122039989));
#7751=CARTESIAN_POINT('',(-16.998931991637,2.9788609956615,15.5));
#7752=CARTESIAN_POINT('',(-16.998931991637,3.0288609956615,16.120877960011));
#7753=CARTESIAN_POINT('',(-16.559904975824,3.0788609956615,16.559904975824));
#7754=CARTESIAN_POINT('',(-16.120877960011,3.1288609956615,16.998931991637));
#7755=CARTESIAN_POINT('',(-15.5,3.1788609956615,16.998931991637));
#7756=CARTESIAN_POINT('',(-14.879122039989,3.2288609956615,16.998931991637));
#7757=CARTESIAN_POINT('',(-14.440095024176,3.2788609956615,16.559904975824));
#7758=CARTESIAN_POINT('',(-14.001068008363,3.3288609956615,16.120877960011));
#7759=CARTESIAN_POINT('',(-14.001068008363,3.3788609956615,15.5));
#7760=CARTESIAN_POINT('',(-14.001068008363,3.4288609956615,14.879122039989));
#7761=CARTESIAN_POINT('',(-14.440095024176,3.4788609956615,14.440095024176));
#7762=CARTESIAN_POINT('',(-14.879122039989,3.5288609956615,14.001068008363));
#7763=CARTESIAN_POINT('',(-15.5,3.5788609956615,14.001068008363));
#7764=CARTESIAN_POINT('',(-16.120877960011,3.6288609956615,14.001068008363));
#7765=CARTESIAN_POINT('',(-16.559904975824,3.6788609956615,14.440095024176));
#7766=CARTESIAN_POINT('',(-16.998931991637,3.7288609956615,14.879122039989));
#7767=CARTESIAN_POINT('',(-16.998931991637,3.7788609956615,15.5));
#7768=CARTESIAN_POINT('',(-16.998931991637,3.8288609956615,16.120877960011));
#7769=CARTESIAN_POINT('',(-16.559904975824,3.8788609956615,16.559904975824));
#7770=CARTESIAN_POINT('',(-16.120877960011,3.9288609956615,16.998931991637));
#7771=CARTESIAN_POINT('',(-15.5,3.9788609956615,16.998931991637));
#7772=CARTESIAN_POINT('',(-14.879122039989,4.0288609956615,16.998931991637));
#7773=CARTESIAN_POINT('',(-14.440095024176,4.0788609956615,16.559904975824));
#7774=CARTESIAN_POINT('',(-14.001068008363,4.1288609956615,16.120877960011));
#7775=CARTESIAN_POINT('',(-14.001068008363,4.1788609956615,15.5));
#7776=(BOUNDED_CURVE()B_SPLINE_CURVE(2,(#7701,#7702,#7703,#7704,#7705,#7706,#7707,#7708,#7709,#7710,#7711,#7712,#7713,#7714,#7715,#7716,#7717,#7718,#7719,#7720,#7721,#7722,#7723,#7724,#7725,#7726,#7727,#7728,#7729,#7730,#7731,#7732,#7733,#7734,#7735,#7736,#7737,#7738,#7739,#7740,#7741,#7742,#7743,#7744,#7745,#7746,#7747,#7748,#7749,#7750,#7751,#7752,#7753,#7754,#7755,#7756,#7757,#7758,#7759,#7760,#7761,#7762,#7763,#7764,#7765,#7766,#7767,#7768,#7769,#7770,#7771,#7772,#7773,#7774,#7775),.UNSPECIFIED.,.F.,.U.)B_SPLINE_CURVE_WITH_KNOTS((3,2,2,2,2,2,2,2,2,2,2,2,2,2,2,2,2,2,2,2,2,2,2,2,2,2,2,2,2,2,2,2,2,2,2,2,2,3),(0.15039380827057,0.16666666666667,0.1875,0.20833333333333,0.22916666666667,0.25,0.27083333333333,0.29166666666667,0.3125,0.33333333333333,0.35416666666667,0.375,0.39583333333333,0.41666666666667,0.4375,0.45833333333333,0.47916666666667,0.5,0.52083333333333,0.54166666666667,0.5625,0.58333333333333,0.60416666666667,0.625,0.64583333333333,0.66666666666667,0.6875,0.70833333333333,0.72916666666667,0.75,0.77083333333333,0.79166666666667,0.8125,0.83333333333333,0.85416666666667,0.875,0.89583333333333,0.91666666666667),.UNSPECIFIED.)CURVE()GEOMETRIC_REPRESENTATION_ITEM()RATIONAL_B_SPLINE_CURVE((0.97396918079282,0.94054251575253,1.,0.92387953251129,1.,0.92387953251129,1.,0.92387953251129,1.,0.92387953251129,1.,0.92387953251129,1.,0.92387953251129,1.,0.92387953251129,1.,0.92387953251129,1.,0.92387953251129,1.,0.92387953251129,1.,0.92387953251129,1.,0.92387953251129,1.,0.92387953251129,1.,0.92387953251129,1.,0.92387953251129,1.,0.92387953251129,1.,0.92387953251129,1.,0.92387953251129,1.,0.92387953251129,1.,0.92387953251129,1.,0.92387953251129,1.,0.92387953251129,1.,0.92387953251129,1.,0.92387953251129,1.,0.92387953251129,1.,0.92387953251129,1.,0.92387953251129,1.,0.92387953251129,1.,0.92387953251129,1.,0.92387953251129,1.,0.92387953251129,1.,0.92387953251129,1.,0.92387953251129,1.,0.92387953251129,1.,0.92387953251129,1.,0.92387953251129,1.))REPRESENTATION_ITEM(''));
#7777=EDGE_CURVE('',#7195,#7262,#7776,.T.);
#7778=ORIENTED_EDGE('',*,*,#7777,.T.);
#7779=ORIENTED_EDGE('',*,*,#7268,.F.);
#7780=ORIENTED_EDGE('',*,*,#1972,.F.);
#7781=ORIENTED_EDGE('',*,*,#1732,.F.);
#7782=ORIENTED_EDGE('',*,*,#2021,.F.);
#7783=ORIENTED_EDGE('',*,*,#1784,.F.);
#7784=ORIENTED_EDGE('',*,*,#2055,.F.);
#7785=ORIENTED_EDGE('',*,*,#1836,.F.);
#7786=ORIENTED_EDGE('',*,*,#2089,.F.);
#7787=ORIENTED_EDGE('',*,*,#1888,.F.);
#7788=ORIENTED_EDGE('',*,*,#2123,.F.);
#7789=ORIENTED_EDGE('',*,*,#1938,.F.);
#7790=EDGE_LOOP('',(#7700,#7778,#7779,#7780,#7781,#7782,#7783,#7784,#7785,#7786,#7787,#7788,#7789));
#7791=FACE_OUTER_BOUND('',#7790,.T.);
#7792=ADVANCED_FACE('',(#7791),#7699,.T.);
#7793=CARTESIAN_POINT('',(-14.251068008363,4.6211390043385,15.5));
#7794=CARTESIAN_POINT('',(-14.251068008363,4.5711390043385,16.017324569418));
#7795=CARTESIAN_POINT('',(-14.616871719472,4.5211390043385,16.383128280528));
#7796=CARTESIAN_POINT('',(-14.982675430582,4.4711390043385,16.748931991637));
#7797=CARTESIAN_POINT('',(-15.5,4.4211390043385,16.748931991637));
#7798=CARTESIAN_POINT('',(-16.017324569418,4.3711390043385,16.748931991637));
#7799=CARTESIAN_POINT('',(-16.383128280528,4.3211390043385,16.383128280528));
#7800=CARTESIAN_POINT('',(-16.748931991637,4.2711390043385,16.017324569418));
#7801=CARTESIAN_POINT('',(-16.748931991637,4.2211390043385,15.5));
#7802=CARTESIAN_POINT('',(-16.748931991637,4.1711390043385,14.982675430582));
#7803=CARTESIAN_POINT('',(-16.383128280528,4.1211390043385,14.616871719472));
#7804=CARTESIAN_POINT('',(-16.017324569418,4.0711390043385,14.251068008363));
#7805=CARTESIAN_POINT('',(-15.5,4.0211390043385,14.251068008363));
#7806=CARTESIAN_POINT('',(-14.982675430582,3.9711390043385,14.251068008363));
#7807=CARTESIAN_POINT('',(-14.616871719472,3.9211390043385,14.616871719472));
#7808=CARTESIAN_POINT('',(-14.251068008363,3.8711390043385,14.982675430582));
#7809=CARTESIAN_POINT('',(-14.251068008363,3.8211390043385,15.5));
#7810=CARTESIAN_POINT('',(-14.251068008363,3.7711390043385,16.017324569418));
#7811=CARTESIAN_POINT('',(-14.616871719472,3.7211390043385,16.383128280528));
#7812=CARTESIAN_POINT('',(-14.982675430582,3.6711390043385,16.748931991637));
#7813=CARTESIAN_POINT('',(-15.5,3.6211390043385,16.748931991637));
#7814=CARTESIAN_POINT('',(-16.017324569418,3.5711390043385,16.748931991637));
#7815=CARTESIAN_POINT('',(-16.383128280528,3.5211390043385,16.383128280528));
#7816=CARTESIAN_POINT('',(-16.748931991637,3.4711390043385,16.017324569418));
#7817=CARTESIAN_POINT('',(-16.748931991637,3.4211390043385,15.5));
#7818=CARTESIAN_POINT('',(-16.748931991637,3.3711390043385,14.982675430582));
#7819=CARTESIAN_POINT('',(-16.383128280528,3.3211390043385,14.616871719472));
#7820=CARTESIAN_POINT('',(-16.017324569418,3.2711390043385,14.251068008363));
#7821=CARTESIAN_POINT('',(-15.5,3.2211390043385,14.251068008363));
#7822=CARTESIAN_POINT('',(-14.982675430582,3.1711390043385,14.251068008363));
#7823=CARTESIAN_POINT('',(-14.616871719472,3.1211390043385,14.616871719472));
#7824=CARTESIAN_POINT('',(-14.251068008363,3.0711390043385,14.982675430582));
#7825=CARTESIAN_POINT('',(-14.251068008363,3.0211390043385,15.5));
#7826=CARTESIAN_POINT('',(-14.251068008363,2.9711390043385,16.017324569418));
#7827=CARTESIAN_POINT('',(-14.616871719472,2.9211390043385,16.383128280528));
#7828=CARTESIAN_POINT('',(-14.982675430582,2.8711390043385,16.748931991637));
#7829=CARTESIAN_POINT('',(-15.5,2.8211390043385,16.748931991637));
#7830=CARTESIAN_POINT('',(-16.017324569418,2.7711390043385,16.748931991637));
#7831=CARTESIAN_POINT('',(-16.383128280528,2.7211390043385,16.383128280528));
#7832=CARTESIAN_POINT('',(-16.748931991637,2.6711390043385,16.017324569418));
#7833=CARTESIAN_POINT('',(-16.748931991637,2.6211390043385,15.5));
#7834=CARTESIAN_POINT('',(-16.748931991637,2.5711390043385,14.982675430582));
#7835=CARTESIAN_POINT('',(-16.383128280528,2.5211390043385,14.616871719472));
#7836=CARTESIAN_POINT('',(-16.017324569418,2.4711390043385,14.251068008363));
#7837=CARTESIAN_POINT('',(-15.5,2.4211390043385,14.251068008363));
#7838=CARTESIAN_POINT('',(-14.982675430582,2.3711390043385,14.251068008363));
#7839=CARTESIAN_POINT('',(-14.616871719472,2.3211390043385,14.616871719472));
#7840=CARTESIAN_POINT('',(-14.251068008363,2.2711390043385,14.982675430582));
#7841=CARTESIAN_POINT('',(-14.251068008363,2.2211390043385,15.5));
#7842=CARTESIAN_POINT('',(-14.251068008363,2.1711390043385,16.017324569418));
#7843=CARTESIAN_POINT('',(-14.616871719472,2.1211390043385,16.383128280528));
#7844=CARTESIAN_POINT('',(-14.982675430582,2.0711390043385,16.748931991637));
#7845=CARTESIAN_POINT('',(-15.5,2.0211390043385,16.748931991637));
#7846=CARTESIAN_POINT('',(-16.017324569418,1.9711390043385,16.748931991637));
#7847=CARTESIAN_POINT('',(-16.383128280528,1.9211390043385,16.383128280528));
#7848=CARTESIAN_POINT('',(-16.748931991637,1.8711390043385,16.017324569418));
#7849=CARTESIAN_POINT('',(-16.748931991637,1.8211390043385,15.5));
#7850=CARTESIAN_POINT('',(-16.748931991637,1.7711390043385,14.982675430582));
#7851=CARTESIAN_POINT('',(-16.383128280528,1.7211390043385,14.616871719472));
#7852=CARTESIAN_POINT('',(-16.017324569418,1.6711390043385,14.251068008363));
#7853=CARTESIAN_POINT('',(-15.5,1.6211390043385,14.251068008363));
#7854=CARTESIAN_POINT('',(-14.982675430582,1.5711390043385,14.251068008363));
#7855=CARTESIAN_POINT('',(-14.616871719472,1.5211390043385,14.616871719472));
#7856=CARTESIAN_POINT('',(-14.251068008363,1.4711390043385,14.982675430582));
#7857=CARTESIAN_POINT('',(-14.251068008363,1.4211390043385,15.5));
#7858=CARTESIAN_POINT('',(-14.251068008363,1.3711390043385,16.017324569418));
#7859=CARTESIAN_POINT('',(-14.616871719472,1.3211390043385,16.383128280528));
#7860=CARTESIAN_POINT('',(-14.982675430582,1.2711390043385,16.748931991637));
#7861=CARTESIAN_POINT('',(-15.5,1.2211390043385,16.748931991637));
#7862=CARTESIAN_POINT('',(-16.017324569418,1.1711390043385,16.748931991637));
#7863=CARTESIAN_POINT('',(-16.383128280528,1.1211390043385,16.383128280528));
#7864=CARTESIAN_POINT('',(-16.748931991637,1.0711390043385,16.017324569418));
#7865=CARTESIAN_POINT('',(-16.748931991637,1.0211390043385,15.5));
#7866=CARTESIAN_POINT('',(-16.748931991637,0.97113900433851,14.982675430582));
#7867=CARTESIAN_POINT('',(-16.383128280528,0.92113900433851,14.616871719472));
#7868=CARTESIAN_POINT('',(-16.017324569418,0.87113900433851,14.251068008363));
#7869=CARTESIAN_POINT('',(-15.5,0.82113900433851,14.251068008363));
#7870=CARTESIAN_POINT('',(-14.982675430582,0.77113900433851,14.251068008363));
#7871=CARTESIAN_POINT('',(-14.616871719472,0.72113900433851,14.616871719472));
#7872=CARTESIAN_POINT('',(-14.251068008363,0.67113900433851,14.982675430582));
#7873=CARTESIAN_POINT('',(-14.251068008363,0.62113900433851,15.5));
#7874=CARTESIAN_POINT('',(-14.251068008363,0.57113900433851,16.017324569418));
#7875=CARTESIAN_POINT('',(-14.616871719472,0.52113900433851,16.383128280528));
#7876=CARTESIAN_POINT('',(-14.982675430582,0.47113900433851,16.748931991637));
#7877=CARTESIAN_POINT('',(-15.5,0.42113900433851,16.748931991637));
#7878=CARTESIAN_POINT('',(-16.017324569418,0.37113900433851,16.748931991637));
#7879=CARTESIAN_POINT('',(-16.383128280528,0.32113900433851,16.383128280528));
#7880=CARTESIAN_POINT('',(-16.748931991637,0.27113900433851,16.017324569418));
#7881=CARTESIAN_POINT('',(-16.748931991637,0.22113900433851,15.5));
#7882=CARTESIAN_POINT('',(-14.001068008363,4.6211390043385,15.5));
#7883=CARTESIAN_POINT('',(-14.001068008363,4.5711390043385,16.120877960011));
#7884=CARTESIAN_POINT('',(-14.440095024176,4.5211390043385,16.559904975824));
#7885=CARTESIAN_POINT('',(-14.879122039989,4.4711390043385,16.998931991637));
#7886=CARTESIAN_POINT('',(-15.5,4.4211390043385,16.998931991637));
#7887=CARTESIAN_POINT('',(-16.120877960011,4.3711390043385,16.998931991637));
#7888=CARTESIAN_POINT('',(-16.559904975824,4.3211390043385,16.559904975824));
#7889=CARTESIAN_POINT('',(-16.998931991637,4.2711390043385,16.120877960011));
#7890=CARTESIAN_POINT('',(-16.998931991637,4.2211390043385,15.5));
#7891=CARTESIAN_POINT('',(-16.998931991637,4.1711390043385,14.879122039989));
#7892=CARTESIAN_POINT('',(-16.559904975824,4.1211390043385,14.440095024176));
#7893=CARTESIAN_POINT('',(-16.120877960011,4.0711390043385,14.001068008363));
#7894=CARTESIAN_POINT('',(-15.5,4.0211390043385,14.001068008363));
#7895=CARTESIAN_POINT('',(-14.879122039989,3.9711390043385,14.001068008363));
#7896=CARTESIAN_POINT('',(-14.440095024176,3.9211390043385,14.440095024176));
#7897=CARTESIAN_POINT('',(-14.001068008363,3.8711390043385,14.879122039989));
#7898=CARTESIAN_POINT('',(-14.001068008363,3.8211390043385,15.5));
#7899=CARTESIAN_POINT('',(-14.001068008363,3.7711390043385,16.120877960011));
#7900=CARTESIAN_POINT('',(-14.440095024176,3.7211390043385,16.559904975824));
#7901=CARTESIAN_POINT('',(-14.879122039989,3.6711390043385,16.998931991637));
#7902=CARTESIAN_POINT('',(-15.5,3.6211390043385,16.998931991637));
#7903=CARTESIAN_POINT('',(-16.120877960011,3.5711390043385,16.998931991637));
#7904=CARTESIAN_POINT('',(-16.559904975824,3.5211390043385,16.559904975824));
#7905=CARTESIAN_POINT('',(-16.998931991637,3.4711390043385,16.120877960011));
#7906=CARTESIAN_POINT('',(-16.998931991637,3.4211390043385,15.5));
#7907=CARTESIAN_POINT('',(-16.998931991637,3.3711390043385,14.879122039989));
#7908=CARTESIAN_POINT('',(-16.559904975824,3.3211390043385,14.440095024176));
#7909=CARTESIAN_POINT('',(-16.120877960011,3.2711390043385,14.001068008363));
#7910=CARTESIAN_POINT('',(-15.5,3.2211390043385,14.001068008363));
#7911=CARTESIAN_POINT('',(-14.879122039989,3.1711390043385,14.001068008363));
#7912=CARTESIAN_POINT('',(-14.440095024176,3.1211390043385,14.440095024176));
#7913=CARTESIAN_POINT('',(-14.001068008363,3.0711390043385,14.879122039989));
#7914=CARTESIAN_POINT('',(-14.001068008363,3.0211390043385,15.5));
#7915=CARTESIAN_POINT('',(-14.001068008363,2.9711390043385,16.120877960011));
#7916=CARTESIAN_POINT('',(-14.440095024176,2.9211390043385,16.559904975824));
#7917=CARTESIAN_POINT('',(-14.879122039989,2.8711390043385,16.998931991637));
#7918=CARTESIAN_POINT('',(-15.5,2.8211390043385,16.998931991637));
#7919=CARTESIAN_POINT('',(-16.120877960011,2.7711390043385,16.998931991637));
#7920=CARTESIAN_POINT('',(-16.559904975824,2.7211390043385,16.559904975824));
#7921=CARTESIAN_POINT('',(-16.998931991637,2.6711390043385,16.120877960011));
#7922=CARTESIAN_POINT('',(-16.998931991637,2.6211390043385,15.5));
#7923=CARTESIAN_POINT('',(-16.998931991637,2.5711390043385,14.879122039989));
#7924=CARTESIAN_POINT('',(-16.559904975824,2.5211390043385,14.440095024176));
#7925=CARTESIAN_POINT('',(-16.120877960011,2.4711390043385,14.001068008363));
#7926=CARTESIAN_POINT('',(-15.5,2.4211390043385,14.001068008363));
#7927=CARTESIAN_POINT('',(-14.879122039989,2.3711390043385,14.001068008363));
#7928=CARTESIAN_POINT('',(-14.440095024176,2.3211390043385,14.440095024176));
#7929=CARTESIAN_POINT('',(-14.001068008363,2.2711390043385,14.879122039989));
#7930=CARTESIAN_POINT('',(-14.001068008363,2.2211390043385,15.5));
#7931=CARTESIAN_POINT('',(-14.001068008363,2.1711390043385,16.120877960011));
#7932=CARTESIAN_POINT('',(-14.440095024176,2.1211390043385,16.559904975824));
#7933=CARTESIAN_POINT('',(-14.879122039989,2.0711390043385,16.998931991637));
#7934=CARTESIAN_POINT('',(-15.5,2.0211390043385,16.998931991637));
#7935=CARTESIAN_POINT('',(-16.120877960011,1.9711390043385,16.998931991637));
#7936=CARTESIAN_POINT('',(-16.559904975824,1.9211390043385,16.559904975824));
#7937=CARTESIAN_POINT('',(-16.998931991637,1.8711390043385,16.120877960011));
#7938=CARTESIAN_POINT('',(-16.998931991637,1.8211390043385,15.5));
#7939=CARTESIAN_POINT('',(-16.998931991637,1.7711390043385,14.879122039989));
#7940=CARTESIAN_POINT('',(-16.559904975824,1.7211390043385,14.440095024176));
#7941=CARTESIAN_POINT('',(-16.120877960011,1.6711390043385,14.001068008363));
#7942=CARTESIAN_POINT('',(-15.5,1.6211390043385,14.001068008363));
#7943=CARTESIAN_POINT('',(-14.879122039989,1.5711390043385,14.001068008363));
#7944=CARTESIAN_POINT('',(-14.440095024176,1.5211390043385,14.440095024176));
#7945=CARTESIAN_POINT('',(-14.001068008363,1.4711390043385,14.879122039989));
#7946=CARTESIAN_POINT('',(-14.001068008363,1.4211390043385,15.5));
#7947=CARTESIAN_POINT('',(-14.001068008363,1.3711390043385,16.120877960011));
#7948=CARTESIAN_POINT('',(-14.440095024176,1.3211390043385,16.559904975824));
#7949=CARTESIAN_POINT('',(-14.879122039989,1.2711390043385,16.998931991637));
#7950=CARTESIAN_POINT('',(-15.5,1.2211390043385,16.998931991637));
#7951=CARTESIAN_POINT('',(-16.120877960011,1.1711390043385,16.998931991637));
#7952=CARTESIAN_POINT('',(-16.559904975824,1.1211390043385,16.559904975824));
#7953=CARTESIAN_POINT('',(-16.998931991637,1.0711390043385,16.120877960011));
#7954=CARTESIAN_POINT('',(-16.998931991637,1.0211390043385,15.5));
#7955=CARTESIAN_POINT('',(-16.998931991637,0.97113900433851,14.879122039989));
#7956=CARTESIAN_POINT('',(-16.559904975824,0.92113900433851,14.440095024176));
#7957=CARTESIAN_POINT('',(-16.120877960011,0.87113900433851,14.001068008363));
#7958=CARTESIAN_POINT('',(-15.5,0.82113900433851,14.001068008363));
#7959=CARTESIAN_POINT('',(-14.879122039989,0.77113900433851,14.001068008363));
#7960=CARTESIAN_POINT('',(-14.440095024176,0.72113900433851,14.440095024176));
#7961=CARTESIAN_POINT('',(-14.001068008363,0.67113900433851,14.879122039989));
#7962=CARTESIAN_POINT('',(-14.001068008363,0.62113900433851,15.5));
#7963=CARTESIAN_POINT('',(-14.001068008363,0.57113900433851,16.120877960011));
#7964=CARTESIAN_POINT('',(-14.440095024176,0.52113900433851,16.559904975824));
#7965=CARTESIAN_POINT('',(-14.879122039989,0.47113900433851,16.998931991637));
#7966=CARTESIAN_POINT('',(-15.5,0.42113900433851,16.998931991637));
#7967=CARTESIAN_POINT('',(-16.120877960011,0.37113900433851,16.998931991637));
#7968=CARTESIAN_POINT('',(-16.559904975824,0.32113900433851,16.559904975824));
#7969=CARTESIAN_POINT('',(-16.998931991637,0.27113900433851,16.120877960011));
#7970=CARTESIAN_POINT('',(-16.998931991637,0.22113900433851,15.5));
#7971=(BOUNDED_SURFACE()B_SPLINE_SURFACE(1,2,((#7793,#7794,#7795,#7796,#7797,#7798,#7799,#7800,#7801,#7802,#7803,#7804,#7805,#7806,#7807,#7808,#7809,#7810,#7811,#7812,#7813,#7814,#7815,#7816,#7817,#7818,#7819,#7820,#7821,#7822,#7823,#7824,#7825,#7826,#7827,#7828,#7829,#7830,#7831,#7832,#7833,#7834,#7835,#7836,#7837,#7838,#7839,#7840,#7841,#7842,#7843,#7844,#7845,#7846,#7847,#7848,#7849,#7850,#7851,#7852,#7853,#7854,#7855,#7856,#7857,#7858,#7859,#7860,#7861,#7862,#7863,#7864,#7865,#7866,#7867,#7868,#7869,#7870,#7871,#7872,#7873,#7874,#7875,#7876,#7877,#7878,#7879,#7880,#7881),(#7882,#7883,#7884,#7885,#7886,#7887,#7888,#7889,#7890,#7891,#7892,#7893,#7894,#7895,#7896,#7897,#7898,#7899,#7900,#7901,#7902,#7903,#7904,#7905,#7906,#7907,#7908,#7909,#7910,#7911,#7912,#7913,#7914,#7915,#7916,#7917,#7918,#7919,#7920,#7921,#7922,#7923,#7924,#7925,#7926,#7927,#7928,#7929,#7930,#7931,#7932,#7933,#7934,#7935,#7936,#7937,#7938,#7939,#7940,#7941,#7942,#7943,#7944,#7945,#7946,#7947,#7948,#7949,#7950,#7951,#7952,#7953,#7954,#7955,#7956,#7957,#7958,#7959,#7960,#7961,#7962,#7963,#7964,#7965,#7966,#7967,#7968,#7969,#7970)),.UNSPECIFIED.,.F.,.F.,.U.)B_SPLINE_SURFACE_WITH_KNOTS((2,2),(3,2,2,2,2,2,2,2,2,2,2,2,2,2,2,2,2,2,2,2,2,2,2,2,2,2,2,2,2,2,2,2,2,2,2,2,2,2,2,2,2,2,2,2,3),(0.,0.25),(0.,1.0394704615781,2.0789409231563,3.1184113847344,4.1578818463126,5.1973523078907,6.2368227694689,7.276293231047,8.3157636926252,9.3552341542033,10.394704615781,11.43417507736,12.473645538938,13.513116000516,14.552586462094,15.592056923672,16.63152738525,17.670997846828,18.710468308407,19.749938769985,20.789409231563,21.828879693141,22.868350154719,23.907820616297,24.947291077876,25.986761539454,27.026232001032,28.06570246261,29.105172924188,30.144643385766,31.184113847344,32.223584308923,33.263054770501,34.302525232079,35.341995693657,36.381466155235,37.420936616813,38.460407078391,39.49987753997,40.539348001548,41.578818463126,42.618288924704,43.657759386282,44.69722984786,45.736700309438),.UNSPECIFIED.)GEOMETRIC_REPRESENTATION_ITEM()RATIONAL_B_SPLINE_SURFACE(((1.,0.92387953251129,1.,0.92387953251129,1.,0.92387953251129,1.,0.92387953251129,1.,0.92387953251129,1.,0.92387953251129,1.,0.92387953251129,1.,0.92387953251129,1.,0.92387953251129,1.,0.92387953251129,1.,0.92387953251129,1.,0.92387953251129,1.,0.92387953251129,1.,0.92387953251129,1.,0.92387953251129,1.,0.92387953251129,1.,0.92387953251129,1.,0.92387953251129,1.,0.92387953251129,1.,0.92387953251129,1.,0.92387953251129,1.,0.92387953251129,1.,0.92387953251129,1.,0.92387953251129,1.,0.92387953251129,1.,0.92387953251129,1.,0.92387953251129,1.,0.92387953251129,1.,0.92387953251129,1.,0.92387953251129,1.,0.92387953251129,1.,0.92387953251129,1.,0.92387953251129,1.,0.92387953251129,1.,0.92387953251129,1.,0.92387953251129,1.,0.92387953251129,1.,0.92387953251129,1.,0.92387953251129,1.,0.92387953251129,1.,0.92387953251129,1.,0.92387953251129,1.,0.92387953251129,1.,0.92387953251129,1.),(1.,0.92387953251129,1.,0.92387953251129,1.,0.92387953251129,1.,0.92387953251129,1.,0.92387953251129,1.,0.92387953251129,1.,0.92387953251129,1.,0.92387953251129,1.,0.92387953251129,1.,0.92387953251129,1.,0.92387953251129,1.,0.92387953251129,1.,0.92387953251129,1.,0.92387953251129,1.,0.92387953251129,1.,0.92387953251129,1.,0.92387953251129,1.,0.92387953251129,1.,0.92387953251129,1.,0.92387953251129,1.,0.92387953251129,1.,0.92387953251129,1.,0.92387953251129,1.,0.92387953251129,1.,0.92387953251129,1.,0.92387953251129,1.,0.92387953251129,1.,0.92387953251129,1.,0.92387953251129,1.,0.92387953251129,1.,0.92387953251129,1.,0.92387953251129,1.,0.92387953251129,1.,0.92387953251129,1.,0.92387953251129,1.,0.92387953251129,1.,0.92387953251129,1.,0.92387953251129,1.,0.92387953251129,1.,0.92387953251129,1.,0.92387953251129,1.,0.92387953251129,1.,0.92387953251129,1.,0.92387953251129,1.)))REPRESENTATION_ITEM('')SURFACE());
#7972=ORIENTED_EDGE('',*,*,#7210,.F.);
#7973=ORIENTED_EDGE('',*,*,#2138,.F.);
#7974=ORIENTED_EDGE('',*,*,#1910,.F.);
#7975=ORIENTED_EDGE('',*,*,#2102,.F.);
#7976=ORIENTED_EDGE('',*,*,#1858,.F.);
#7977=ORIENTED_EDGE('',*,*,#2068,.F.);
#7978=ORIENTED_EDGE('',*,*,#1806,.F.);
#7979=ORIENTED_EDGE('',*,*,#2034,.F.);
#7980=ORIENTED_EDGE('',*,*,#1754,.F.);
#7981=ORIENTED_EDGE('',*,*,#2000,.F.);
#7982=ORIENTED_EDGE('',*,*,#1702,.F.);
#7983=CARTESIAN_POINT('',(-15.5,4.4211390043385,16.75));
#7984=CARTESIAN_POINT('',(-15.102738640669,4.4595019547986,16.75));
#7985=CARTESIAN_POINT('',(-14.778364368008,4.5,16.52065763831));
#7986=(BOUNDED_CURVE()B_SPLINE_CURVE(2,(#7983,#7984,#7985),.UNSPECIFIED.,.F.,.U.)B_SPLINE_CURVE_WITH_KNOTS((3,3),(0.025393808270912,0.041666666666667),.UNSPECIFIED.)CURVE()GEOMETRIC_REPRESENTATION_ITEM()RATIONAL_B_SPLINE_CURVE((1.,0.9405425157538,0.9739691807914))REPRESENTATION_ITEM(''));
#7987=EDGE_CURVE('',#1683,#7479,#7986,.T.);
#7988=ORIENTED_EDGE('',*,*,#7987,.T.);
#7989=ORIENTED_EDGE('',*,*,#7498,.F.);
#7990=ORIENTED_EDGE('',*,*,#7286,.F.);
#7991=CARTESIAN_POINT('',(-14.001068008363,4.6211390043385,15.5));
#7992=CARTESIAN_POINT('',(-14.001068008363,4.5711390043385,16.120877960011));
#7993=CARTESIAN_POINT('',(-14.440095024176,4.5211390043385,16.559904975824));
#7994=CARTESIAN_POINT('',(-14.879122039989,4.4711390043385,16.998931991637));
#7995=CARTESIAN_POINT('',(-15.5,4.4211390043385,16.998931991637));
#7996=CARTESIAN_POINT('',(-16.120877960011,4.3711390043385,16.998931991637));
#7997=CARTESIAN_POINT('',(-16.559904975824,4.3211390043385,16.559904975824));
#7998=CARTESIAN_POINT('',(-16.998931991637,4.2711390043385,16.120877960011));
#7999=CARTESIAN_POINT('',(-16.998931991637,4.2211390043385,15.5));
#8000=CARTESIAN_POINT('',(-16.998931991637,4.1711390043385,14.879122039989));
#8001=CARTESIAN_POINT('',(-16.559904975824,4.1211390043385,14.440095024176));
#8002=CARTESIAN_POINT('',(-16.120877960011,4.0711390043385,14.001068008363));
#8003=CARTESIAN_POINT('',(-15.5,4.0211390043385,14.001068008363));
#8004=CARTESIAN_POINT('',(-14.879122039989,3.9711390043385,14.001068008363));
#8005=CARTESIAN_POINT('',(-14.440095024176,3.9211390043385,14.440095024176));
#8006=CARTESIAN_POINT('',(-14.001068008363,3.8711390043385,14.879122039989));
#8007=CARTESIAN_POINT('',(-14.001068008363,3.8211390043385,15.5));
#8008=CARTESIAN_POINT('',(-14.001068008363,3.7711390043385,16.120877960011));
#8009=CARTESIAN_POINT('',(-14.440095024176,3.7211390043385,16.559904975824));
#8010=CARTESIAN_POINT('',(-14.879122039989,3.6711390043385,16.998931991637));
#8011=CARTESIAN_POINT('',(-15.5,3.6211390043385,16.998931991637));
#8012=CARTESIAN_POINT('',(-16.120877960011,3.5711390043385,16.998931991637));
#8013=CARTESIAN_POINT('',(-16.559904975824,3.5211390043385,16.559904975824));
#8014=CARTESIAN_POINT('',(-16.998931991637,3.4711390043385,16.120877960011));
#8015=CARTESIAN_POINT('',(-16.998931991637,3.4211390043385,15.5));
#8016=CARTESIAN_POINT('',(-16.998931991637,3.3711390043385,14.879122039989));
#8017=CARTESIAN_POINT('',(-16.559904975824,3.3211390043385,14.440095024176));
#8018=CARTESIAN_POINT('',(-16.120877960011,3.2711390043385,14.001068008363));
#8019=CARTESIAN_POINT('',(-15.5,3.2211390043385,14.001068008363));
#8020=CARTESIAN_POINT('',(-14.879122039989,3.1711390043385,14.001068008363));
#8021=CARTESIAN_POINT('',(-14.440095024176,3.1211390043385,14.440095024176));
#8022=CARTESIAN_POINT('',(-14.001068008363,3.0711390043385,14.879122039989));
#8023=CARTESIAN_POINT('',(-14.001068008363,3.0211390043385,15.5));
#8024=CARTESIAN_POINT('',(-14.001068008363,2.9711390043385,16.120877960011));
#8025=CARTESIAN_POINT('',(-14.440095024176,2.9211390043385,16.559904975824));
#8026=CARTESIAN_POINT('',(-14.879122039989,2.8711390043385,16.998931991637));
#8027=CARTESIAN_POINT('',(-15.5,2.8211390043385,16.998931991637));
#8028=CARTESIAN_POINT('',(-16.120877960011,2.7711390043385,16.998931991637));
#8029=CARTESIAN_POINT('',(-16.559904975824,2.7211390043385,16.559904975824));
#8030=CARTESIAN_POINT('',(-16.998931991637,2.6711390043385,16.120877960011));
#8031=CARTESIAN_POINT('',(-16.998931991637,2.6211390043385,15.5));
#8032=CARTESIAN_POINT('',(-16.998931991637,2.5711390043385,14.879122039989));
#8033=CARTESIAN_POINT('',(-16.559904975824,2.5211390043385,14.440095024176));
#8034=CARTESIAN_POINT('',(-16.120877960011,2.4711390043385,14.001068008363));
#8035=CARTESIAN_POINT('',(-15.5,2.4211390043385,14.001068008363));
#8036=CARTESIAN_POINT('',(-14.879122039989,2.3711390043385,14.001068008363));
#8037=CARTESIAN_POINT('',(-14.440095024176,2.3211390043385,14.440095024176));
#8038=CARTESIAN_POINT('',(-14.001068008363,2.2711390043385,14.879122039989));
#8039=CARTESIAN_POINT('',(-14.001068008363,2.2211390043385,15.5));
#8040=CARTESIAN_POINT('',(-14.001068008363,2.1711390043385,16.120877960011));
#8041=CARTESIAN_POINT('',(-14.440095024176,2.1211390043385,16.559904975824));
#8042=CARTESIAN_POINT('',(-14.879122039989,2.0711390043385,16.998931991637));
#8043=CARTESIAN_POINT('',(-15.5,2.0211390043385,16.998931991637));
#8044=CARTESIAN_POINT('',(-16.120877960011,1.9711390043385,16.998931991637));
#8045=CARTESIAN_POINT('',(-16.559904975824,1.9211390043385,16.559904975824));
#8046=CARTESIAN_POINT('',(-16.998931991637,1.8711390043385,16.120877960011));
#8047=CARTESIAN_POINT('',(-16.998931991637,1.8211390043385,15.5));
#8048=CARTESIAN_POINT('',(-16.998931991637,1.7711390043385,14.879122039989));
#8049=CARTESIAN_POINT('',(-16.559904975824,1.7211390043385,14.440095024176));
#8050=CARTESIAN_POINT('',(-16.120877960011,1.6711390043385,14.001068008363));
#8051=CARTESIAN_POINT('',(-15.5,1.6211390043385,14.001068008363));
#8052=CARTESIAN_POINT('',(-14.879122039989,1.5711390043385,14.001068008363));
#8053=CARTESIAN_POINT('',(-14.440095024176,1.5211390043385,14.440095024176));
#8054=CARTESIAN_POINT('',(-14.001068008363,1.4711390043385,14.879122039989));
#8055=CARTESIAN_POINT('',(-14.001068008363,1.4211390043385,15.5));
#8056=CARTESIAN_POINT('',(-14.001068008363,1.3711390043385,16.120877960011));
#8057=CARTESIAN_POINT('',(-14.440095024176,1.3211390043385,16.559904975824));
#8058=CARTESIAN_POINT('',(-14.879122039989,1.2711390043385,16.998931991637));
#8059=CARTESIAN_POINT('',(-15.5,1.2211390043385,16.998931991637));
#8060=CARTESIAN_POINT('',(-16.120877960011,1.1711390043385,16.998931991637));
#8061=CARTESIAN_POINT('',(-16.559904975824,1.1211390043385,16.559904975824));
#8062=CARTESIAN_POINT('',(-16.998931991637,1.0711390043385,16.120877960011));
#8063=CARTESIAN_POINT('',(-16.998931991637,1.0211390043385,15.5));
#8064=CARTESIAN_POINT('',(-16.998931991637,0.97113900433851,14.879122039989));
#8065=CARTESIAN_POINT('',(-16.559904975824,0.92113900433851,14.440095024176));
#8066=CARTESIAN_POINT('',(-16.120877960011,0.87113900433851,14.001068008363));
#8067=CARTESIAN_POINT('',(-15.5,0.82113900433851,14.001068008363));
#8068=CARTESIAN_POINT('',(-14.879122039989,0.77113900433851,14.001068008363));
#8069=CARTESIAN_POINT('',(-14.440095024176,0.72113900433851,14.440095024176));
#8070=CARTESIAN_POINT('',(-14.001068008363,0.67113900433851,14.879122039989));
#8071=CARTESIAN_POINT('',(-14.001068008363,0.62113900433851,15.5));
#8072=CARTESIAN_POINT('',(-14.001068008363,0.57113900433851,16.120877960011));
#8073=CARTESIAN_POINT('',(-14.440095024176,0.52113900433851,16.559904975824));
#8074=CARTESIAN_POINT('',(-14.530388321788,0.51085566249847,16.650198273437));
#8075=CARTESIAN_POINT('',(-14.634653811921,0.5,16.723917109257));
#8076=(BOUNDED_CURVE()B_SPLINE_CURVE(2,(#7991,#7992,#7993,#7994,#7995,#7996,#7997,#7998,#7999,#8000,#8001,#8002,#8003,#8004,#8005,#8006,#8007,#8008,#8009,#8010,#8011,#8012,#8013,#8014,#8015,#8016,#8017,#8018,#8019,#8020,#8021,#8022,#8023,#8024,#8025,#8026,#8027,#8028,#8029,#8030,#8031,#8032,#8033,#8034,#8035,#8036,#8037,#8038,#8039,#8040,#8041,#8042,#8043,#8044,#8045,#8046,#8047,#8048,#8049,#8050,#8051,#8052,#8053,#8054,#8055,#8056,#8057,#8058,#8059,#8060,#8061,#8062,#8063,#8064,#8065,#8066,#8067,#8068,#8069,#8070,#8071,#8072,#8073,#8074,#8075),.UNSPECIFIED.,.F.,.U.)B_SPLINE_CURVE_WITH_KNOTS((3,2,2,2,2,2,2,2,2,2,2,2,2,2,2,2,2,2,2,2,2,2,2,2,2,2,2,2,2,2,2,2,2,2,2,2,2,2,2,2,2,2,3),(0.057939525062768,0.078772858396101,0.099606191729435,0.12043952506277,0.1412728583961,0.16210619172943,0.18293952506277,0.2037728583961,0.22460619172943,0.24543952506277,0.2662728583961,0.28710619172943,0.30793952506277,0.3287728583961,0.34960619172943,0.37043952506277,0.3912728583961,0.41210619172943,0.43293952506277,0.4537728583961,0.47460619172943,0.49543952506277,0.5162728583961,0.53710619172943,0.55793952506277,0.5787728583961,0.59960619172943,0.62043952506277,0.6412728583961,0.66210619172943,0.68293952506277,0.7037728583961,0.72460619172943,0.74543952506277,0.7662728583961,0.78710619172943,0.80793952506277,0.8287728583961,0.84960619172943,0.87043952506277,0.8912728583961,0.91210619172943,0.91666666666667),.UNSPECIFIED.)CURVE()GEOMETRIC_REPRESENTATION_ITEM()RATIONAL_B_SPLINE_CURVE((1.,0.92387953251129,1.,0.92387953251129,1.,0.92387953251129,1.,0.92387953251129,1.,0.92387953251129,1.,0.92387953251129,1.,0.92387953251129,1.,0.92387953251129,1.,0.92387953251129,1.,0.92387953251129,1.,0.92387953251129,1.,0.92387953251129,1.,0.92387953251129,1.,0.92387953251129,1.,0.92387953251129,1.,0.92387953251129,1.,0.92387953251129,1.,0.92387953251129,1.,0.92387953251129,1.,0.92387953251129,1.,0.92387953251129,1.,0.92387953251129,1.,0.92387953251129,1.,0.92387953251129,1.,0.92387953251129,1.,0.92387953251129,1.,0.92387953251129,1.,0.92387953251129,1.,0.92387953251129,1.,0.92387953251129,1.,0.92387953251129,1.,0.92387953251129,1.,0.92387953251129,1.,0.92387953251129,1.,0.92387953251129,1.,0.92387953251129,1.,0.92387953251129,1.,0.92387953251129,1.,0.92387953251129,1.,0.92387953251129,1.,0.92387953251129,1.,0.98333701675875,0.97396918079282))REPRESENTATION_ITEM(''));
#8077=EDGE_CURVE('',#7271,#7205,#8076,.T.);
#8078=ORIENTED_EDGE('',*,*,#8077,.T.);
#8079=EDGE_LOOP('',(#7972,#7973,#7974,#7975,#7976,#7977,#7978,#7979,#7980,#7981,#7982,#7988,#7989,#7990,#8078));
#8080=FACE_OUTER_BOUND('',#8079,.T.);
#8081=ADVANCED_FACE('',(#8080),#7971,.T.);
#8082=CARTESIAN_POINT('',(-14.001068008363,4.6211390043385,15.5));
#8083=CARTESIAN_POINT('',(-14.001068008363,4.5711390043385,16.120877960011));
#8084=CARTESIAN_POINT('',(-14.440095024176,4.5211390043385,16.559904975824));
#8085=CARTESIAN_POINT('',(-14.879122039989,4.4711390043385,16.998931991637));
#8086=CARTESIAN_POINT('',(-15.5,4.4211390043385,16.998931991637));
#8087=CARTESIAN_POINT('',(-16.120877960011,4.3711390043385,16.998931991637));
#8088=CARTESIAN_POINT('',(-16.559904975824,4.3211390043385,16.559904975824));
#8089=CARTESIAN_POINT('',(-16.998931991637,4.2711390043385,16.120877960011));
#8090=CARTESIAN_POINT('',(-16.998931991637,4.2211390043385,15.5));
#8091=CARTESIAN_POINT('',(-16.998931991637,4.1711390043385,14.879122039989));
#8092=CARTESIAN_POINT('',(-16.559904975824,4.1211390043385,14.440095024176));
#8093=CARTESIAN_POINT('',(-16.120877960011,4.0711390043385,14.001068008363));
#8094=CARTESIAN_POINT('',(-15.5,4.0211390043385,14.001068008363));
#8095=CARTESIAN_POINT('',(-14.879122039989,3.9711390043385,14.001068008363));
#8096=CARTESIAN_POINT('',(-14.440095024176,3.9211390043385,14.440095024176));
#8097=CARTESIAN_POINT('',(-14.001068008363,3.8711390043385,14.879122039989));
#8098=CARTESIAN_POINT('',(-14.001068008363,3.8211390043385,15.5));
#8099=CARTESIAN_POINT('',(-14.001068008363,3.7711390043385,16.120877960011));
#8100=CARTESIAN_POINT('',(-14.440095024176,3.7211390043385,16.559904975824));
#8101=CARTESIAN_POINT('',(-14.879122039989,3.6711390043385,16.998931991637));
#8102=CARTESIAN_POINT('',(-15.5,3.6211390043385,16.998931991637));
#8103=CARTESIAN_POINT('',(-16.120877960011,3.5711390043385,16.998931991637));
#8104=CARTESIAN_POINT('',(-16.559904975824,3.5211390043385,16.559904975824));
#8105=CARTESIAN_POINT('',(-16.998931991637,3.4711390043385,16.120877960011));
#8106=CARTESIAN_POINT('',(-16.998931991637,3.4211390043385,15.5));
#8107=CARTESIAN_POINT('',(-16.998931991637,3.3711390043385,14.879122039989));
#8108=CARTESIAN_POINT('',(-16.559904975824,3.3211390043385,14.440095024176));
#8109=CARTESIAN_POINT('',(-16.120877960011,3.2711390043385,14.001068008363));
#8110=CARTESIAN_POINT('',(-15.5,3.2211390043385,14.001068008363));
#8111=CARTESIAN_POINT('',(-14.879122039989,3.1711390043385,14.001068008363));
#8112=CARTESIAN_POINT('',(-14.440095024176,3.1211390043385,14.440095024176));
#8113=CARTESIAN_POINT('',(-14.001068008363,3.0711390043385,14.879122039989));
#8114=CARTESIAN_POINT('',(-14.001068008363,3.0211390043385,15.5));
#8115=CARTESIAN_POINT('',(-14.001068008363,2.9711390043385,16.120877960011));
#8116=CARTESIAN_POINT('',(-14.440095024176,2.9211390043385,16.559904975824));
#8117=CARTESIAN_POINT('',(-14.879122039989,2.8711390043385,16.998931991637));
#8118=CARTESIAN_POINT('',(-15.5,2.8211390043385,16.998931991637));
#8119=CARTESIAN_POINT('',(-16.120877960011,2.7711390043385,16.998931991637));
#8120=CARTESIAN_POINT('',(-16.559904975824,2.7211390043385,16.559904975824));
#8121=CARTESIAN_POINT('',(-16.998931991637,2.6711390043385,16.120877960011));
#8122=CARTESIAN_POINT('',(-16.998931991637,2.6211390043385,15.5));
#8123=CARTESIAN_POINT('',(-16.998931991637,2.5711390043385,14.879122039989));
#8124=CARTESIAN_POINT('',(-16.559904975824,2.5211390043385,14.440095024176));
#8125=CARTESIAN_POINT('',(-16.120877960011,2.4711390043385,14.001068008363));
#8126=CARTESIAN_POINT('',(-15.5,2.4211390043385,14.001068008363));
#8127=CARTESIAN_POINT('',(-14.879122039989,2.3711390043385,14.001068008363));
#8128=CARTESIAN_POINT('',(-14.440095024176,2.3211390043385,14.440095024176));
#8129=CARTESIAN_POINT('',(-14.001068008363,2.2711390043385,14.879122039989));
#8130=CARTESIAN_POINT('',(-14.001068008363,2.2211390043385,15.5));
#8131=CARTESIAN_POINT('',(-14.001068008363,2.1711390043385,16.120877960011));
#8132=CARTESIAN_POINT('',(-14.440095024176,2.1211390043385,16.559904975824));
#8133=CARTESIAN_POINT('',(-14.879122039989,2.0711390043385,16.998931991637));
#8134=CARTESIAN_POINT('',(-15.5,2.0211390043385,16.998931991637));
#8135=CARTESIAN_POINT('',(-16.120877960011,1.9711390043385,16.998931991637));
#8136=CARTESIAN_POINT('',(-16.559904975824,1.9211390043385,16.559904975824));
#8137=CARTESIAN_POINT('',(-16.998931991637,1.8711390043385,16.120877960011));
#8138=CARTESIAN_POINT('',(-16.998931991637,1.8211390043385,15.5));
#8139=CARTESIAN_POINT('',(-16.998931991637,1.7711390043385,14.879122039989));
#8140=CARTESIAN_POINT('',(-16.559904975824,1.7211390043385,14.440095024176));
#8141=CARTESIAN_POINT('',(-16.120877960011,1.6711390043385,14.001068008363));
#8142=CARTESIAN_POINT('',(-15.5,1.6211390043385,14.001068008363));
#8143=CARTESIAN_POINT('',(-14.879122039989,1.5711390043385,14.001068008363));
#8144=CARTESIAN_POINT('',(-14.440095024176,1.5211390043385,14.440095024176));
#8145=CARTESIAN_POINT('',(-14.001068008363,1.4711390043385,14.879122039989));
#8146=CARTESIAN_POINT('',(-14.001068008363,1.4211390043385,15.5));
#8147=CARTESIAN_POINT('',(-14.001068008363,1.3711390043385,16.120877960011));
#8148=CARTESIAN_POINT('',(-14.440095024176,1.3211390043385,16.559904975824));
#8149=CARTESIAN_POINT('',(-14.879122039989,1.2711390043385,16.998931991637));
#8150=CARTESIAN_POINT('',(-15.5,1.2211390043385,16.998931991637));
#8151=CARTESIAN_POINT('',(-16.120877960011,1.1711390043385,16.998931991637));
#8152=CARTESIAN_POINT('',(-16.559904975824,1.1211390043385,16.559904975824));
#8153=CARTESIAN_POINT('',(-16.998931991637,1.0711390043385,16.120877960011));
#8154=CARTESIAN_POINT('',(-16.998931991637,1.0211390043385,15.5));
#8155=CARTESIAN_POINT('',(-16.998931991637,0.97113900433851,14.879122039989));
#8156=CARTESIAN_POINT('',(-16.559904975824,0.92113900433851,14.440095024176));
#8157=CARTESIAN_POINT('',(-16.120877960011,0.87113900433851,14.001068008363));
#8158=CARTESIAN_POINT('',(-15.5,0.82113900433851,14.001068008363));
#8159=CARTESIAN_POINT('',(-14.879122039989,0.77113900433851,14.001068008363));
#8160=CARTESIAN_POINT('',(-14.440095024176,0.72113900433851,14.440095024176));
#8161=CARTESIAN_POINT('',(-14.001068008363,0.67113900433851,14.879122039989));
#8162=CARTESIAN_POINT('',(-14.001068008363,0.62113900433851,15.5));
#8163=CARTESIAN_POINT('',(-14.001068008363,0.57113900433851,16.120877960011));
#8164=CARTESIAN_POINT('',(-14.440095024176,0.52113900433851,16.559904975824));
#8165=CARTESIAN_POINT('',(-14.879122039989,0.47113900433851,16.998931991637));
#8166=CARTESIAN_POINT('',(-15.5,0.42113900433851,16.998931991637));
#8167=CARTESIAN_POINT('',(-16.120877960011,0.37113900433851,16.998931991637));
#8168=CARTESIAN_POINT('',(-16.559904975824,0.32113900433851,16.559904975824));
#8169=CARTESIAN_POINT('',(-16.998931991637,0.27113900433851,16.120877960011));
#8170=CARTESIAN_POINT('',(-16.998931991637,0.22113900433851,15.5));
#8171=CARTESIAN_POINT('',(-14.001068008363,4.1788609956615,15.5));
#8172=CARTESIAN_POINT('',(-14.001068008363,4.1288609956615,16.120877960011));
#8173=CARTESIAN_POINT('',(-14.440095024176,4.0788609956615,16.559904975824));
#8174=CARTESIAN_POINT('',(-14.879122039989,4.0288609956615,16.998931991637));
#8175=CARTESIAN_POINT('',(-15.5,3.9788609956615,16.998931991637));
#8176=CARTESIAN_POINT('',(-16.120877960011,3.9288609956615,16.998931991637));
#8177=CARTESIAN_POINT('',(-16.559904975824,3.8788609956615,16.559904975824));
#8178=CARTESIAN_POINT('',(-16.998931991637,3.8288609956615,16.120877960011));
#8179=CARTESIAN_POINT('',(-16.998931991637,3.7788609956615,15.5));
#8180=CARTESIAN_POINT('',(-16.998931991637,3.7288609956615,14.879122039989));
#8181=CARTESIAN_POINT('',(-16.559904975824,3.6788609956615,14.440095024176));
#8182=CARTESIAN_POINT('',(-16.120877960011,3.6288609956615,14.001068008363));
#8183=CARTESIAN_POINT('',(-15.5,3.5788609956615,14.001068008363));
#8184=CARTESIAN_POINT('',(-14.879122039989,3.5288609956615,14.001068008363));
#8185=CARTESIAN_POINT('',(-14.440095024176,3.4788609956615,14.440095024176));
#8186=CARTESIAN_POINT('',(-14.001068008363,3.4288609956615,14.879122039989));
#8187=CARTESIAN_POINT('',(-14.001068008363,3.3788609956615,15.5));
#8188=CARTESIAN_POINT('',(-14.001068008363,3.3288609956615,16.120877960011));
#8189=CARTESIAN_POINT('',(-14.440095024176,3.2788609956615,16.559904975824));
#8190=CARTESIAN_POINT('',(-14.879122039989,3.2288609956615,16.998931991637));
#8191=CARTESIAN_POINT('',(-15.5,3.1788609956615,16.998931991637));
#8192=CARTESIAN_POINT('',(-16.120877960011,3.1288609956615,16.998931991637));
#8193=CARTESIAN_POINT('',(-16.559904975824,3.0788609956615,16.559904975824));
#8194=CARTESIAN_POINT('',(-16.998931991637,3.0288609956615,16.120877960011));
#8195=CARTESIAN_POINT('',(-16.998931991637,2.9788609956615,15.5));
#8196=CARTESIAN_POINT('',(-16.998931991637,2.9288609956615,14.879122039989));
#8197=CARTESIAN_POINT('',(-16.559904975824,2.8788609956615,14.440095024176));
#8198=CARTESIAN_POINT('',(-16.120877960011,2.8288609956615,14.001068008363));
#8199=CARTESIAN_POINT('',(-15.5,2.7788609956615,14.001068008363));
#8200=CARTESIAN_POINT('',(-14.879122039989,2.7288609956615,14.001068008363));
#8201=CARTESIAN_POINT('',(-14.440095024176,2.6788609956615,14.440095024176));
#8202=CARTESIAN_POINT('',(-14.001068008363,2.6288609956615,14.879122039989));
#8203=CARTESIAN_POINT('',(-14.001068008363,2.5788609956615,15.5));
#8204=CARTESIAN_POINT('',(-14.001068008363,2.5288609956615,16.120877960011));
#8205=CARTESIAN_POINT('',(-14.440095024176,2.4788609956615,16.559904975824));
#8206=CARTESIAN_POINT('',(-14.879122039989,2.4288609956615,16.998931991637));
#8207=CARTESIAN_POINT('',(-15.5,2.3788609956615,16.998931991637));
#8208=CARTESIAN_POINT('',(-16.120877960011,2.3288609956615,16.998931991637));
#8209=CARTESIAN_POINT('',(-16.559904975824,2.2788609956615,16.559904975824));
#8210=CARTESIAN_POINT('',(-16.998931991637,2.2288609956615,16.120877960011));
#8211=CARTESIAN_POINT('',(-16.998931991637,2.1788609956615,15.5));
#8212=CARTESIAN_POINT('',(-16.998931991637,2.1288609956615,14.879122039989));
#8213=CARTESIAN_POINT('',(-16.559904975824,2.0788609956615,14.440095024176));
#8214=CARTESIAN_POINT('',(-16.120877960011,2.0288609956615,14.001068008363));
#8215=CARTESIAN_POINT('',(-15.5,1.9788609956615,14.001068008363));
#8216=CARTESIAN_POINT('',(-14.879122039989,1.9288609956615,14.001068008363));
#8217=CARTESIAN_POINT('',(-14.440095024176,1.8788609956615,14.440095024176));
#8218=CARTESIAN_POINT('',(-14.001068008363,1.8288609956615,14.879122039989));
#8219=CARTESIAN_POINT('',(-14.001068008363,1.7788609956615,15.5));
#8220=CARTESIAN_POINT('',(-14.001068008363,1.7288609956615,16.120877960011));
#8221=CARTESIAN_POINT('',(-14.440095024176,1.6788609956615,16.559904975824));
#8222=CARTESIAN_POINT('',(-14.879122039989,1.6288609956615,16.998931991637));
#8223=CARTESIAN_POINT('',(-15.5,1.5788609956615,16.998931991637));
#8224=CARTESIAN_POINT('',(-16.120877960011,1.5288609956615,16.998931991637));
#8225=CARTESIAN_POINT('',(-16.559904975824,1.4788609956615,16.559904975824));
#8226=CARTESIAN_POINT('',(-16.998931991637,1.4288609956615,16.120877960011));
#8227=CARTESIAN_POINT('',(-16.998931991637,1.3788609956615,15.5));
#8228=CARTESIAN_POINT('',(-16.998931991637,1.3288609956615,14.879122039989));
#8229=CARTESIAN_POINT('',(-16.559904975824,1.2788609956615,14.440095024176));
#8230=CARTESIAN_POINT('',(-16.120877960011,1.2288609956615,14.001068008363));
#8231=CARTESIAN_POINT('',(-15.5,1.1788609956615,14.001068008363));
#8232=CARTESIAN_POINT('',(-14.879122039989,1.1288609956615,14.001068008363));
#8233=CARTESIAN_POINT('',(-14.440095024176,1.0788609956615,14.440095024176));
#8234=CARTESIAN_POINT('',(-14.001068008363,1.0288609956615,14.879122039989));
#8235=CARTESIAN_POINT('',(-14.001068008363,0.97886099566149,15.5));
#8236=CARTESIAN_POINT('',(-14.001068008363,0.92886099566149,16.120877960011));
#8237=CARTESIAN_POINT('',(-14.440095024176,0.87886099566149,16.559904975824));
#8238=CARTESIAN_POINT('',(-14.879122039989,0.82886099566149,16.998931991637));
#8239=CARTESIAN_POINT('',(-15.5,0.77886099566149,16.998931991637));
#8240=CARTESIAN_POINT('',(-16.120877960011,0.72886099566149,16.998931991637));
#8241=CARTESIAN_POINT('',(-16.559904975824,0.67886099566149,16.559904975824));
#8242=CARTESIAN_POINT('',(-16.998931991637,0.62886099566149,16.120877960011));
#8243=CARTESIAN_POINT('',(-16.998931991637,0.57886099566149,15.5));
#8244=CARTESIAN_POINT('',(-16.998931991637,0.52886099566149,14.879122039989));
#8245=CARTESIAN_POINT('',(-16.559904975824,0.47886099566149,14.440095024176));
#8246=CARTESIAN_POINT('',(-16.120877960011,0.42886099566149,14.001068008363));
#8247=CARTESIAN_POINT('',(-15.5,0.37886099566149,14.001068008363));
#8248=CARTESIAN_POINT('',(-14.879122039989,0.32886099566149,14.001068008363));
#8249=CARTESIAN_POINT('',(-14.440095024176,0.27886099566149,14.440095024176));
#8250=CARTESIAN_POINT('',(-14.001068008363,0.22886099566149,14.879122039989));
#8251=CARTESIAN_POINT('',(-14.001068008363,0.17886099566149,15.5));
#8252=CARTESIAN_POINT('',(-14.001068008363,0.12886099566149,16.120877960011));
#8253=CARTESIAN_POINT('',(-14.440095024176,0.078860995661489,16.559904975824));
#8254=CARTESIAN_POINT('',(-14.879122039989,0.028860995661489,16.998931991637));
#8255=CARTESIAN_POINT('',(-15.5,-0.021139004338511,16.998931991637));
#8256=CARTESIAN_POINT('',(-16.120877960011,-0.071139004338511,16.998931991637));
#8257=CARTESIAN_POINT('',(-16.559904975824,-0.12113900433851,16.559904975824));
#8258=CARTESIAN_POINT('',(-16.998931991637,-0.17113900433851,16.120877960011));
#8259=CARTESIAN_POINT('',(-16.998931991637,-0.22113900433851,15.5));
#8260=(BOUNDED_SURFACE()B_SPLINE_SURFACE(1,2,((#8082,#8083,#8084,#8085,#8086,#8087,#8088,#8089,#8090,#8091,#8092,#8093,#8094,#8095,#8096,#8097,#8098,#8099,#8100,#8101,#8102,#8103,#8104,#8105,#8106,#8107,#8108,#8109,#8110,#8111,#8112,#8113,#8114,#8115,#8116,#8117,#8118,#8119,#8120,#8121,#8122,#8123,#8124,#8125,#8126,#8127,#8128,#8129,#8130,#8131,#8132,#8133,#8134,#8135,#8136,#8137,#8138,#8139,#8140,#8141,#8142,#8143,#8144,#8145,#8146,#8147,#8148,#8149,#8150,#8151,#8152,#8153,#8154,#8155,#8156,#8157,#8158,#8159,#8160,#8161,#8162,#8163,#8164,#8165,#8166,#8167,#8168,#8169,#8170),(#8171,#8172,#8173,#8174,#8175,#8176,#8177,#8178,#8179,#8180,#8181,#8182,#8183,#8184,#8185,#8186,#8187,#8188,#8189,#8190,#8191,#8192,#8193,#8194,#8195,#8196,#8197,#8198,#8199,#8200,#8201,#8202,#8203,#8204,#8205,#8206,#8207,#8208,#8209,#8210,#8211,#8212,#8213,#8214,#8215,#8216,#8217,#8218,#8219,#8220,#8221,#8222,#8223,#8224,#8225,#8226,#8227,#8228,#8229,#8230,#8231,#8232,#8233,#8234,#8235,#8236,#8237,#8238,#8239,#8240,#8241,#8242,#8243,#8244,#8245,#8246,#8247,#8248,#8249,#8250,#8251,#8252,#8253,#8254,#8255,#8256,#8257,#8258,#8259)),.UNSPECIFIED.,.F.,.F.,.U.)B_SPLINE_SURFACE_WITH_KNOTS((2,2),(3,2,2,2,2,2,2,2,2,2,2,2,2,2,2,2,2,2,2,2,2,2,2,2,2,2,2,2,2,2,2,2,2,2,2,2,2,2,2,2,2,2,2,2,3),(0.,0.44227800867702),(0.,1.2457759689889,2.4915519379779,3.7373279069668,4.9831038759558,6.2288798449447,7.4746558139336,8.7204317829226,9.9662077519115,11.2119837209,12.457759689889,13.703535658878,14.949311627867,16.195087596856,17.440863565845,18.686639534834,19.932415503823,21.178191472812,22.423967441801,23.66974341079,24.915519379779,26.161295348768,27.407071317757,28.652847286746,29.898623255735,31.144399224724,32.390175193712,33.635951162701,34.88172713169,36.127503100679,37.373279069668,38.619055038657,39.864831007646,41.110606976635,42.356382945624,43.602158914613,44.847934883602,46.093710852591,47.33948682158,48.585262790569,49.831038759558,51.076814728547,52.322590697536,53.568366666524,54.814142635513),.UNSPECIFIED.)GEOMETRIC_REPRESENTATION_ITEM()RATIONAL_B_SPLINE_SURFACE(((1.,0.92387953251129,1.,0.92387953251129,1.,0.92387953251129,1.,0.92387953251129,1.,0.92387953251129,1.,0.92387953251129,1.,0.92387953251129,1.,0.92387953251129,1.,0.92387953251129,1.,0.92387953251129,1.,0.92387953251129,1.,0.92387953251129,1.,0.92387953251129,1.,0.92387953251129,1.,0.92387953251129,1.,0.92387953251129,1.,0.92387953251129,1.,0.92387953251129,1.,0.92387953251129,1.,0.92387953251129,1.,0.92387953251129,1.,0.92387953251129,1.,0.92387953251129,1.,0.92387953251129,1.,0.92387953251129,1.,0.92387953251129,1.,0.92387953251129,1.,0.92387953251129,1.,0.92387953251129,1.,0.92387953251129,1.,0.92387953251129,1.,0.92387953251129,1.,0.92387953251129,1.,0.92387953251129,1.,0.92387953251129,1.,0.92387953251129,1.,0.92387953251129,1.,0.92387953251129,1.,0.92387953251129,1.,0.92387953251129,1.,0.92387953251129,1.,0.92387953251129,1.,0.92387953251129,1.,0.92387953251129,1.),(1.,0.92387953251129,1.,0.92387953251129,1.,0.92387953251129,1.,0.92387953251129,1.,0.92387953251129,1.,0.92387953251129,1.,0.92387953251129,1.,0.92387953251129,1.,0.92387953251129,1.,0.92387953251129,1.,0.92387953251129,1.,0.92387953251129,1.,0.92387953251129,1.,0.92387953251129,1.,0.92387953251129,1.,0.92387953251129,1.,0.92387953251129,1.,0.92387953251129,1.,0.92387953251129,1.,0.92387953251129,1.,0.92387953251129,1.,0.92387953251129,1.,0.92387953251129,1.,0.92387953251129,1.,0.92387953251129,1.,0.92387953251129,1.,0.92387953251129,1.,0.92387953251129,1.,0.92387953251129,1.,0.92387953251129,1.,0.92387953251129,1.,0.92387953251129,1.,0.92387953251129,1.,0.92387953251129,1.,0.92387953251129,1.,0.92387953251129,1.,0.92387953251129,1.,0.92387953251129,1.,0.92387953251129,1.,0.92387953251129,1.,0.92387953251129,1.,0.92387953251129,1.,0.92387953251129,1.,0.92387953251129,1.)))REPRESENTATION_ITEM('')SURFACE());
#8261=ORIENTED_EDGE('',*,*,#7239,.F.);
#8262=ORIENTED_EDGE('',*,*,#8077,.F.);
#8263=ORIENTED_EDGE('',*,*,#7277,.F.);
#8264=ORIENTED_EDGE('',*,*,#7777,.F.);
#8265=EDGE_LOOP('',(#8261,#8262,#8263,#8264));
#8266=FACE_OUTER_BOUND('',#8265,.T.);
#8267=ADVANCED_FACE('',(#8266),#8260,.T.);
#8268=CARTESIAN_POINT('',(-15.5,4.5,15.5));
#8269=DIRECTION('',(0.57730850654444,-2.8421709430403E-14,0.81652610997532));
#8270=DIRECTION('',(0.,-1.,-4.5050327465437E-14));
#8271=AXIS2_PLACEMENT_3D('',#8268,#8270,#8269);
#8272=CYLINDRICAL_SURFACE('',#8271,1.25);
#8273=ORIENTED_EDGE('',*,*,#1688,.F.);
#8274=ORIENTED_EDGE('',*,*,#7514,.F.);
#8275=ORIENTED_EDGE('',*,*,#7987,.F.);
#8276=EDGE_LOOP('',(#8273,#8274,#8275));
#8277=FACE_OUTER_BOUND('',#8276,.T.);
#8278=ADVANCED_FACE('',(#8277),#8272,.F.);
#8279=CARTESIAN_POINT('',(15.5,0.5,15.5));
#8280=DIRECTION('',(-1.,0.,-9.4563513215641E-15));
#8281=DIRECTION('',(0.,-1.,-0.));
#8282=AXIS2_PLACEMENT_3D('',#8279,#8281,#8280);
#8283=PLANE('',#8282);
#8284=CARTESIAN_POINT('',(15.5,0.5,15.5));
#8285=DIRECTION('',(-2.368475785867E-15,0.,-1.));
#8286=DIRECTION('',(0.,-1.,0.));
#8287=AXIS2_PLACEMENT_3D('',#8284,#8286,#8285);
#8288=CIRCLE('',#8287,1.5);
#8289=EDGE_CURVE('',#1630,#1632,#8288,.T.);
#8290=ORIENTED_EDGE('',*,*,#8289,.T.);
#8291=ORIENTED_EDGE('',*,*,#1638,.F.);
#8292=EDGE_LOOP('',(#8290,#8291));
#8293=FACE_OUTER_BOUND('',#8292,.T.);
#8294=CARTESIAN_POINT('',(14.634653811921,0.5,16.723917109257));
#8295=VERTEX_POINT('',#8294);
#8296=CARTESIAN_POINT('',(14.634653811921,0.5,16.723917109257));
#8297=DIRECTION('',(0.57730850559832,5.8782076856851E-13,-0.81652611064426));
#8298=VECTOR('',#8297,0.24893199163741);
#8299=LINE('',#8296,#8298);
#8300=EDGE_CURVE('',#8295,#1338,#8299,.T.);
#8301=ORIENTED_EDGE('',*,*,#8300,.T.);
#8302=ORIENTED_EDGE('',*,*,#1360,.F.);
#8303=ORIENTED_EDGE('',*,*,#1535,.F.);
#8304=CARTESIAN_POINT('',(16.723917109257,0.5,14.634653811922));
#8305=VERTEX_POINT('',#8304);
#8306=CARTESIAN_POINT('',(16.520657638309,0.5,14.778364368008));
#8307=DIRECTION('',(0.81652611064759,4.4599451332968E-16,-0.5773085055936));
#8308=VECTOR('',#8307,0.24893199163741);
#8309=LINE('',#8306,#8308);
#8310=EDGE_CURVE('',#1521,#8305,#8309,.T.);
#8311=ORIENTED_EDGE('',*,*,#8310,.T.);
#8312=CARTESIAN_POINT('',(16.723917109257,0.5,14.634653811922));
#8313=CARTESIAN_POINT('',(16.660581336857,0.5,14.545073784256));
#8314=CARTESIAN_POINT('',(16.588564628025,0.5,14.463830725355));
#8315=CARTESIAN_POINT('',(16.427629055599,0.5,14.317577042546));
#8316=CARTESIAN_POINT('',(16.338241498808,0.5,14.252659866754));
#8317=CARTESIAN_POINT('',(16.056466345033,0.5,14.091462200186));
#8318=CARTESIAN_POINT('',(15.843338387079,0.49999999999999,14.024906975131));
#8319=CARTESIAN_POINT('',(15.519378869331,0.49999999999999,13.997279977473));
#8320=CARTESIAN_POINT('',(15.4087223032,0.5,13.999934241006));
#8321=CARTESIAN_POINT('',(15.194006109856,0.5,14.028641227153));
#8322=CARTESIAN_POINT('',(15.088814422732,0.5,14.054408490178));
#8323=CARTESIAN_POINT('',(14.882919635613,0.5,14.129591222988));
#8324=CARTESIAN_POINT('',(14.785617789614,0.5,14.177815027257));
#8325=CARTESIAN_POINT('',(14.603051263052,0.5,14.294181602417));
#8326=CARTESIAN_POINT('',(14.516762738568,0.50000000000001,14.363422778463));
#8327=CARTESIAN_POINT('',(14.286665652796,0.50000000000001,14.593533460973));
#8328=CARTESIAN_POINT('',(14.166688755459,0.5,14.781748908811));
#8329=CARTESIAN_POINT('',(14.055173404497,0.5,15.086508982207));
#8330=CARTESIAN_POINT('',(14.028684085118,0.5,15.193668344031));
#8331=CARTESIAN_POINT('',(13.999883048005,0.5,15.40912241657));
#8332=CARTESIAN_POINT('',(13.997215867731,0.5,15.517245542713));
#8333=CARTESIAN_POINT('',(14.024628898326,0.5,15.842810433691));
#8334=CARTESIAN_POINT('',(14.090669903541,0.5,16.055040353747));
#8335=CARTESIAN_POINT('',(14.307045526944,0.5,16.433349205972));
#8336=CARTESIAN_POINT('',(14.45549375659,0.5,16.597245564457));
#8337=CARTESIAN_POINT('',(14.634653811921,0.5,16.723917109257));
#8338=B_SPLINE_CURVE_WITH_KNOTS('',3,(#8312,#8313,#8314,#8315,#8316,#8317,#8318,#8319,#8320,#8321,#8322,#8323,#8324,#8325,#8326,#8327,#8328,#8329,#8330,#8331,#8332,#8333,#8334,#8335,#8336,#8337),.UNSPECIFIED.,.F.,.U.,(4,2,2,2,2,2,2,2,2,2,2,2,4),(1.7347234759768E-18,0.00032544218580814,0.00065088437161629,0.0013017687432326,0.0016272109290407,0.0019526531148488,0.002278095300657,0.0026035374864651,0.0032544218580814,0.0035798640438895,0.0039053062296977,0.004556190601314,0.0052070749729302),.UNSPECIFIED.);
#8339=EDGE_CURVE('',#8305,#8295,#8338,.T.);
#8340=ORIENTED_EDGE('',*,*,#8339,.T.);
#8341=EDGE_LOOP('',(#8301,#8302,#8303,#8311,#8340));
#8342=FACE_BOUND('',#8341,.T.);
#8343=ADVANCED_FACE('',(#8293,#8342),#8283,.T.);
#8344=CARTESIAN_POINT('',(15.5,0.5,15.5));
#8345=DIRECTION('',(6.4043325901745E-07,-7.4014868308344E-17,-0.99999999999979));
#8346=DIRECTION('',(0.,-1.,0.));
#8347=AXIS2_PLACEMENT_3D('',#8344,#8346,#8345);
#8348=CYLINDRICAL_SURFACE('',#8347,1.5);
#8349=ORIENTED_EDGE('',*,*,#1646,.F.);
#8350=ORIENTED_EDGE('',*,*,#8289,.F.);
#8351=ORIENTED_EDGE('',*,*,#1661,.F.);
#8352=ORIENTED_EDGE('',*,*,#4239,.F.);
#8353=EDGE_LOOP('',(#8349,#8350,#8351,#8352));
#8354=FACE_OUTER_BOUND('',#8353,.T.);
#8355=ADVANCED_FACE('',(#8354),#8348,.F.);
#8356=CARTESIAN_POINT('',(15.5,0.5,-15.5));
#8357=DIRECTION('',(0.,0.,1.));
#8358=DIRECTION('',(0.,-1.,0.));
#8359=AXIS2_PLACEMENT_3D('',#8356,#8358,#8357);
#8360=PLANE('',#8359);
#8361=CARTESIAN_POINT('',(15.5,0.5,-15.5));
#8362=DIRECTION('',(2.368475785867E-15,0.,-1.));
#8363=DIRECTION('',(0.,-1.,0.));
#8364=AXIS2_PLACEMENT_3D('',#8361,#8363,#8362);
#8365=CIRCLE('',#8364,1.5);
#8366=EDGE_CURVE('',#1588,#1590,#8365,.T.);
#8367=ORIENTED_EDGE('',*,*,#8366,.T.);
#8368=ORIENTED_EDGE('',*,*,#1596,.F.);
#8369=EDGE_LOOP('',(#8367,#8368));
#8370=FACE_OUTER_BOUND('',#8369,.T.);
#8371=CARTESIAN_POINT('',(16.723917109257,0.5,-14.634653811921));
#8372=VERTEX_POINT('',#8371);
#8373=CARTESIAN_POINT('',(16.723917109257,0.5,-14.634653811921));
#8374=DIRECTION('',(-0.81652611064427,5.878207685685E-13,-0.5773085055983));
#8375=VECTOR('',#8374,0.24893199163742);
#8376=LINE('',#8373,#8375);
#8377=EDGE_CURVE('',#8372,#1047,#8376,.T.);
#8378=ORIENTED_EDGE('',*,*,#8377,.T.);
#8379=ORIENTED_EDGE('',*,*,#1064,.F.);
#8380=ORIENTED_EDGE('',*,*,#856,.F.);
#8381=CARTESIAN_POINT('',(14.634653811921,0.5,-16.723917109257));
#8382=VERTEX_POINT('',#8381);
#8383=CARTESIAN_POINT('',(14.778364368008,0.5,-16.52065763831));
#8384=DIRECTION('',(-0.57730850559358,-1.7839780533187E-15,-0.81652611064761));
#8385=VECTOR('',#8384,0.24893199163742);
#8386=LINE('',#8383,#8385);
#8387=EDGE_CURVE('',#836,#8382,#8386,.T.);
#8388=ORIENTED_EDGE('',*,*,#8387,.T.);
#8389=CARTESIAN_POINT('',(14.634653811921,0.5,-16.723917109257));
#8390=CARTESIAN_POINT('',(14.545073784256,0.5,-16.660581336857));
#8391=CARTESIAN_POINT('',(14.463830725355,0.5,-16.588564628025));
#8392=CARTESIAN_POINT('',(14.317577042546,0.5,-16.427629055599));
#8393=CARTESIAN_POINT('',(14.252659866753,0.5,-16.338241498808));
#8394=CARTESIAN_POINT('',(14.091462200185,0.5,-16.056466345034));
#8395=CARTESIAN_POINT('',(14.024906975131,0.49999999999999,-15.843338387079));
#8396=CARTESIAN_POINT('',(13.997279977473,0.49999999999999,-15.519378869331));
#8397=CARTESIAN_POINT('',(13.999934241006,0.5,-15.4087223032));
#8398=CARTESIAN_POINT('',(14.028641227153,0.5,-15.194006109857));
#8399=CARTESIAN_POINT('',(14.054408490178,0.5,-15.088814422732));
#8400=CARTESIAN_POINT('',(14.129591222988,0.5,-14.882919635613));
#8401=CARTESIAN_POINT('',(14.177815027257,0.5,-14.785617789614));
#8402=CARTESIAN_POINT('',(14.294181602417,0.5,-14.603051263052));
#8403=CARTESIAN_POINT('',(14.363422778463,0.50000000000001,-14.516762738568));
#8404=CARTESIAN_POINT('',(14.593533460972,0.50000000000001,-14.286665652796));
#8405=CARTESIAN_POINT('',(14.78174890881,0.5,-14.166688755459));
#8406=CARTESIAN_POINT('',(15.086508982207,0.5,-14.055173404497));
#8407=CARTESIAN_POINT('',(15.19366834403,0.5,-14.028684085119));
#8408=CARTESIAN_POINT('',(15.40912241657,0.5,-13.999883048005));
#8409=CARTESIAN_POINT('',(15.517245542713,0.5,-13.997215867732));
#8410=CARTESIAN_POINT('',(15.842810433691,0.5,-14.024628898326));
#8411=CARTESIAN_POINT('',(16.055040353747,0.5,-14.090669903541));
#8412=CARTESIAN_POINT('',(16.433349205972,0.5,-14.307045526944));
#8413=CARTESIAN_POINT('',(16.597245564457,0.5,-14.45549375659));
#8414=CARTESIAN_POINT('',(16.723917109257,0.5,-14.634653811921));
#8415=B_SPLINE_CURVE_WITH_KNOTS('',3,(#8389,#8390,#8391,#8392,#8393,#8394,#8395,#8396,#8397,#8398,#8399,#8400,#8401,#8402,#8403,#8404,#8405,#8406,#8407,#8408,#8409,#8410,#8411,#8412,#8413,#8414),.UNSPECIFIED.,.F.,.U.,(4,2,2,2,2,2,2,2,2,2,2,2,4),(0.,0.00032544218580815,0.0006508843716163,0.0013017687432326,0.0016272109290407,0.0019526531148489,0.002278095300657,0.0026035374864652,0.0032544218580814,0.0035798640438896,0.0039053062296977,0.004556190601314,0.0052070749729302),.UNSPECIFIED.);
#8416=EDGE_CURVE('',#8382,#8372,#8415,.T.);
#8417=ORIENTED_EDGE('',*,*,#8416,.T.);
#8418=EDGE_LOOP('',(#8378,#8379,#8380,#8388,#8417));
#8419=FACE_BOUND('',#8418,.T.);
#8420=ADVANCED_FACE('',(#8370,#8419),#8360,.T.);
#8421=CARTESIAN_POINT('',(15.5,0.5,-15.5));
#8422=DIRECTION('',(6.4043326730712E-07,-7.4014868308344E-17,-0.9999999999998));
#8423=DIRECTION('',(0.,-1.,0.));
#8424=AXIS2_PLACEMENT_3D('',#8421,#8423,#8422);
#8425=CYLINDRICAL_SURFACE('',#8424,1.5);
#8426=ORIENTED_EDGE('',*,*,#1604,.F.);
#8427=ORIENTED_EDGE('',*,*,#8366,.F.);
#8428=ORIENTED_EDGE('',*,*,#1619,.F.);
#8429=ORIENTED_EDGE('',*,*,#4249,.F.);
#8430=EDGE_LOOP('',(#8426,#8427,#8428,#8429));
#8431=FACE_OUTER_BOUND('',#8430,.T.);
#8432=ADVANCED_FACE('',(#8431),#8425,.F.);
#8433=CARTESIAN_POINT('',(-15.5,0.5,-15.5));
#8434=DIRECTION('',(1.,0.,4.7281756607821E-15));
#8435=DIRECTION('',(0.,-1.,0.));
#8436=AXIS2_PLACEMENT_3D('',#8433,#8435,#8434);
#8437=PLANE('',#8436);
#8438=CARTESIAN_POINT('',(-15.5,0.5,-15.5));
#8439=DIRECTION('',(-1.1842378929335E-15,0.,-1.));
#8440=DIRECTION('',(0.,-1.,0.));
#8441=AXIS2_PLACEMENT_3D('',#8438,#8440,#8439);
#8442=CIRCLE('',#8441,1.5);
#8443=EDGE_CURVE('',#1546,#1548,#8442,.T.);
#8444=ORIENTED_EDGE('',*,*,#8443,.T.);
#8445=ORIENTED_EDGE('',*,*,#1554,.F.);
#8446=EDGE_LOOP('',(#8444,#8445));
#8447=FACE_OUTER_BOUND('',#8446,.T.);
#8448=CARTESIAN_POINT('',(-14.634653811921,0.5,-16.723917109257));
#8449=VERTEX_POINT('',#8448);
#8450=CARTESIAN_POINT('',(-14.634653811921,0.5,-16.723917109257));
#8451=DIRECTION('',(-0.57730850559831,5.8782076856851E-13,0.81652611064426));
#8452=VECTOR('',#8451,0.24893199163742);
#8453=LINE('',#8450,#8452);
#8454=EDGE_CURVE('',#8449,#567,#8453,.T.);
#8455=ORIENTED_EDGE('',*,*,#8454,.T.);
#8456=ORIENTED_EDGE('',*,*,#580,.F.);
#8457=ORIENTED_EDGE('',*,*,#368,.F.);
#8458=CARTESIAN_POINT('',(-16.723917109257,0.5,-14.634653811921));
#8459=VERTEX_POINT('',#8458);
#8460=CARTESIAN_POINT('',(-16.520657638309,0.5,-14.778364368008));
#8461=DIRECTION('',(-0.81652611064761,-1.3379835399891E-15,0.57730850559357));
#8462=VECTOR('',#8461,0.24893199163741);
#8463=LINE('',#8460,#8462);
#8464=EDGE_CURVE('',#352,#8459,#8463,.T.);
#8465=ORIENTED_EDGE('',*,*,#8464,.T.);
#8466=CARTESIAN_POINT('',(-16.723917109257,0.5,-14.634653811921));
#8467=CARTESIAN_POINT('',(-16.660581336857,0.5,-14.545073784256));
#8468=CARTESIAN_POINT('',(-16.588564628025,0.5,-14.463830725355));
#8469=CARTESIAN_POINT('',(-16.427629055599,0.5,-14.317577042546));
#8470=CARTESIAN_POINT('',(-16.338241498808,0.5,-14.252659866753));
#8471=CARTESIAN_POINT('',(-16.056466345034,0.5,-14.091462200186));
#8472=CARTESIAN_POINT('',(-15.843338387079,0.49999999999999,-14.024906975131));
#8473=CARTESIAN_POINT('',(-15.519378869331,0.49999999999999,-13.997279977473));
#8474=CARTESIAN_POINT('',(-15.4087223032,0.5,-13.999934241006));
#8475=CARTESIAN_POINT('',(-15.194006109857,0.5,-14.028641227153));
#8476=CARTESIAN_POINT('',(-15.088814422732,0.5,-14.054408490178));
#8477=CARTESIAN_POINT('',(-14.882919635613,0.5,-14.129591222988));
#8478=CARTESIAN_POINT('',(-14.785617789614,0.5,-14.177815027257));
#8479=CARTESIAN_POINT('',(-14.603051263052,0.5,-14.294181602417));
#8480=CARTESIAN_POINT('',(-14.516762738568,0.50000000000001,-14.363422778463));
#8481=CARTESIAN_POINT('',(-14.286665652796,0.50000000000001,-14.593533460972));
#8482=CARTESIAN_POINT('',(-14.166688755459,0.5,-14.78174890881));
#8483=CARTESIAN_POINT('',(-14.055173404497,0.5,-15.086508982207));
#8484=CARTESIAN_POINT('',(-14.028684085119,0.5,-15.19366834403));
#8485=CARTESIAN_POINT('',(-13.999883048005,0.5,-15.40912241657));
#8486=CARTESIAN_POINT('',(-13.997215867732,0.5,-15.517245542713));
#8487=CARTESIAN_POINT('',(-14.024628898326,0.5,-15.842810433691));
#8488=CARTESIAN_POINT('',(-14.090669903541,0.5,-16.055040353747));
#8489=CARTESIAN_POINT('',(-14.307045526944,0.5,-16.433349205972));
#8490=CARTESIAN_POINT('',(-14.45549375659,0.5,-16.597245564457));
#8491=CARTESIAN_POINT('',(-14.634653811921,0.5,-16.723917109257));
#8492=B_SPLINE_CURVE_WITH_KNOTS('',3,(#8466,#8467,#8468,#8469,#8470,#8471,#8472,#8473,#8474,#8475,#8476,#8477,#8478,#8479,#8480,#8481,#8482,#8483,#8484,#8485,#8486,#8487,#8488,#8489,#8490,#8491),.UNSPECIFIED.,.F.,.U.,(4,2,2,2,2,2,2,2,2,2,2,2,4),(1.7347234759768E-18,0.00032544218580814,0.00065088437161628,0.0013017687432326,0.0016272109290407,0.0019526531148488,0.002278095300657,0.0026035374864651,0.0032544218580814,0.0035798640438895,0.0039053062296977,0.004556190601314,0.0052070749729302),.UNSPECIFIED.);
#8493=EDGE_CURVE('',#8459,#8449,#8492,.T.);
#8494=ORIENTED_EDGE('',*,*,#8493,.T.);
#8495=EDGE_LOOP('',(#8455,#8456,#8457,#8465,#8494));
#8496=FACE_BOUND('',#8495,.T.);
#8497=ADVANCED_FACE('',(#8447,#8496),#8437,.T.);
#8498=CARTESIAN_POINT('',(-15.5,0.5,-15.5));
#8499=DIRECTION('',(6.4043326967559E-07,1.4802973661669E-16,-0.99999999999979));
#8500=DIRECTION('',(0.,-1.,0.));
#8501=AXIS2_PLACEMENT_3D('',#8498,#8500,#8499);
#8502=CYLINDRICAL_SURFACE('',#8501,1.5);
#8503=ORIENTED_EDGE('',*,*,#1562,.F.);
#8504=ORIENTED_EDGE('',*,*,#8443,.F.);
#8505=ORIENTED_EDGE('',*,*,#1577,.F.);
#8506=ORIENTED_EDGE('',*,*,#4259,.F.);
#8507=EDGE_LOOP('',(#8503,#8504,#8505,#8506));
#8508=FACE_OUTER_BOUND('',#8507,.T.);
#8509=ADVANCED_FACE('',(#8508),#8502,.F.);
#8510=CARTESIAN_POINT('',(15.5,4.2894304978307,14.001068008363));
#8511=DIRECTION('',(-2.1316282072803E-14,0.,1.));
#8512=DIRECTION('',(1.,0.,2.1316282072803E-14));
#8513=AXIS2_PLACEMENT_3D('',#8510,#8512,#8511);
#8514=PLANE('',#8513);
#8515=CARTESIAN_POINT('',(15.5,4.1788609956615,14.001068008363));
#8516=VERTEX_POINT('',#8515);
#8517=CARTESIAN_POINT('',(15.5,4.1788609956615,14.250267002091));
#8518=CARTESIAN_POINT('',(15.5,4.1788609956615,14.167734675029));
#8519=CARTESIAN_POINT('',(15.5,4.1788609956615,14.084401341696));
#8520=CARTESIAN_POINT('',(15.5,4.1788609956615,14.001068008363));
#8521=B_SPLINE_CURVE_WITH_KNOTS('',3,(#8517,#8518,#8519,#8520),.UNSPECIFIED.,.F.,.U.,(4,4),(0.,1.),.UNSPECIFIED.);
#8522=EDGE_CURVE('',#1108,#8516,#8521,.T.);
#8523=ORIENTED_EDGE('',*,*,#8522,.T.);
#8524=CARTESIAN_POINT('',(15.5,4.6211390043385,14.001068008363));
#8525=VERTEX_POINT('',#8524);
#8526=CARTESIAN_POINT('',(15.5,4.1788609956615,14.001068008363));
#8527=CARTESIAN_POINT('',(15.5,4.3262869985538,14.001068008363));
#8528=CARTESIAN_POINT('',(15.5,4.4737130014462,14.001068008363));
#8529=CARTESIAN_POINT('',(15.5,4.6211390043385,14.001068008363));
#8530=B_SPLINE_CURVE_WITH_KNOTS('',3,(#8526,#8527,#8528,#8529),.UNSPECIFIED.,.F.,.U.,(4,4),(0.,1.),.UNSPECIFIED.);
#8531=EDGE_CURVE('',#8516,#8525,#8530,.T.);
#8532=ORIENTED_EDGE('',*,*,#8531,.T.);
#8533=CARTESIAN_POINT('',(15.5,4.6211390043385,14.251068008363));
#8534=VERTEX_POINT('',#8533);
#8535=CARTESIAN_POINT('',(15.5,4.6211390043385,14.001068008363));
#8536=CARTESIAN_POINT('',(15.5,4.6211390043385,14.084401341696));
#8537=CARTESIAN_POINT('',(15.5,4.6211390043385,14.167734675029));
#8538=CARTESIAN_POINT('',(15.5,4.6211390043385,14.251068008363));
#8539=B_SPLINE_CURVE_WITH_KNOTS('',3,(#8535,#8536,#8537,#8538),.UNSPECIFIED.,.F.,.U.,(4,4),(0.,1.),.UNSPECIFIED.);
#8540=EDGE_CURVE('',#8525,#8534,#8539,.T.);
#8541=ORIENTED_EDGE('',*,*,#8540,.T.);
#8542=CARTESIAN_POINT('',(15.5,4.6211390043385,14.251068008363));
#8543=CARTESIAN_POINT('',(15.5,4.5807593362257,14.251068008363));
#8544=CARTESIAN_POINT('',(15.5,4.5403796681128,14.251068008363));
#8545=CARTESIAN_POINT('',(15.5,4.5,14.251068008363));
#8546=B_SPLINE_CURVE_WITH_KNOTS('',3,(#8542,#8543,#8544,#8545),.UNSPECIFIED.,.F.,.U.,(4,4),(0.,0.27389786957953),.UNSPECIFIED.);
#8547=EDGE_CURVE('',#8534,#1075,#8546,.T.);
#8548=ORIENTED_EDGE('',*,*,#8547,.T.);
#8549=ORIENTED_EDGE('',*,*,#1119,.F.);
#8550=EDGE_LOOP('',(#8523,#8532,#8541,#8548,#8549));
#8551=FACE_OUTER_BOUND('',#8550,.T.);
#8552=ADVANCED_FACE('',(#8551),#8514,.T.);
#8553=CARTESIAN_POINT('',(15.5,4.1788609956615,14.251068008363));
#8554=CARTESIAN_POINT('',(16.017324569418,4.1288609956615,14.251068008363));
#8555=CARTESIAN_POINT('',(16.383128280527,4.0788609956615,14.616871719473));
#8556=CARTESIAN_POINT('',(16.748931991637,4.0288609956615,14.982675430582));
#8557=CARTESIAN_POINT('',(16.748931991637,3.9788609956615,15.5));
#8558=CARTESIAN_POINT('',(16.748931991637,3.9288609956615,16.017324569418));
#8559=CARTESIAN_POINT('',(16.383128280527,3.8788609956615,16.383128280528));
#8560=CARTESIAN_POINT('',(16.017324569418,3.8288609956615,16.748931991638));
#8561=CARTESIAN_POINT('',(15.5,3.7788609956615,16.748931991638));
#8562=CARTESIAN_POINT('',(14.982675430582,3.7288609956615,16.748931991638));
#8563=CARTESIAN_POINT('',(14.616871719472,3.6788609956615,16.383128280528));
#8564=CARTESIAN_POINT('',(14.251068008362,3.6288609956615,16.017324569418));
#8565=CARTESIAN_POINT('',(14.251068008362,3.5788609956615,15.5));
#8566=CARTESIAN_POINT('',(14.251068008362,3.5288609956615,14.982675430582));
#8567=CARTESIAN_POINT('',(14.616871719472,3.4788609956615,14.616871719472));
#8568=CARTESIAN_POINT('',(14.982675430582,3.4288609956615,14.251068008363));
#8569=CARTESIAN_POINT('',(15.5,3.3788609956615,14.251068008363));
#8570=CARTESIAN_POINT('',(16.017324569418,3.3288609956615,14.251068008363));
#8571=CARTESIAN_POINT('',(16.383128280527,3.2788609956615,14.616871719473));
#8572=CARTESIAN_POINT('',(16.748931991637,3.2288609956615,14.982675430582));
#8573=CARTESIAN_POINT('',(16.748931991637,3.1788609956615,15.5));
#8574=CARTESIAN_POINT('',(16.748931991637,3.1288609956615,16.017324569418));
#8575=CARTESIAN_POINT('',(16.383128280527,3.0788609956615,16.383128280528));
#8576=CARTESIAN_POINT('',(16.017324569418,3.0288609956615,16.748931991638));
#8577=CARTESIAN_POINT('',(15.5,2.9788609956615,16.748931991638));
#8578=CARTESIAN_POINT('',(14.982675430582,2.9288609956615,16.748931991638));
#8579=CARTESIAN_POINT('',(14.616871719472,2.8788609956615,16.383128280528));
#8580=CARTESIAN_POINT('',(14.251068008362,2.8288609956615,16.017324569418));
#8581=CARTESIAN_POINT('',(14.251068008362,2.7788609956615,15.5));
#8582=CARTESIAN_POINT('',(14.251068008362,2.7288609956615,14.982675430582));
#8583=CARTESIAN_POINT('',(14.616871719472,2.6788609956615,14.616871719472));
#8584=CARTESIAN_POINT('',(14.982675430582,2.6288609956615,14.251068008363));
#8585=CARTESIAN_POINT('',(15.5,2.5788609956615,14.251068008363));
#8586=CARTESIAN_POINT('',(16.017324569418,2.5288609956615,14.251068008363));
#8587=CARTESIAN_POINT('',(16.383128280527,2.4788609956615,14.616871719473));
#8588=CARTESIAN_POINT('',(16.748931991637,2.4288609956615,14.982675430582));
#8589=CARTESIAN_POINT('',(16.748931991637,2.3788609956615,15.5));
#8590=CARTESIAN_POINT('',(16.748931991637,2.3288609956615,16.017324569418));
#8591=CARTESIAN_POINT('',(16.383128280527,2.2788609956615,16.383128280528));
#8592=CARTESIAN_POINT('',(16.017324569418,2.2288609956615,16.748931991638));
#8593=CARTESIAN_POINT('',(15.5,2.1788609956615,16.748931991638));
#8594=CARTESIAN_POINT('',(14.982675430582,2.1288609956615,16.748931991638));
#8595=CARTESIAN_POINT('',(14.616871719472,2.0788609956615,16.383128280528));
#8596=CARTESIAN_POINT('',(14.251068008362,2.0288609956615,16.017324569418));
#8597=CARTESIAN_POINT('',(14.251068008362,1.9788609956615,15.5));
#8598=CARTESIAN_POINT('',(14.251068008362,1.9288609956615,14.982675430582));
#8599=CARTESIAN_POINT('',(14.616871719472,1.8788609956615,14.616871719472));
#8600=CARTESIAN_POINT('',(14.982675430582,1.8288609956615,14.251068008363));
#8601=CARTESIAN_POINT('',(15.5,1.7788609956615,14.251068008363));
#8602=CARTESIAN_POINT('',(16.017324569418,1.7288609956615,14.251068008363));
#8603=CARTESIAN_POINT('',(16.383128280527,1.6788609956615,14.616871719473));
#8604=CARTESIAN_POINT('',(16.748931991637,1.6288609956615,14.982675430582));
#8605=CARTESIAN_POINT('',(16.748931991637,1.5788609956615,15.5));
#8606=CARTESIAN_POINT('',(16.748931991637,1.5288609956615,16.017324569418));
#8607=CARTESIAN_POINT('',(16.383128280527,1.4788609956615,16.383128280528));
#8608=CARTESIAN_POINT('',(16.017324569418,1.4288609956615,16.748931991638));
#8609=CARTESIAN_POINT('',(15.5,1.3788609956615,16.748931991638));
#8610=CARTESIAN_POINT('',(14.982675430582,1.3288609956615,16.748931991638));
#8611=CARTESIAN_POINT('',(14.616871719472,1.2788609956615,16.383128280528));
#8612=CARTESIAN_POINT('',(14.251068008362,1.2288609956615,16.017324569418));
#8613=CARTESIAN_POINT('',(14.251068008362,1.1788609956615,15.5));
#8614=CARTESIAN_POINT('',(14.251068008362,1.1288609956615,14.982675430582));
#8615=CARTESIAN_POINT('',(14.616871719472,1.0788609956615,14.616871719472));
#8616=CARTESIAN_POINT('',(14.982675430582,1.0288609956615,14.251068008363));
#8617=CARTESIAN_POINT('',(15.5,0.97886099566149,14.251068008363));
#8618=CARTESIAN_POINT('',(16.017324569418,0.92886099566149,14.251068008363));
#8619=CARTESIAN_POINT('',(16.383128280527,0.87886099566149,14.616871719473));
#8620=CARTESIAN_POINT('',(16.748931991637,0.82886099566149,14.982675430582));
#8621=CARTESIAN_POINT('',(16.748931991637,0.77886099566149,15.5));
#8622=CARTESIAN_POINT('',(16.748931991637,0.72886099566149,16.017324569418));
#8623=CARTESIAN_POINT('',(16.383128280527,0.67886099566149,16.383128280528));
#8624=CARTESIAN_POINT('',(16.017324569418,0.62886099566149,16.748931991638));
#8625=CARTESIAN_POINT('',(15.5,0.57886099566149,16.748931991638));
#8626=CARTESIAN_POINT('',(14.982675430582,0.52886099566149,16.748931991638));
#8627=CARTESIAN_POINT('',(14.616871719472,0.47886099566149,16.383128280528));
#8628=CARTESIAN_POINT('',(14.251068008362,0.42886099566149,16.017324569418));
#8629=CARTESIAN_POINT('',(14.251068008362,0.37886099566149,15.5));
#8630=CARTESIAN_POINT('',(14.251068008362,0.32886099566149,14.982675430582));
#8631=CARTESIAN_POINT('',(14.616871719472,0.27886099566149,14.616871719472));
#8632=CARTESIAN_POINT('',(14.982675430582,0.22886099566149,14.251068008363));
#8633=CARTESIAN_POINT('',(15.5,0.17886099566149,14.251068008363));
#8634=CARTESIAN_POINT('',(16.017324569418,0.12886099566149,14.251068008363));
#8635=CARTESIAN_POINT('',(16.383128280527,0.078860995661489,14.616871719473));
#8636=CARTESIAN_POINT('',(16.748931991637,0.028860995661489,14.982675430582));
#8637=CARTESIAN_POINT('',(16.748931991637,-0.021139004338511,15.5));
#8638=CARTESIAN_POINT('',(16.748931991637,-0.071139004338511,16.017324569418));
#8639=CARTESIAN_POINT('',(16.383128280527,-0.12113900433851,16.383128280528));
#8640=CARTESIAN_POINT('',(16.017324569418,-0.17113900433851,16.748931991638));
#8641=CARTESIAN_POINT('',(15.5,-0.22113900433851,16.748931991638));
#8642=CARTESIAN_POINT('',(15.5,4.6211390043385,14.251068008363));
#8643=CARTESIAN_POINT('',(16.017324569418,4.5711390043385,14.251068008363));
#8644=CARTESIAN_POINT('',(16.383128280527,4.5211390043385,14.616871719473));
#8645=CARTESIAN_POINT('',(16.748931991637,4.4711390043385,14.982675430582));
#8646=CARTESIAN_POINT('',(16.748931991637,4.4211390043385,15.5));
#8647=CARTESIAN_POINT('',(16.748931991637,4.3711390043385,16.017324569418));
#8648=CARTESIAN_POINT('',(16.383128280527,4.3211390043385,16.383128280528));
#8649=CARTESIAN_POINT('',(16.017324569418,4.2711390043385,16.748931991638));
#8650=CARTESIAN_POINT('',(15.5,4.2211390043385,16.748931991638));
#8651=CARTESIAN_POINT('',(14.982675430582,4.1711390043385,16.748931991638));
#8652=CARTESIAN_POINT('',(14.616871719472,4.1211390043385,16.383128280528));
#8653=CARTESIAN_POINT('',(14.251068008362,4.0711390043385,16.017324569418));
#8654=CARTESIAN_POINT('',(14.251068008362,4.0211390043385,15.5));
#8655=CARTESIAN_POINT('',(14.251068008362,3.9711390043385,14.982675430582));
#8656=CARTESIAN_POINT('',(14.616871719472,3.9211390043385,14.616871719472));
#8657=CARTESIAN_POINT('',(14.982675430582,3.8711390043385,14.251068008363));
#8658=CARTESIAN_POINT('',(15.5,3.8211390043385,14.251068008363));
#8659=CARTESIAN_POINT('',(16.017324569418,3.7711390043385,14.251068008363));
#8660=CARTESIAN_POINT('',(16.383128280527,3.7211390043385,14.616871719473));
#8661=CARTESIAN_POINT('',(16.748931991637,3.6711390043385,14.982675430582));
#8662=CARTESIAN_POINT('',(16.748931991637,3.6211390043385,15.5));
#8663=CARTESIAN_POINT('',(16.748931991637,3.5711390043385,16.017324569418));
#8664=CARTESIAN_POINT('',(16.383128280527,3.5211390043385,16.383128280528));
#8665=CARTESIAN_POINT('',(16.017324569418,3.4711390043385,16.748931991638));
#8666=CARTESIAN_POINT('',(15.5,3.4211390043385,16.748931991638));
#8667=CARTESIAN_POINT('',(14.982675430582,3.3711390043385,16.748931991638));
#8668=CARTESIAN_POINT('',(14.616871719472,3.3211390043385,16.383128280528));
#8669=CARTESIAN_POINT('',(14.251068008362,3.2711390043385,16.017324569418));
#8670=CARTESIAN_POINT('',(14.251068008362,3.2211390043385,15.5));
#8671=CARTESIAN_POINT('',(14.251068008362,3.1711390043385,14.982675430582));
#8672=CARTESIAN_POINT('',(14.616871719472,3.1211390043385,14.616871719472));
#8673=CARTESIAN_POINT('',(14.982675430582,3.0711390043385,14.251068008363));
#8674=CARTESIAN_POINT('',(15.5,3.0211390043385,14.251068008363));
#8675=CARTESIAN_POINT('',(16.017324569418,2.9711390043385,14.251068008363));
#8676=CARTESIAN_POINT('',(16.383128280527,2.9211390043385,14.616871719473));
#8677=CARTESIAN_POINT('',(16.748931991637,2.8711390043385,14.982675430582));
#8678=CARTESIAN_POINT('',(16.748931991637,2.8211390043385,15.5));
#8679=CARTESIAN_POINT('',(16.748931991637,2.7711390043385,16.017324569418));
#8680=CARTESIAN_POINT('',(16.383128280527,2.7211390043385,16.383128280528));
#8681=CARTESIAN_POINT('',(16.017324569418,2.6711390043385,16.748931991638));
#8682=CARTESIAN_POINT('',(15.5,2.6211390043385,16.748931991638));
#8683=CARTESIAN_POINT('',(14.982675430582,2.5711390043385,16.748931991638));
#8684=CARTESIAN_POINT('',(14.616871719472,2.5211390043385,16.383128280528));
#8685=CARTESIAN_POINT('',(14.251068008362,2.4711390043385,16.017324569418));
#8686=CARTESIAN_POINT('',(14.251068008362,2.4211390043385,15.5));
#8687=CARTESIAN_POINT('',(14.251068008362,2.3711390043385,14.982675430582));
#8688=CARTESIAN_POINT('',(14.616871719472,2.3211390043385,14.616871719472));
#8689=CARTESIAN_POINT('',(14.982675430582,2.2711390043385,14.251068008363));
#8690=CARTESIAN_POINT('',(15.5,2.2211390043385,14.251068008363));
#8691=CARTESIAN_POINT('',(16.017324569418,2.1711390043385,14.251068008363));
#8692=CARTESIAN_POINT('',(16.383128280527,2.1211390043385,14.616871719473));
#8693=CARTESIAN_POINT('',(16.748931991637,2.0711390043385,14.982675430582));
#8694=CARTESIAN_POINT('',(16.748931991637,2.0211390043385,15.5));
#8695=CARTESIAN_POINT('',(16.748931991637,1.9711390043385,16.017324569418));
#8696=CARTESIAN_POINT('',(16.383128280527,1.9211390043385,16.383128280528));
#8697=CARTESIAN_POINT('',(16.017324569418,1.8711390043385,16.748931991638));
#8698=CARTESIAN_POINT('',(15.5,1.8211390043385,16.748931991638));
#8699=CARTESIAN_POINT('',(14.982675430582,1.7711390043385,16.748931991638));
#8700=CARTESIAN_POINT('',(14.616871719472,1.7211390043385,16.383128280528));
#8701=CARTESIAN_POINT('',(14.251068008362,1.6711390043385,16.017324569418));
#8702=CARTESIAN_POINT('',(14.251068008362,1.6211390043385,15.5));
#8703=CARTESIAN_POINT('',(14.251068008362,1.5711390043385,14.982675430582));
#8704=CARTESIAN_POINT('',(14.616871719472,1.5211390043385,14.616871719472));
#8705=CARTESIAN_POINT('',(14.982675430582,1.4711390043385,14.251068008363));
#8706=CARTESIAN_POINT('',(15.5,1.4211390043385,14.251068008363));
#8707=CARTESIAN_POINT('',(16.017324569418,1.3711390043385,14.251068008363));
#8708=CARTESIAN_POINT('',(16.383128280527,1.3211390043385,14.616871719473));
#8709=CARTESIAN_POINT('',(16.748931991637,1.2711390043385,14.982675430582));
#8710=CARTESIAN_POINT('',(16.748931991637,1.2211390043385,15.5));
#8711=CARTESIAN_POINT('',(16.748931991637,1.1711390043385,16.017324569418));
#8712=CARTESIAN_POINT('',(16.383128280527,1.1211390043385,16.383128280528));
#8713=CARTESIAN_POINT('',(16.017324569418,1.0711390043385,16.748931991638));
#8714=CARTESIAN_POINT('',(15.5,1.0211390043385,16.748931991638));
#8715=CARTESIAN_POINT('',(14.982675430582,0.97113900433851,16.748931991638));
#8716=CARTESIAN_POINT('',(14.616871719472,0.92113900433851,16.383128280528));
#8717=CARTESIAN_POINT('',(14.251068008362,0.87113900433851,16.017324569418));
#8718=CARTESIAN_POINT('',(14.251068008362,0.82113900433851,15.5));
#8719=CARTESIAN_POINT('',(14.251068008362,0.77113900433851,14.982675430582));
#8720=CARTESIAN_POINT('',(14.616871719472,0.72113900433851,14.616871719472));
#8721=CARTESIAN_POINT('',(14.982675430582,0.67113900433851,14.251068008363));
#8722=CARTESIAN_POINT('',(15.5,0.62113900433851,14.251068008363));
#8723=CARTESIAN_POINT('',(16.017324569418,0.57113900433851,14.251068008363));
#8724=CARTESIAN_POINT('',(16.383128280527,0.52113900433851,14.616871719473));
#8725=CARTESIAN_POINT('',(16.748931991637,0.47113900433851,14.982675430582));
#8726=CARTESIAN_POINT('',(16.748931991637,0.42113900433851,15.5));
#8727=CARTESIAN_POINT('',(16.748931991637,0.37113900433851,16.017324569418));
#8728=CARTESIAN_POINT('',(16.383128280527,0.32113900433851,16.383128280528));
#8729=CARTESIAN_POINT('',(16.017324569418,0.27113900433851,16.748931991638));
#8730=CARTESIAN_POINT('',(15.5,0.22113900433851,16.748931991638));
#8731=(BOUNDED_SURFACE()B_SPLINE_SURFACE(1,2,((#8553,#8554,#8555,#8556,#8557,#8558,#8559,#8560,#8561,#8562,#8563,#8564,#8565,#8566,#8567,#8568,#8569,#8570,#8571,#8572,#8573,#8574,#8575,#8576,#8577,#8578,#8579,#8580,#8581,#8582,#8583,#8584,#8585,#8586,#8587,#8588,#8589,#8590,#8591,#8592,#8593,#8594,#8595,#8596,#8597,#8598,#8599,#8600,#8601,#8602,#8603,#8604,#8605,#8606,#8607,#8608,#8609,#8610,#8611,#8612,#8613,#8614,#8615,#8616,#8617,#8618,#8619,#8620,#8621,#8622,#8623,#8624,#8625,#8626,#8627,#8628,#8629,#8630,#8631,#8632,#8633,#8634,#8635,#8636,#8637,#8638,#8639,#8640,#8641),(#8642,#8643,#8644,#8645,#8646,#8647,#8648,#8649,#8650,#8651,#8652,#8653,#8654,#8655,#8656,#8657,#8658,#8659,#8660,#8661,#8662,#8663,#8664,#8665,#8666,#8667,#8668,#8669,#8670,#8671,#8672,#8673,#8674,#8675,#8676,#8677,#8678,#8679,#8680,#8681,#8682,#8683,#8684,#8685,#8686,#8687,#8688,#8689,#8690,#8691,#8692,#8693,#8694,#8695,#8696,#8697,#8698,#8699,#8700,#8701,#8702,#8703,#8704,#8705,#8706,#8707,#8708,#8709,#8710,#8711,#8712,#8713,#8714,#8715,#8716,#8717,#8718,#8719,#8720,#8721,#8722,#8723,#8724,#8725,#8726,#8727,#8728,#8729,#8730)),.UNSPECIFIED.,.F.,.F.,.U.)B_SPLINE_SURFACE_WITH_KNOTS((2,2),(3,2,2,2,2,2,2,2,2,2,2,2,2,2,2,2,2,2,2,2,2,2,2,2,2,2,2,2,2,2,2,2,2,2,2,2,2,2,2,2,2,2,2,2,3),(0.,0.44227800867702),(0.,1.0394704615781,2.0789409231563,3.1184113847344,4.1578818463126,5.1973523078907,6.2368227694689,7.276293231047,8.3157636926252,9.3552341542033,10.394704615781,11.43417507736,12.473645538938,13.513116000516,14.552586462094,15.592056923672,16.63152738525,17.670997846829,18.710468308407,19.749938769985,20.789409231563,21.828879693141,22.868350154719,23.907820616297,24.947291077876,25.986761539454,27.026232001032,28.06570246261,29.105172924188,30.144643385766,31.184113847344,32.223584308923,33.263054770501,34.302525232079,35.341995693657,36.381466155235,37.420936616813,38.460407078391,39.49987753997,40.539348001548,41.578818463126,42.618288924704,43.657759386282,44.69722984786,45.736700309438),.UNSPECIFIED.)GEOMETRIC_REPRESENTATION_ITEM()RATIONAL_B_SPLINE_SURFACE(((1.,0.92387953251129,1.,0.92387953251129,1.,0.92387953251129,1.,0.92387953251129,1.,0.92387953251129,1.,0.92387953251129,1.,0.92387953251129,1.,0.92387953251129,1.,0.92387953251129,1.,0.92387953251129,1.,0.92387953251129,1.,0.92387953251129,1.,0.92387953251129,1.,0.92387953251129,1.,0.92387953251129,1.,0.92387953251129,1.,0.92387953251129,1.,0.92387953251129,1.,0.92387953251129,1.,0.92387953251129,1.,0.92387953251129,1.,0.92387953251129,1.,0.92387953251129,1.,0.92387953251129,1.,0.92387953251129,1.,0.92387953251129,1.,0.92387953251129,1.,0.92387953251129,1.,0.92387953251129,1.,0.92387953251129,1.,0.92387953251129,1.,0.92387953251129,1.,0.92387953251129,1.,0.92387953251129,1.,0.92387953251129,1.,0.92387953251129,1.,0.92387953251129,1.,0.92387953251129,1.,0.92387953251129,1.,0.92387953251129,1.,0.92387953251129,1.,0.92387953251129,1.,0.92387953251129,1.,0.92387953251129,1.),(1.,0.92387953251129,1.,0.92387953251129,1.,0.92387953251129,1.,0.92387953251129,1.,0.92387953251129,1.,0.92387953251129,1.,0.92387953251129,1.,0.92387953251129,1.,0.92387953251129,1.,0.92387953251129,1.,0.92387953251129,1.,0.92387953251129,1.,0.92387953251129,1.,0.92387953251129,1.,0.92387953251129,1.,0.92387953251129,1.,0.92387953251129,1.,0.92387953251129,1.,0.92387953251129,1.,0.92387953251129,1.,0.92387953251129,1.,0.92387953251129,1.,0.92387953251129,1.,0.92387953251129,1.,0.92387953251129,1.,0.92387953251129,1.,0.92387953251129,1.,0.92387953251129,1.,0.92387953251129,1.,0.92387953251129,1.,0.92387953251129,1.,0.92387953251129,1.,0.92387953251129,1.,0.92387953251129,1.,0.92387953251129,1.,0.92387953251129,1.,0.92387953251129,1.,0.92387953251129,1.,0.92387953251129,1.,0.92387953251129,1.,0.92387953251129,1.,0.92387953251129,1.,0.92387953251129,1.,0.92387953251129,1.)))REPRESENTATION_ITEM('')SURFACE());
#8732=CARTESIAN_POINT('',(16.519785581595,4.5,14.77898093832));
#8733=VERTEX_POINT('',#8732);
#8734=CARTESIAN_POINT('',(16.519785581595,4.5,14.77898093832));
#8735=CARTESIAN_POINT('',(16.461881889609,4.5,14.697083866041));
#8736=CARTESIAN_POINT('',(16.395424758838,4.5,14.623718276982));
#8737=CARTESIAN_POINT('',(16.246001929858,4.5,14.493453290957));
#8738=CARTESIAN_POINT('',(16.162306911065,4.5,14.436531558125));
#8739=CARTESIAN_POINT('',(15.89881367071,4.5,14.300034757968));
#8740=CARTESIAN_POINT('',(15.70059878358,4.5,14.251068008363));
#8741=CARTESIAN_POINT('',(15.5,4.5,14.251068008363));
#8742=B_SPLINE_CURVE_WITH_KNOTS('',3,(#8734,#8735,#8736,#8737,#8738,#8739,#8740,#8741),.UNSPECIFIED.,.F.,.U.,(4,2,2,4),(0.,0.00029662736811385,0.0005932547362277,0.0011865094724554),.UNSPECIFIED.);
#8743=EDGE_CURVE('',#8733,#1075,#8742,.T.);
#8744=ORIENTED_EDGE('',*,*,#8743,.T.);
#8745=ORIENTED_EDGE('',*,*,#8547,.F.);
#8746=CARTESIAN_POINT('',(15.5,4.6211390043385,14.251068008363));
#8747=CARTESIAN_POINT('',(16.017324569418,4.5711390043385,14.251068008363));
#8748=CARTESIAN_POINT('',(16.383128280527,4.5211390043385,14.616871719473));
#8749=CARTESIAN_POINT('',(16.458361972681,4.5108556624985,14.692105411626));
#8750=CARTESIAN_POINT('',(16.519785581595,4.5,14.77898093832));
#8751=(BOUNDED_CURVE()B_SPLINE_CURVE(2,(#8746,#8747,#8748,#8749,#8750),.UNSPECIFIED.,.F.,.U.)B_SPLINE_CURVE_WITH_KNOTS((3,2,3),(0.8912728583961,0.91210619172943,0.91666666666667),.UNSPECIFIED.)CURVE()GEOMETRIC_REPRESENTATION_ITEM()RATIONAL_B_SPLINE_CURVE((1.,0.92387953251129,1.,0.98333701675875,0.97396918079282))REPRESENTATION_ITEM(''));
#8752=EDGE_CURVE('',#8534,#8733,#8751,.T.);
#8753=ORIENTED_EDGE('',*,*,#8752,.T.);
#8754=EDGE_LOOP('',(#8744,#8745,#8753));
#8755=FACE_OUTER_BOUND('',#8754,.T.);
#8756=ADVANCED_FACE('',(#8755),#8731,.T.);
#8757=CARTESIAN_POINT('',(15.5,4.5,15.5));
#8758=DIRECTION('',(-1.,0.,-1.0952514844729E-14));
#8759=DIRECTION('',(0.,-1.,-0.));
#8760=AXIS2_PLACEMENT_3D('',#8757,#8759,#8758);
#8761=PLANE('',#8760);
#8762=ORIENTED_EDGE('',*,*,#8743,.F.);
#8763=CARTESIAN_POINT('',(15.5,4.5,15.5));
#8764=DIRECTION('',(0.81652611064762,-7.105427357601E-16,-0.57730850559356));
#8765=DIRECTION('',(0.,-1.,0.));
#8766=AXIS2_PLACEMENT_3D('',#8763,#8765,#8764);
#8767=CIRCLE('',#8766,1.25);
#8768=EDGE_CURVE('',#8733,#1077,#8767,.T.);
#8769=ORIENTED_EDGE('',*,*,#8768,.T.);
#8770=ORIENTED_EDGE('',*,*,#1083,.F.);
#8771=EDGE_LOOP('',(#8762,#8769,#8770));
#8772=FACE_OUTER_BOUND('',#8771,.T.);
#8773=ADVANCED_FACE('',(#8772),#8761,.T.);
#8774=CARTESIAN_POINT('',(15.5,4.1788609956615,14.001068008363));
#8775=CARTESIAN_POINT('',(16.120877960011,4.1288609956615,14.001068008363));
#8776=CARTESIAN_POINT('',(16.559904975824,4.0788609956615,14.440095024176));
#8777=CARTESIAN_POINT('',(16.998931991637,4.0288609956615,14.879122039989));
#8778=CARTESIAN_POINT('',(16.998931991637,3.9788609956615,15.5));
#8779=CARTESIAN_POINT('',(16.998931991637,3.9288609956615,16.120877960011));
#8780=CARTESIAN_POINT('',(16.559904975824,3.8788609956615,16.559904975824));
#8781=CARTESIAN_POINT('',(16.120877960011,3.8288609956615,16.998931991638));
#8782=CARTESIAN_POINT('',(15.5,3.7788609956615,16.998931991638));
#8783=CARTESIAN_POINT('',(14.879122039989,3.7288609956615,16.998931991638));
#8784=CARTESIAN_POINT('',(14.440095024176,3.6788609956615,16.559904975824));
#8785=CARTESIAN_POINT('',(14.001068008362,3.6288609956615,16.120877960011));
#8786=CARTESIAN_POINT('',(14.001068008362,3.5788609956615,15.5));
#8787=CARTESIAN_POINT('',(14.001068008362,3.5288609956615,14.879122039989));
#8788=CARTESIAN_POINT('',(14.440095024176,3.4788609956615,14.440095024176));
#8789=CARTESIAN_POINT('',(14.879122039989,3.4288609956615,14.001068008363));
#8790=CARTESIAN_POINT('',(15.5,3.3788609956615,14.001068008363));
#8791=CARTESIAN_POINT('',(16.120877960011,3.3288609956615,14.001068008363));
#8792=CARTESIAN_POINT('',(16.559904975824,3.2788609956615,14.440095024176));
#8793=CARTESIAN_POINT('',(16.998931991637,3.2288609956615,14.879122039989));
#8794=CARTESIAN_POINT('',(16.998931991637,3.1788609956615,15.5));
#8795=CARTESIAN_POINT('',(16.998931991637,3.1288609956615,16.120877960011));
#8796=CARTESIAN_POINT('',(16.559904975824,3.0788609956615,16.559904975824));
#8797=CARTESIAN_POINT('',(16.120877960011,3.0288609956615,16.998931991638));
#8798=CARTESIAN_POINT('',(15.5,2.9788609956615,16.998931991638));
#8799=CARTESIAN_POINT('',(14.879122039989,2.9288609956615,16.998931991638));
#8800=CARTESIAN_POINT('',(14.440095024176,2.8788609956615,16.559904975824));
#8801=CARTESIAN_POINT('',(14.001068008362,2.8288609956615,16.120877960011));
#8802=CARTESIAN_POINT('',(14.001068008362,2.7788609956615,15.5));
#8803=CARTESIAN_POINT('',(14.001068008362,2.7288609956615,14.879122039989));
#8804=CARTESIAN_POINT('',(14.440095024176,2.6788609956615,14.440095024176));
#8805=CARTESIAN_POINT('',(14.879122039989,2.6288609956615,14.001068008363));
#8806=CARTESIAN_POINT('',(15.5,2.5788609956615,14.001068008363));
#8807=CARTESIAN_POINT('',(16.120877960011,2.5288609956615,14.001068008363));
#8808=CARTESIAN_POINT('',(16.559904975824,2.4788609956615,14.440095024176));
#8809=CARTESIAN_POINT('',(16.998931991637,2.4288609956615,14.879122039989));
#8810=CARTESIAN_POINT('',(16.998931991637,2.3788609956615,15.5));
#8811=CARTESIAN_POINT('',(16.998931991637,2.3288609956615,16.120877960011));
#8812=CARTESIAN_POINT('',(16.559904975824,2.2788609956615,16.559904975824));
#8813=CARTESIAN_POINT('',(16.120877960011,2.2288609956615,16.998931991638));
#8814=CARTESIAN_POINT('',(15.5,2.1788609956615,16.998931991638));
#8815=CARTESIAN_POINT('',(14.879122039989,2.1288609956615,16.998931991638));
#8816=CARTESIAN_POINT('',(14.440095024176,2.0788609956615,16.559904975824));
#8817=CARTESIAN_POINT('',(14.001068008362,2.0288609956615,16.120877960011));
#8818=CARTESIAN_POINT('',(14.001068008362,1.9788609956615,15.5));
#8819=CARTESIAN_POINT('',(14.001068008362,1.9288609956615,14.879122039989));
#8820=CARTESIAN_POINT('',(14.440095024176,1.8788609956615,14.440095024176));
#8821=CARTESIAN_POINT('',(14.879122039989,1.8288609956615,14.001068008363));
#8822=CARTESIAN_POINT('',(15.5,1.7788609956615,14.001068008363));
#8823=CARTESIAN_POINT('',(16.120877960011,1.7288609956615,14.001068008363));
#8824=CARTESIAN_POINT('',(16.559904975824,1.6788609956615,14.440095024176));
#8825=CARTESIAN_POINT('',(16.998931991637,1.6288609956615,14.879122039989));
#8826=CARTESIAN_POINT('',(16.998931991637,1.5788609956615,15.5));
#8827=CARTESIAN_POINT('',(16.998931991637,1.5288609956615,16.120877960011));
#8828=CARTESIAN_POINT('',(16.559904975824,1.4788609956615,16.559904975824));
#8829=CARTESIAN_POINT('',(16.120877960011,1.4288609956615,16.998931991638));
#8830=CARTESIAN_POINT('',(15.5,1.3788609956615,16.998931991638));
#8831=CARTESIAN_POINT('',(14.879122039989,1.3288609956615,16.998931991638));
#8832=CARTESIAN_POINT('',(14.440095024176,1.2788609956615,16.559904975824));
#8833=CARTESIAN_POINT('',(14.001068008362,1.2288609956615,16.120877960011));
#8834=CARTESIAN_POINT('',(14.001068008362,1.1788609956615,15.5));
#8835=CARTESIAN_POINT('',(14.001068008362,1.1288609956615,14.879122039989));
#8836=CARTESIAN_POINT('',(14.440095024176,1.0788609956615,14.440095024176));
#8837=CARTESIAN_POINT('',(14.879122039989,1.0288609956615,14.001068008363));
#8838=CARTESIAN_POINT('',(15.5,0.97886099566149,14.001068008363));
#8839=CARTESIAN_POINT('',(16.120877960011,0.92886099566149,14.001068008363));
#8840=CARTESIAN_POINT('',(16.559904975824,0.87886099566149,14.440095024176));
#8841=CARTESIAN_POINT('',(16.998931991637,0.82886099566149,14.879122039989));
#8842=CARTESIAN_POINT('',(16.998931991637,0.77886099566149,15.5));
#8843=CARTESIAN_POINT('',(16.998931991637,0.72886099566149,16.120877960011));
#8844=CARTESIAN_POINT('',(16.559904975824,0.67886099566149,16.559904975824));
#8845=CARTESIAN_POINT('',(16.120877960011,0.62886099566149,16.998931991638));
#8846=CARTESIAN_POINT('',(15.5,0.57886099566149,16.998931991638));
#8847=CARTESIAN_POINT('',(14.879122039989,0.52886099566149,16.998931991638));
#8848=CARTESIAN_POINT('',(14.440095024176,0.47886099566149,16.559904975824));
#8849=CARTESIAN_POINT('',(14.001068008362,0.42886099566149,16.120877960011));
#8850=CARTESIAN_POINT('',(14.001068008362,0.37886099566149,15.5));
#8851=CARTESIAN_POINT('',(14.001068008362,0.32886099566149,14.879122039989));
#8852=CARTESIAN_POINT('',(14.440095024176,0.27886099566149,14.440095024176));
#8853=CARTESIAN_POINT('',(14.879122039989,0.22886099566149,14.001068008363));
#8854=CARTESIAN_POINT('',(15.5,0.17886099566149,14.001068008363));
#8855=CARTESIAN_POINT('',(16.120877960011,0.12886099566149,14.001068008363));
#8856=CARTESIAN_POINT('',(16.559904975824,0.078860995661489,14.440095024176));
#8857=CARTESIAN_POINT('',(16.998931991637,0.028860995661489,14.879122039989));
#8858=CARTESIAN_POINT('',(16.998931991637,-0.021139004338511,15.5));
#8859=CARTESIAN_POINT('',(16.998931991637,-0.071139004338511,16.120877960011));
#8860=CARTESIAN_POINT('',(16.559904975824,-0.12113900433851,16.559904975824));
#8861=CARTESIAN_POINT('',(16.120877960011,-0.17113900433851,16.998931991638));
#8862=CARTESIAN_POINT('',(15.5,-0.22113900433851,16.998931991638));
#8863=CARTESIAN_POINT('',(15.5,4.1788609956615,14.251068008363));
#8864=CARTESIAN_POINT('',(16.017324569418,4.1288609956615,14.251068008363));
#8865=CARTESIAN_POINT('',(16.383128280527,4.0788609956615,14.616871719473));
#8866=CARTESIAN_POINT('',(16.748931991637,4.0288609956615,14.982675430582));
#8867=CARTESIAN_POINT('',(16.748931991637,3.9788609956615,15.5));
#8868=CARTESIAN_POINT('',(16.748931991637,3.9288609956615,16.017324569418));
#8869=CARTESIAN_POINT('',(16.383128280527,3.8788609956615,16.383128280528));
#8870=CARTESIAN_POINT('',(16.017324569418,3.8288609956615,16.748931991638));
#8871=CARTESIAN_POINT('',(15.5,3.7788609956615,16.748931991638));
#8872=CARTESIAN_POINT('',(14.982675430582,3.7288609956615,16.748931991638));
#8873=CARTESIAN_POINT('',(14.616871719472,3.6788609956615,16.383128280528));
#8874=CARTESIAN_POINT('',(14.251068008362,3.6288609956615,16.017324569418));
#8875=CARTESIAN_POINT('',(14.251068008362,3.5788609956615,15.5));
#8876=CARTESIAN_POINT('',(14.251068008362,3.5288609956615,14.982675430582));
#8877=CARTESIAN_POINT('',(14.616871719472,3.4788609956615,14.616871719472));
#8878=CARTESIAN_POINT('',(14.982675430582,3.4288609956615,14.251068008363));
#8879=CARTESIAN_POINT('',(15.5,3.3788609956615,14.251068008363));
#8880=CARTESIAN_POINT('',(16.017324569418,3.3288609956615,14.251068008363));
#8881=CARTESIAN_POINT('',(16.383128280527,3.2788609956615,14.616871719473));
#8882=CARTESIAN_POINT('',(16.748931991637,3.2288609956615,14.982675430582));
#8883=CARTESIAN_POINT('',(16.748931991637,3.1788609956615,15.5));
#8884=CARTESIAN_POINT('',(16.748931991637,3.1288609956615,16.017324569418));
#8885=CARTESIAN_POINT('',(16.383128280527,3.0788609956615,16.383128280528));
#8886=CARTESIAN_POINT('',(16.017324569418,3.0288609956615,16.748931991638));
#8887=CARTESIAN_POINT('',(15.5,2.9788609956615,16.748931991638));
#8888=CARTESIAN_POINT('',(14.982675430582,2.9288609956615,16.748931991638));
#8889=CARTESIAN_POINT('',(14.616871719472,2.8788609956615,16.383128280528));
#8890=CARTESIAN_POINT('',(14.251068008362,2.8288609956615,16.017324569418));
#8891=CARTESIAN_POINT('',(14.251068008362,2.7788609956615,15.5));
#8892=CARTESIAN_POINT('',(14.251068008362,2.7288609956615,14.982675430582));
#8893=CARTESIAN_POINT('',(14.616871719472,2.6788609956615,14.616871719472));
#8894=CARTESIAN_POINT('',(14.982675430582,2.6288609956615,14.251068008363));
#8895=CARTESIAN_POINT('',(15.5,2.5788609956615,14.251068008363));
#8896=CARTESIAN_POINT('',(16.017324569418,2.5288609956615,14.251068008363));
#8897=CARTESIAN_POINT('',(16.383128280527,2.4788609956615,14.616871719473));
#8898=CARTESIAN_POINT('',(16.748931991637,2.4288609956615,14.982675430582));
#8899=CARTESIAN_POINT('',(16.748931991637,2.3788609956615,15.5));
#8900=CARTESIAN_POINT('',(16.748931991637,2.3288609956615,16.017324569418));
#8901=CARTESIAN_POINT('',(16.383128280527,2.2788609956615,16.383128280528));
#8902=CARTESIAN_POINT('',(16.017324569418,2.2288609956615,16.748931991638));
#8903=CARTESIAN_POINT('',(15.5,2.1788609956615,16.748931991638));
#8904=CARTESIAN_POINT('',(14.982675430582,2.1288609956615,16.748931991638));
#8905=CARTESIAN_POINT('',(14.616871719472,2.0788609956615,16.383128280528));
#8906=CARTESIAN_POINT('',(14.251068008362,2.0288609956615,16.017324569418));
#8907=CARTESIAN_POINT('',(14.251068008362,1.9788609956615,15.5));
#8908=CARTESIAN_POINT('',(14.251068008362,1.9288609956615,14.982675430582));
#8909=CARTESIAN_POINT('',(14.616871719472,1.8788609956615,14.616871719472));
#8910=CARTESIAN_POINT('',(14.982675430582,1.8288609956615,14.251068008363));
#8911=CARTESIAN_POINT('',(15.5,1.7788609956615,14.251068008363));
#8912=CARTESIAN_POINT('',(16.017324569418,1.7288609956615,14.251068008363));
#8913=CARTESIAN_POINT('',(16.383128280527,1.6788609956615,14.616871719473));
#8914=CARTESIAN_POINT('',(16.748931991637,1.6288609956615,14.982675430582));
#8915=CARTESIAN_POINT('',(16.748931991637,1.5788609956615,15.5));
#8916=CARTESIAN_POINT('',(16.748931991637,1.5288609956615,16.017324569418));
#8917=CARTESIAN_POINT('',(16.383128280527,1.4788609956615,16.383128280528));
#8918=CARTESIAN_POINT('',(16.017324569418,1.4288609956615,16.748931991638));
#8919=CARTESIAN_POINT('',(15.5,1.3788609956615,16.748931991638));
#8920=CARTESIAN_POINT('',(14.982675430582,1.3288609956615,16.748931991638));
#8921=CARTESIAN_POINT('',(14.616871719472,1.2788609956615,16.383128280528));
#8922=CARTESIAN_POINT('',(14.251068008362,1.2288609956615,16.017324569418));
#8923=CARTESIAN_POINT('',(14.251068008362,1.1788609956615,15.5));
#8924=CARTESIAN_POINT('',(14.251068008362,1.1288609956615,14.982675430582));
#8925=CARTESIAN_POINT('',(14.616871719472,1.0788609956615,14.616871719472));
#8926=CARTESIAN_POINT('',(14.982675430582,1.0288609956615,14.251068008363));
#8927=CARTESIAN_POINT('',(15.5,0.97886099566149,14.251068008363));
#8928=CARTESIAN_POINT('',(16.017324569418,0.92886099566149,14.251068008363));
#8929=CARTESIAN_POINT('',(16.383128280527,0.87886099566149,14.616871719473));
#8930=CARTESIAN_POINT('',(16.748931991637,0.82886099566149,14.982675430582));
#8931=CARTESIAN_POINT('',(16.748931991637,0.77886099566149,15.5));
#8932=CARTESIAN_POINT('',(16.748931991637,0.72886099566149,16.017324569418));
#8933=CARTESIAN_POINT('',(16.383128280527,0.67886099566149,16.383128280528));
#8934=CARTESIAN_POINT('',(16.017324569418,0.62886099566149,16.748931991638));
#8935=CARTESIAN_POINT('',(15.5,0.57886099566149,16.748931991638));
#8936=CARTESIAN_POINT('',(14.982675430582,0.52886099566149,16.748931991638));
#8937=CARTESIAN_POINT('',(14.616871719472,0.47886099566149,16.383128280528));
#8938=CARTESIAN_POINT('',(14.251068008362,0.42886099566149,16.017324569418));
#8939=CARTESIAN_POINT('',(14.251068008362,0.37886099566149,15.5));
#8940=CARTESIAN_POINT('',(14.251068008362,0.32886099566149,14.982675430582));
#8941=CARTESIAN_POINT('',(14.616871719472,0.27886099566149,14.616871719472));
#8942=CARTESIAN_POINT('',(14.982675430582,0.22886099566149,14.251068008363));
#8943=CARTESIAN_POINT('',(15.5,0.17886099566149,14.251068008363));
#8944=CARTESIAN_POINT('',(16.017324569418,0.12886099566149,14.251068008363));
#8945=CARTESIAN_POINT('',(16.383128280527,0.078860995661489,14.616871719473));
#8946=CARTESIAN_POINT('',(16.748931991637,0.028860995661489,14.982675430582));
#8947=CARTESIAN_POINT('',(16.748931991637,-0.021139004338511,15.5));
#8948=CARTESIAN_POINT('',(16.748931991637,-0.071139004338511,16.017324569418));
#8949=CARTESIAN_POINT('',(16.383128280527,-0.12113900433851,16.383128280528));
#8950=CARTESIAN_POINT('',(16.017324569418,-0.17113900433851,16.748931991638));
#8951=CARTESIAN_POINT('',(15.5,-0.22113900433851,16.748931991638));
#8952=(BOUNDED_SURFACE()B_SPLINE_SURFACE(1,2,((#8774,#8775,#8776,#8777,#8778,#8779,#8780,#8781,#8782,#8783,#8784,#8785,#8786,#8787,#8788,#8789,#8790,#8791,#8792,#8793,#8794,#8795,#8796,#8797,#8798,#8799,#8800,#8801,#8802,#8803,#8804,#8805,#8806,#8807,#8808,#8809,#8810,#8811,#8812,#8813,#8814,#8815,#8816,#8817,#8818,#8819,#8820,#8821,#8822,#8823,#8824,#8825,#8826,#8827,#8828,#8829,#8830,#8831,#8832,#8833,#8834,#8835,#8836,#8837,#8838,#8839,#8840,#8841,#8842,#8843,#8844,#8845,#8846,#8847,#8848,#8849,#8850,#8851,#8852,#8853,#8854,#8855,#8856,#8857,#8858,#8859,#8860,#8861,#8862),(#8863,#8864,#8865,#8866,#8867,#8868,#8869,#8870,#8871,#8872,#8873,#8874,#8875,#8876,#8877,#8878,#8879,#8880,#8881,#8882,#8883,#8884,#8885,#8886,#8887,#8888,#8889,#8890,#8891,#8892,#8893,#8894,#8895,#8896,#8897,#8898,#8899,#8900,#8901,#8902,#8903,#8904,#8905,#8906,#8907,#8908,#8909,#8910,#8911,#8912,#8913,#8914,#8915,#8916,#8917,#8918,#8919,#8920,#8921,#8922,#8923,#8924,#8925,#8926,#8927,#8928,#8929,#8930,#8931,#8932,#8933,#8934,#8935,#8936,#8937,#8938,#8939,#8940,#8941,#8942,#8943,#8944,#8945,#8946,#8947,#8948,#8949,#8950,#8951)),.UNSPECIFIED.,.F.,.F.,.U.)B_SPLINE_SURFACE_WITH_KNOTS((2,2),(3,2,2,2,2,2,2,2,2,2,2,2,2,2,2,2,2,2,2,2,2,2,2,2,2,2,2,2,2,2,2,2,2,2,2,2,2,2,2,2,2,2,2,2,3),(0.,0.25),(0.,1.2457759689889,2.4915519379779,3.7373279069668,4.9831038759558,6.2288798449447,7.4746558139336,8.7204317829226,9.9662077519115,11.2119837209,12.457759689889,13.703535658878,14.949311627867,16.195087596856,17.440863565845,18.686639534834,19.932415503823,21.178191472812,22.423967441801,23.66974341079,24.915519379779,26.161295348768,27.407071317757,28.652847286746,29.898623255735,31.144399224723,32.390175193712,33.635951162701,34.88172713169,36.127503100679,37.373279069668,38.619055038657,39.864831007646,41.110606976635,42.356382945624,43.602158914613,44.847934883602,46.093710852591,47.33948682158,48.585262790569,49.831038759558,51.076814728547,52.322590697535,53.568366666524,54.814142635513),.UNSPECIFIED.)GEOMETRIC_REPRESENTATION_ITEM()RATIONAL_B_SPLINE_SURFACE(((1.,0.92387953251129,1.,0.92387953251129,1.,0.92387953251129,1.,0.92387953251129,1.,0.92387953251129,1.,0.92387953251129,1.,0.92387953251129,1.,0.92387953251129,1.,0.92387953251129,1.,0.92387953251129,1.,0.92387953251129,1.,0.92387953251129,1.,0.92387953251129,1.,0.92387953251129,1.,0.92387953251129,1.,0.92387953251129,1.,0.92387953251129,1.,0.92387953251129,1.,0.92387953251129,1.,0.92387953251129,1.,0.92387953251129,1.,0.92387953251129,1.,0.92387953251129,1.,0.92387953251129,1.,0.92387953251129,1.,0.92387953251129,1.,0.92387953251129,1.,0.92387953251129,1.,0.92387953251129,1.,0.92387953251129,1.,0.92387953251129,1.,0.92387953251129,1.,0.92387953251129,1.,0.92387953251129,1.,0.92387953251129,1.,0.92387953251129,1.,0.92387953251129,1.,0.92387953251129,1.,0.92387953251129,1.,0.92387953251129,1.,0.92387953251129,1.,0.92387953251129,1.,0.92387953251129,1.,0.92387953251129,1.),(1.,0.92387953251129,1.,0.92387953251129,1.,0.92387953251129,1.,0.92387953251129,1.,0.92387953251129,1.,0.92387953251129,1.,0.92387953251129,1.,0.92387953251129,1.,0.92387953251129,1.,0.92387953251129,1.,0.92387953251129,1.,0.92387953251129,1.,0.92387953251129,1.,0.92387953251129,1.,0.92387953251129,1.,0.92387953251129,1.,0.92387953251129,1.,0.92387953251129,1.,0.92387953251129,1.,0.92387953251129,1.,0.92387953251129,1.,0.92387953251129,1.,0.92387953251129,1.,0.92387953251129,1.,0.92387953251129,1.,0.92387953251129,1.,0.92387953251129,1.,0.92387953251129,1.,0.92387953251129,1.,0.92387953251129,1.,0.92387953251129,1.,0.92387953251129,1.,0.92387953251129,1.,0.92387953251129,1.,0.92387953251129,1.,0.92387953251129,1.,0.92387953251129,1.,0.92387953251129,1.,0.92387953251129,1.,0.92387953251129,1.,0.92387953251129,1.,0.92387953251129,1.,0.92387953251129,1.,0.92387953251129,1.)))REPRESENTATION_ITEM('')SURFACE());
#8953=ORIENTED_EDGE('',*,*,#8300,.F.);
#8954=CARTESIAN_POINT('',(14.634653811921,0.5,16.723917109257));
#8955=CARTESIAN_POINT('',(15.023625791555,0.5404980452005,16.998931991638));
#8956=CARTESIAN_POINT('',(15.5,0.57886099566149,16.998931991638));
#8957=CARTESIAN_POINT('',(16.120877960011,0.62886099566149,16.998931991638));
#8958=CARTESIAN_POINT('',(16.559904975824,0.67886099566149,16.559904975824));
#8959=CARTESIAN_POINT('',(16.998931991637,0.72886099566149,16.120877960011));
#8960=CARTESIAN_POINT('',(16.998931991637,0.77886099566149,15.5));
#8961=CARTESIAN_POINT('',(16.998931991637,0.82886099566149,14.879122039989));
#8962=CARTESIAN_POINT('',(16.559904975824,0.87886099566149,14.440095024176));
#8963=CARTESIAN_POINT('',(16.120877960011,0.92886099566149,14.001068008363));
#8964=CARTESIAN_POINT('',(15.5,0.97886099566149,14.001068008363));
#8965=CARTESIAN_POINT('',(14.879122039989,1.0288609956615,14.001068008363));
#8966=CARTESIAN_POINT('',(14.440095024176,1.0788609956615,14.440095024176));
#8967=CARTESIAN_POINT('',(14.001068008362,1.1288609956615,14.879122039989));
#8968=CARTESIAN_POINT('',(14.001068008362,1.1788609956615,15.5));
#8969=CARTESIAN_POINT('',(14.001068008362,1.2288609956615,16.120877960011));
#8970=CARTESIAN_POINT('',(14.440095024176,1.2788609956615,16.559904975824));
#8971=CARTESIAN_POINT('',(14.879122039989,1.3288609956615,16.998931991638));
#8972=CARTESIAN_POINT('',(15.5,1.3788609956615,16.998931991638));
#8973=CARTESIAN_POINT('',(16.120877960011,1.4288609956615,16.998931991638));
#8974=CARTESIAN_POINT('',(16.559904975824,1.4788609956615,16.559904975824));
#8975=CARTESIAN_POINT('',(16.998931991637,1.5288609956615,16.120877960011));
#8976=CARTESIAN_POINT('',(16.998931991637,1.5788609956615,15.5));
#8977=CARTESIAN_POINT('',(16.998931991637,1.6288609956615,14.879122039989));
#8978=CARTESIAN_POINT('',(16.559904975824,1.6788609956615,14.440095024176));
#8979=CARTESIAN_POINT('',(16.120877960011,1.7288609956615,14.001068008363));
#8980=CARTESIAN_POINT('',(15.5,1.7788609956615,14.001068008363));
#8981=CARTESIAN_POINT('',(14.879122039989,1.8288609956615,14.001068008363));
#8982=CARTESIAN_POINT('',(14.440095024176,1.8788609956615,14.440095024176));
#8983=CARTESIAN_POINT('',(14.001068008362,1.9288609956615,14.879122039989));
#8984=CARTESIAN_POINT('',(14.001068008362,1.9788609956615,15.5));
#8985=CARTESIAN_POINT('',(14.001068008362,2.0288609956615,16.120877960011));
#8986=CARTESIAN_POINT('',(14.440095024176,2.0788609956615,16.559904975824));
#8987=CARTESIAN_POINT('',(14.879122039989,2.1288609956615,16.998931991638));
#8988=CARTESIAN_POINT('',(15.5,2.1788609956615,16.998931991638));
#8989=CARTESIAN_POINT('',(16.120877960011,2.2288609956615,16.998931991638));
#8990=CARTESIAN_POINT('',(16.559904975824,2.2788609956615,16.559904975824));
#8991=CARTESIAN_POINT('',(16.998931991637,2.3288609956615,16.120877960011));
#8992=CARTESIAN_POINT('',(16.998931991637,2.3788609956615,15.5));
#8993=CARTESIAN_POINT('',(16.998931991637,2.4288609956615,14.879122039989));
#8994=CARTESIAN_POINT('',(16.559904975824,2.4788609956615,14.440095024176));
#8995=CARTESIAN_POINT('',(16.120877960011,2.5288609956615,14.001068008363));
#8996=CARTESIAN_POINT('',(15.5,2.5788609956615,14.001068008363));
#8997=CARTESIAN_POINT('',(14.879122039989,2.6288609956615,14.001068008363));
#8998=CARTESIAN_POINT('',(14.440095024176,2.6788609956615,14.440095024176));
#8999=CARTESIAN_POINT('',(14.001068008362,2.7288609956615,14.879122039989));
#9000=CARTESIAN_POINT('',(14.001068008362,2.7788609956615,15.5));
#9001=CARTESIAN_POINT('',(14.001068008362,2.8288609956615,16.120877960011));
#9002=CARTESIAN_POINT('',(14.440095024176,2.8788609956615,16.559904975824));
#9003=CARTESIAN_POINT('',(14.879122039989,2.9288609956615,16.998931991638));
#9004=CARTESIAN_POINT('',(15.5,2.9788609956615,16.998931991638));
#9005=CARTESIAN_POINT('',(16.120877960011,3.0288609956615,16.998931991638));
#9006=CARTESIAN_POINT('',(16.559904975824,3.0788609956615,16.559904975824));
#9007=CARTESIAN_POINT('',(16.998931991637,3.1288609956615,16.120877960011));
#9008=CARTESIAN_POINT('',(16.998931991637,3.1788609956615,15.5));
#9009=CARTESIAN_POINT('',(16.998931991637,3.2288609956615,14.879122039989));
#9010=CARTESIAN_POINT('',(16.559904975824,3.2788609956615,14.440095024176));
#9011=CARTESIAN_POINT('',(16.120877960011,3.3288609956615,14.001068008363));
#9012=CARTESIAN_POINT('',(15.5,3.3788609956615,14.001068008363));
#9013=CARTESIAN_POINT('',(14.879122039989,3.4288609956615,14.001068008363));
#9014=CARTESIAN_POINT('',(14.440095024176,3.4788609956615,14.440095024176));
#9015=CARTESIAN_POINT('',(14.001068008362,3.5288609956615,14.879122039989));
#9016=CARTESIAN_POINT('',(14.001068008362,3.5788609956615,15.5));
#9017=CARTESIAN_POINT('',(14.001068008362,3.6288609956615,16.120877960011));
#9018=CARTESIAN_POINT('',(14.440095024176,3.6788609956615,16.559904975824));
#9019=CARTESIAN_POINT('',(14.879122039989,3.7288609956615,16.998931991638));
#9020=CARTESIAN_POINT('',(15.5,3.7788609956615,16.998931991638));
#9021=CARTESIAN_POINT('',(16.120877960011,3.8288609956615,16.998931991638));
#9022=CARTESIAN_POINT('',(16.559904975824,3.8788609956615,16.559904975824));
#9023=CARTESIAN_POINT('',(16.998931991637,3.9288609956615,16.120877960011));
#9024=CARTESIAN_POINT('',(16.998931991637,3.9788609956615,15.5));
#9025=CARTESIAN_POINT('',(16.998931991637,4.0288609956615,14.879122039989));
#9026=CARTESIAN_POINT('',(16.559904975824,4.0788609956615,14.440095024176));
#9027=CARTESIAN_POINT('',(16.120877960011,4.1288609956615,14.001068008363));
#9028=CARTESIAN_POINT('',(15.5,4.1788609956615,14.001068008363));
#9029=(BOUNDED_CURVE()B_SPLINE_CURVE(2,(#8954,#8955,#8956,#8957,#8958,#8959,#8960,#8961,#8962,#8963,#8964,#8965,#8966,#8967,#8968,#8969,#8970,#8971,#8972,#8973,#8974,#8975,#8976,#8977,#8978,#8979,#8980,#8981,#8982,#8983,#8984,#8985,#8986,#8987,#8988,#8989,#8990,#8991,#8992,#8993,#8994,#8995,#8996,#8997,#8998,#8999,#9000,#9001,#9002,#9003,#9004,#9005,#9006,#9007,#9008,#9009,#9010,#9011,#9012,#9013,#9014,#9015,#9016,#9017,#9018,#9019,#9020,#9021,#9022,#9023,#9024,#9025,#9026,#9027,#9028),.UNSPECIFIED.,.F.,.U.)B_SPLINE_CURVE_WITH_KNOTS((3,2,2,2,2,2,2,2,2,2,2,2,2,2,2,2,2,2,2,2,2,2,2,2,2,2,2,2,2,2,2,2,2,2,2,2,2,3),(0.15039380827057,0.16666666666667,0.1875,0.20833333333333,0.22916666666667,0.25,0.27083333333333,0.29166666666667,0.3125,0.33333333333333,0.35416666666667,0.375,0.39583333333333,0.41666666666667,0.4375,0.45833333333333,0.47916666666667,0.5,0.52083333333333,0.54166666666667,0.5625,0.58333333333333,0.60416666666667,0.625,0.64583333333333,0.66666666666667,0.6875,0.70833333333333,0.72916666666667,0.75,0.77083333333333,0.79166666666667,0.8125,0.83333333333333,0.85416666666667,0.875,0.89583333333333,0.91666666666667),.UNSPECIFIED.)CURVE()GEOMETRIC_REPRESENTATION_ITEM()RATIONAL_B_SPLINE_CURVE((0.97396918079282,0.94054251575253,1.,0.92387953251129,1.,0.92387953251129,1.,0.92387953251129,1.,0.92387953251129,1.,0.92387953251129,1.,0.92387953251129,1.,0.92387953251129,1.,0.92387953251129,1.,0.92387953251129,1.,0.92387953251129,1.,0.92387953251129,1.,0.92387953251129,1.,0.92387953251129,1.,0.92387953251129,1.,0.92387953251129,1.,0.92387953251129,1.,0.92387953251129,1.,0.92387953251129,1.,0.92387953251129,1.,0.92387953251129,1.,0.92387953251129,1.,0.92387953251129,1.,0.92387953251129,1.,0.92387953251129,1.,0.92387953251129,1.,0.92387953251129,1.,0.92387953251129,1.,0.92387953251129,1.,0.92387953251129,1.,0.92387953251129,1.,0.92387953251129,1.,0.92387953251129,1.,0.92387953251129,1.,0.92387953251129,1.,0.92387953251129,1.,0.92387953251129,1.))REPRESENTATION_ITEM(''));
#9030=EDGE_CURVE('',#8295,#8516,#9029,.T.);
#9031=ORIENTED_EDGE('',*,*,#9030,.T.);
#9032=ORIENTED_EDGE('',*,*,#8522,.F.);
#9033=ORIENTED_EDGE('',*,*,#1381,.F.);
#9034=ORIENTED_EDGE('',*,*,#1143,.F.);
#9035=ORIENTED_EDGE('',*,*,#1415,.F.);
#9036=ORIENTED_EDGE('',*,*,#1195,.F.);
#9037=ORIENTED_EDGE('',*,*,#1449,.F.);
#9038=ORIENTED_EDGE('',*,*,#1247,.F.);
#9039=ORIENTED_EDGE('',*,*,#1483,.F.);
#9040=ORIENTED_EDGE('',*,*,#1299,.F.);
#9041=ORIENTED_EDGE('',*,*,#1517,.F.);
#9042=ORIENTED_EDGE('',*,*,#1345,.F.);
#9043=EDGE_LOOP('',(#8953,#9031,#9032,#9033,#9034,#9035,#9036,#9037,#9038,#9039,#9040,#9041,#9042));
#9044=FACE_OUTER_BOUND('',#9043,.T.);
#9045=ADVANCED_FACE('',(#9044),#8952,.T.);
#9046=CARTESIAN_POINT('',(15.5,4.6211390043385,14.251068008363));
#9047=CARTESIAN_POINT('',(16.017324569418,4.5711390043385,14.251068008363));
#9048=CARTESIAN_POINT('',(16.383128280527,4.5211390043385,14.616871719473));
#9049=CARTESIAN_POINT('',(16.748931991637,4.4711390043385,14.982675430582));
#9050=CARTESIAN_POINT('',(16.748931991637,4.4211390043385,15.5));
#9051=CARTESIAN_POINT('',(16.748931991637,4.3711390043385,16.017324569418));
#9052=CARTESIAN_POINT('',(16.383128280527,4.3211390043385,16.383128280528));
#9053=CARTESIAN_POINT('',(16.017324569418,4.2711390043385,16.748931991638));
#9054=CARTESIAN_POINT('',(15.5,4.2211390043385,16.748931991638));
#9055=CARTESIAN_POINT('',(14.982675430582,4.1711390043385,16.748931991638));
#9056=CARTESIAN_POINT('',(14.616871719472,4.1211390043385,16.383128280528));
#9057=CARTESIAN_POINT('',(14.251068008362,4.0711390043385,16.017324569418));
#9058=CARTESIAN_POINT('',(14.251068008362,4.0211390043385,15.5));
#9059=CARTESIAN_POINT('',(14.251068008362,3.9711390043385,14.982675430582));
#9060=CARTESIAN_POINT('',(14.616871719472,3.9211390043385,14.616871719472));
#9061=CARTESIAN_POINT('',(14.982675430582,3.8711390043385,14.251068008363));
#9062=CARTESIAN_POINT('',(15.5,3.8211390043385,14.251068008363));
#9063=CARTESIAN_POINT('',(16.017324569418,3.7711390043385,14.251068008363));
#9064=CARTESIAN_POINT('',(16.383128280527,3.7211390043385,14.616871719473));
#9065=CARTESIAN_POINT('',(16.748931991637,3.6711390043385,14.982675430582));
#9066=CARTESIAN_POINT('',(16.748931991637,3.6211390043385,15.5));
#9067=CARTESIAN_POINT('',(16.748931991637,3.5711390043385,16.017324569418));
#9068=CARTESIAN_POINT('',(16.383128280527,3.5211390043385,16.383128280528));
#9069=CARTESIAN_POINT('',(16.017324569418,3.4711390043385,16.748931991638));
#9070=CARTESIAN_POINT('',(15.5,3.4211390043385,16.748931991638));
#9071=CARTESIAN_POINT('',(14.982675430582,3.3711390043385,16.748931991638));
#9072=CARTESIAN_POINT('',(14.616871719472,3.3211390043385,16.383128280528));
#9073=CARTESIAN_POINT('',(14.251068008362,3.2711390043385,16.017324569418));
#9074=CARTESIAN_POINT('',(14.251068008362,3.2211390043385,15.5));
#9075=CARTESIAN_POINT('',(14.251068008362,3.1711390043385,14.982675430582));
#9076=CARTESIAN_POINT('',(14.616871719472,3.1211390043385,14.616871719472));
#9077=CARTESIAN_POINT('',(14.982675430582,3.0711390043385,14.251068008363));
#9078=CARTESIAN_POINT('',(15.5,3.0211390043385,14.251068008363));
#9079=CARTESIAN_POINT('',(16.017324569418,2.9711390043385,14.251068008363));
#9080=CARTESIAN_POINT('',(16.383128280527,2.9211390043385,14.616871719473));
#9081=CARTESIAN_POINT('',(16.748931991637,2.8711390043385,14.982675430582));
#9082=CARTESIAN_POINT('',(16.748931991637,2.8211390043385,15.5));
#9083=CARTESIAN_POINT('',(16.748931991637,2.7711390043385,16.017324569418));
#9084=CARTESIAN_POINT('',(16.383128280527,2.7211390043385,16.383128280528));
#9085=CARTESIAN_POINT('',(16.017324569418,2.6711390043385,16.748931991638));
#9086=CARTESIAN_POINT('',(15.5,2.6211390043385,16.748931991638));
#9087=CARTESIAN_POINT('',(14.982675430582,2.5711390043385,16.748931991638));
#9088=CARTESIAN_POINT('',(14.616871719472,2.5211390043385,16.383128280528));
#9089=CARTESIAN_POINT('',(14.251068008362,2.4711390043385,16.017324569418));
#9090=CARTESIAN_POINT('',(14.251068008362,2.4211390043385,15.5));
#9091=CARTESIAN_POINT('',(14.251068008362,2.3711390043385,14.982675430582));
#9092=CARTESIAN_POINT('',(14.616871719472,2.3211390043385,14.616871719472));
#9093=CARTESIAN_POINT('',(14.982675430582,2.2711390043385,14.251068008363));
#9094=CARTESIAN_POINT('',(15.5,2.2211390043385,14.251068008363));
#9095=CARTESIAN_POINT('',(16.017324569418,2.1711390043385,14.251068008363));
#9096=CARTESIAN_POINT('',(16.383128280527,2.1211390043385,14.616871719473));
#9097=CARTESIAN_POINT('',(16.748931991637,2.0711390043385,14.982675430582));
#9098=CARTESIAN_POINT('',(16.748931991637,2.0211390043385,15.5));
#9099=CARTESIAN_POINT('',(16.748931991637,1.9711390043385,16.017324569418));
#9100=CARTESIAN_POINT('',(16.383128280527,1.9211390043385,16.383128280528));
#9101=CARTESIAN_POINT('',(16.017324569418,1.8711390043385,16.748931991638));
#9102=CARTESIAN_POINT('',(15.5,1.8211390043385,16.748931991638));
#9103=CARTESIAN_POINT('',(14.982675430582,1.7711390043385,16.748931991638));
#9104=CARTESIAN_POINT('',(14.616871719472,1.7211390043385,16.383128280528));
#9105=CARTESIAN_POINT('',(14.251068008362,1.6711390043385,16.017324569418));
#9106=CARTESIAN_POINT('',(14.251068008362,1.6211390043385,15.5));
#9107=CARTESIAN_POINT('',(14.251068008362,1.5711390043385,14.982675430582));
#9108=CARTESIAN_POINT('',(14.616871719472,1.5211390043385,14.616871719472));
#9109=CARTESIAN_POINT('',(14.982675430582,1.4711390043385,14.251068008363));
#9110=CARTESIAN_POINT('',(15.5,1.4211390043385,14.251068008363));
#9111=CARTESIAN_POINT('',(16.017324569418,1.3711390043385,14.251068008363));
#9112=CARTESIAN_POINT('',(16.383128280527,1.3211390043385,14.616871719473));
#9113=CARTESIAN_POINT('',(16.748931991637,1.2711390043385,14.982675430582));
#9114=CARTESIAN_POINT('',(16.748931991637,1.2211390043385,15.5));
#9115=CARTESIAN_POINT('',(16.748931991637,1.1711390043385,16.017324569418));
#9116=CARTESIAN_POINT('',(16.383128280527,1.1211390043385,16.383128280528));
#9117=CARTESIAN_POINT('',(16.017324569418,1.0711390043385,16.748931991638));
#9118=CARTESIAN_POINT('',(15.5,1.0211390043385,16.748931991638));
#9119=CARTESIAN_POINT('',(14.982675430582,0.97113900433851,16.748931991638));
#9120=CARTESIAN_POINT('',(14.616871719472,0.92113900433851,16.383128280528));
#9121=CARTESIAN_POINT('',(14.251068008362,0.87113900433851,16.017324569418));
#9122=CARTESIAN_POINT('',(14.251068008362,0.82113900433851,15.5));
#9123=CARTESIAN_POINT('',(14.251068008362,0.77113900433851,14.982675430582));
#9124=CARTESIAN_POINT('',(14.616871719472,0.72113900433851,14.616871719472));
#9125=CARTESIAN_POINT('',(14.982675430582,0.67113900433851,14.251068008363));
#9126=CARTESIAN_POINT('',(15.5,0.62113900433851,14.251068008363));
#9127=CARTESIAN_POINT('',(16.017324569418,0.57113900433851,14.251068008363));
#9128=CARTESIAN_POINT('',(16.383128280527,0.52113900433851,14.616871719473));
#9129=CARTESIAN_POINT('',(16.748931991637,0.47113900433851,14.982675430582));
#9130=CARTESIAN_POINT('',(16.748931991637,0.42113900433851,15.5));
#9131=CARTESIAN_POINT('',(16.748931991637,0.37113900433851,16.017324569418));
#9132=CARTESIAN_POINT('',(16.383128280527,0.32113900433851,16.383128280528));
#9133=CARTESIAN_POINT('',(16.017324569418,0.27113900433851,16.748931991638));
#9134=CARTESIAN_POINT('',(15.5,0.22113900433851,16.748931991638));
#9135=CARTESIAN_POINT('',(15.5,4.6211390043385,14.001068008363));
#9136=CARTESIAN_POINT('',(16.120877960011,4.5711390043385,14.001068008363));
#9137=CARTESIAN_POINT('',(16.559904975824,4.5211390043385,14.440095024176));
#9138=CARTESIAN_POINT('',(16.998931991637,4.4711390043385,14.879122039989));
#9139=CARTESIAN_POINT('',(16.998931991637,4.4211390043385,15.5));
#9140=CARTESIAN_POINT('',(16.998931991637,4.3711390043385,16.120877960011));
#9141=CARTESIAN_POINT('',(16.559904975824,4.3211390043385,16.559904975824));
#9142=CARTESIAN_POINT('',(16.120877960011,4.2711390043385,16.998931991638));
#9143=CARTESIAN_POINT('',(15.5,4.2211390043385,16.998931991638));
#9144=CARTESIAN_POINT('',(14.879122039989,4.1711390043385,16.998931991638));
#9145=CARTESIAN_POINT('',(14.440095024176,4.1211390043385,16.559904975824));
#9146=CARTESIAN_POINT('',(14.001068008362,4.0711390043385,16.120877960011));
#9147=CARTESIAN_POINT('',(14.001068008362,4.0211390043385,15.5));
#9148=CARTESIAN_POINT('',(14.001068008362,3.9711390043385,14.879122039989));
#9149=CARTESIAN_POINT('',(14.440095024176,3.9211390043385,14.440095024176));
#9150=CARTESIAN_POINT('',(14.879122039989,3.8711390043385,14.001068008363));
#9151=CARTESIAN_POINT('',(15.5,3.8211390043385,14.001068008363));
#9152=CARTESIAN_POINT('',(16.120877960011,3.7711390043385,14.001068008363));
#9153=CARTESIAN_POINT('',(16.559904975824,3.7211390043385,14.440095024176));
#9154=CARTESIAN_POINT('',(16.998931991637,3.6711390043385,14.879122039989));
#9155=CARTESIAN_POINT('',(16.998931991637,3.6211390043385,15.5));
#9156=CARTESIAN_POINT('',(16.998931991637,3.5711390043385,16.120877960011));
#9157=CARTESIAN_POINT('',(16.559904975824,3.5211390043385,16.559904975824));
#9158=CARTESIAN_POINT('',(16.120877960011,3.4711390043385,16.998931991638));
#9159=CARTESIAN_POINT('',(15.5,3.4211390043385,16.998931991638));
#9160=CARTESIAN_POINT('',(14.879122039989,3.3711390043385,16.998931991638));
#9161=CARTESIAN_POINT('',(14.440095024176,3.3211390043385,16.559904975824));
#9162=CARTESIAN_POINT('',(14.001068008362,3.2711390043385,16.120877960011));
#9163=CARTESIAN_POINT('',(14.001068008362,3.2211390043385,15.5));
#9164=CARTESIAN_POINT('',(14.001068008362,3.1711390043385,14.879122039989));
#9165=CARTESIAN_POINT('',(14.440095024176,3.1211390043385,14.440095024176));
#9166=CARTESIAN_POINT('',(14.879122039989,3.0711390043385,14.001068008363));
#9167=CARTESIAN_POINT('',(15.5,3.0211390043385,14.001068008363));
#9168=CARTESIAN_POINT('',(16.120877960011,2.9711390043385,14.001068008363));
#9169=CARTESIAN_POINT('',(16.559904975824,2.9211390043385,14.440095024176));
#9170=CARTESIAN_POINT('',(16.998931991637,2.8711390043385,14.879122039989));
#9171=CARTESIAN_POINT('',(16.998931991637,2.8211390043385,15.5));
#9172=CARTESIAN_POINT('',(16.998931991637,2.7711390043385,16.120877960011));
#9173=CARTESIAN_POINT('',(16.559904975824,2.7211390043385,16.559904975824));
#9174=CARTESIAN_POINT('',(16.120877960011,2.6711390043385,16.998931991638));
#9175=CARTESIAN_POINT('',(15.5,2.6211390043385,16.998931991638));
#9176=CARTESIAN_POINT('',(14.879122039989,2.5711390043385,16.998931991638));
#9177=CARTESIAN_POINT('',(14.440095024176,2.5211390043385,16.559904975824));
#9178=CARTESIAN_POINT('',(14.001068008362,2.4711390043385,16.120877960011));
#9179=CARTESIAN_POINT('',(14.001068008362,2.4211390043385,15.5));
#9180=CARTESIAN_POINT('',(14.001068008362,2.3711390043385,14.879122039989));
#9181=CARTESIAN_POINT('',(14.440095024176,2.3211390043385,14.440095024176));
#9182=CARTESIAN_POINT('',(14.879122039989,2.2711390043385,14.001068008363));
#9183=CARTESIAN_POINT('',(15.5,2.2211390043385,14.001068008363));
#9184=CARTESIAN_POINT('',(16.120877960011,2.1711390043385,14.001068008363));
#9185=CARTESIAN_POINT('',(16.559904975824,2.1211390043385,14.440095024176));
#9186=CARTESIAN_POINT('',(16.998931991637,2.0711390043385,14.879122039989));
#9187=CARTESIAN_POINT('',(16.998931991637,2.0211390043385,15.5));
#9188=CARTESIAN_POINT('',(16.998931991637,1.9711390043385,16.120877960011));
#9189=CARTESIAN_POINT('',(16.559904975824,1.9211390043385,16.559904975824));
#9190=CARTESIAN_POINT('',(16.120877960011,1.8711390043385,16.998931991638));
#9191=CARTESIAN_POINT('',(15.5,1.8211390043385,16.998931991638));
#9192=CARTESIAN_POINT('',(14.879122039989,1.7711390043385,16.998931991638));
#9193=CARTESIAN_POINT('',(14.440095024176,1.7211390043385,16.559904975824));
#9194=CARTESIAN_POINT('',(14.001068008362,1.6711390043385,16.120877960011));
#9195=CARTESIAN_POINT('',(14.001068008362,1.6211390043385,15.5));
#9196=CARTESIAN_POINT('',(14.001068008362,1.5711390043385,14.879122039989));
#9197=CARTESIAN_POINT('',(14.440095024176,1.5211390043385,14.440095024176));
#9198=CARTESIAN_POINT('',(14.879122039989,1.4711390043385,14.001068008363));
#9199=CARTESIAN_POINT('',(15.5,1.4211390043385,14.001068008363));
#9200=CARTESIAN_POINT('',(16.120877960011,1.3711390043385,14.001068008363));
#9201=CARTESIAN_POINT('',(16.559904975824,1.3211390043385,14.440095024176));
#9202=CARTESIAN_POINT('',(16.998931991637,1.2711390043385,14.879122039989));
#9203=CARTESIAN_POINT('',(16.998931991637,1.2211390043385,15.5));
#9204=CARTESIAN_POINT('',(16.998931991637,1.1711390043385,16.120877960011));
#9205=CARTESIAN_POINT('',(16.559904975824,1.1211390043385,16.559904975824));
#9206=CARTESIAN_POINT('',(16.120877960011,1.0711390043385,16.998931991638));
#9207=CARTESIAN_POINT('',(15.5,1.0211390043385,16.998931991638));
#9208=CARTESIAN_POINT('',(14.879122039989,0.97113900433851,16.998931991638));
#9209=CARTESIAN_POINT('',(14.440095024176,0.92113900433851,16.559904975824));
#9210=CARTESIAN_POINT('',(14.001068008362,0.87113900433851,16.120877960011));
#9211=CARTESIAN_POINT('',(14.001068008362,0.82113900433851,15.5));
#9212=CARTESIAN_POINT('',(14.001068008362,0.77113900433851,14.879122039989));
#9213=CARTESIAN_POINT('',(14.440095024176,0.72113900433851,14.440095024176));
#9214=CARTESIAN_POINT('',(14.879122039989,0.67113900433851,14.001068008363));
#9215=CARTESIAN_POINT('',(15.5,0.62113900433851,14.001068008363));
#9216=CARTESIAN_POINT('',(16.120877960011,0.57113900433851,14.001068008363));
#9217=CARTESIAN_POINT('',(16.559904975824,0.52113900433851,14.440095024176));
#9218=CARTESIAN_POINT('',(16.998931991637,0.47113900433851,14.879122039989));
#9219=CARTESIAN_POINT('',(16.998931991637,0.42113900433851,15.5));
#9220=CARTESIAN_POINT('',(16.998931991637,0.37113900433851,16.120877960011));
#9221=CARTESIAN_POINT('',(16.559904975824,0.32113900433851,16.559904975824));
#9222=CARTESIAN_POINT('',(16.120877960011,0.27113900433851,16.998931991638));
#9223=CARTESIAN_POINT('',(15.5,0.22113900433851,16.998931991638));
#9224=(BOUNDED_SURFACE()B_SPLINE_SURFACE(1,2,((#9046,#9047,#9048,#9049,#9050,#9051,#9052,#9053,#9054,#9055,#9056,#9057,#9058,#9059,#9060,#9061,#9062,#9063,#9064,#9065,#9066,#9067,#9068,#9069,#9070,#9071,#9072,#9073,#9074,#9075,#9076,#9077,#9078,#9079,#9080,#9081,#9082,#9083,#9084,#9085,#9086,#9087,#9088,#9089,#9090,#9091,#9092,#9093,#9094,#9095,#9096,#9097,#9098,#9099,#9100,#9101,#9102,#9103,#9104,#9105,#9106,#9107,#9108,#9109,#9110,#9111,#9112,#9113,#9114,#9115,#9116,#9117,#9118,#9119,#9120,#9121,#9122,#9123,#9124,#9125,#9126,#9127,#9128,#9129,#9130,#9131,#9132,#9133,#9134),(#9135,#9136,#9137,#9138,#9139,#9140,#9141,#9142,#9143,#9144,#9145,#9146,#9147,#9148,#9149,#9150,#9151,#9152,#9153,#9154,#9155,#9156,#9157,#9158,#9159,#9160,#9161,#9162,#9163,#9164,#9165,#9166,#9167,#9168,#9169,#9170,#9171,#9172,#9173,#9174,#9175,#9176,#9177,#9178,#9179,#9180,#9181,#9182,#9183,#9184,#9185,#9186,#9187,#9188,#9189,#9190,#9191,#9192,#9193,#9194,#9195,#9196,#9197,#9198,#9199,#9200,#9201,#9202,#9203,#9204,#9205,#9206,#9207,#9208,#9209,#9210,#9211,#9212,#9213,#9214,#9215,#9216,#9217,#9218,#9219,#9220,#9221,#9222,#9223)),.UNSPECIFIED.,.F.,.F.,.U.)B_SPLINE_SURFACE_WITH_KNOTS((2,2),(3,2,2,2,2,2,2,2,2,2,2,2,2,2,2,2,2,2,2,2,2,2,2,2,2,2,2,2,2,2,2,2,2,2,2,2,2,2,2,2,2,2,2,2,3),(0.,0.25),(0.,1.0394704615781,2.0789409231563,3.1184113847344,4.1578818463126,5.1973523078907,6.2368227694689,7.276293231047,8.3157636926252,9.3552341542033,10.394704615781,11.43417507736,12.473645538938,13.513116000516,14.552586462094,15.592056923672,16.63152738525,17.670997846829,18.710468308407,19.749938769985,20.789409231563,21.828879693141,22.868350154719,23.907820616297,24.947291077876,25.986761539454,27.026232001032,28.06570246261,29.105172924188,30.144643385766,31.184113847344,32.223584308923,33.263054770501,34.302525232079,35.341995693657,36.381466155235,37.420936616813,38.460407078391,39.49987753997,40.539348001548,41.578818463126,42.618288924704,43.657759386282,44.69722984786,45.736700309438),.UNSPECIFIED.)GEOMETRIC_REPRESENTATION_ITEM()RATIONAL_B_SPLINE_SURFACE(((1.,0.92387953251129,1.,0.92387953251129,1.,0.92387953251129,1.,0.92387953251129,1.,0.92387953251129,1.,0.92387953251129,1.,0.92387953251129,1.,0.92387953251129,1.,0.92387953251129,1.,0.92387953251129,1.,0.92387953251129,1.,0.92387953251129,1.,0.92387953251129,1.,0.92387953251129,1.,0.92387953251129,1.,0.92387953251129,1.,0.92387953251129,1.,0.92387953251129,1.,0.92387953251129,1.,0.92387953251129,1.,0.92387953251129,1.,0.92387953251129,1.,0.92387953251129,1.,0.92387953251129,1.,0.92387953251129,1.,0.92387953251129,1.,0.92387953251129,1.,0.92387953251129,1.,0.92387953251129,1.,0.92387953251129,1.,0.92387953251129,1.,0.92387953251129,1.,0.92387953251129,1.,0.92387953251129,1.,0.92387953251129,1.,0.92387953251129,1.,0.92387953251129,1.,0.92387953251129,1.,0.92387953251129,1.,0.92387953251129,1.,0.92387953251129,1.,0.92387953251129,1.,0.92387953251129,1.,0.92387953251129,1.),(1.,0.92387953251129,1.,0.92387953251129,1.,0.92387953251129,1.,0.92387953251129,1.,0.92387953251129,1.,0.92387953251129,1.,0.92387953251129,1.,0.92387953251129,1.,0.92387953251129,1.,0.92387953251129,1.,0.92387953251129,1.,0.92387953251129,1.,0.92387953251129,1.,0.92387953251129,1.,0.92387953251129,1.,0.92387953251129,1.,0.92387953251129,1.,0.92387953251129,1.,0.92387953251129,1.,0.92387953251129,1.,0.92387953251129,1.,0.92387953251129,1.,0.92387953251129,1.,0.92387953251129,1.,0.92387953251129,1.,0.92387953251129,1.,0.92387953251129,1.,0.92387953251129,1.,0.92387953251129,1.,0.92387953251129,1.,0.92387953251129,1.,0.92387953251129,1.,0.92387953251129,1.,0.92387953251129,1.,0.92387953251129,1.,0.92387953251129,1.,0.92387953251129,1.,0.92387953251129,1.,0.92387953251129,1.,0.92387953251129,1.,0.92387953251129,1.,0.92387953251129,1.,0.92387953251129,1.,0.92387953251129,1.)))REPRESENTATION_ITEM('')SURFACE());
#9225=ORIENTED_EDGE('',*,*,#8310,.F.);
#9226=ORIENTED_EDGE('',*,*,#1528,.F.);
#9227=ORIENTED_EDGE('',*,*,#1321,.F.);
#9228=ORIENTED_EDGE('',*,*,#1496,.F.);
#9229=ORIENTED_EDGE('',*,*,#1269,.F.);
#9230=ORIENTED_EDGE('',*,*,#1462,.F.);
#9231=ORIENTED_EDGE('',*,*,#1217,.F.);
#9232=ORIENTED_EDGE('',*,*,#1428,.F.);
#9233=ORIENTED_EDGE('',*,*,#1165,.F.);
#9234=ORIENTED_EDGE('',*,*,#1394,.F.);
#9235=ORIENTED_EDGE('',*,*,#1105,.F.);
#9236=CARTESIAN_POINT('',(15.5,4.2211390043385,16.75));
#9237=CARTESIAN_POINT('',(16.017766952966,4.2711390043385,16.75));
#9238=CARTESIAN_POINT('',(16.383883476483,4.3211390043385,16.383883476483));
#9239=CARTESIAN_POINT('',(16.75,4.3711390043385,16.017766952967));
#9240=CARTESIAN_POINT('',(16.75,4.4211390043385,15.5));
#9241=CARTESIAN_POINT('',(16.75,4.4595019547986,15.102738640669));
#9242=CARTESIAN_POINT('',(16.520657638309,4.5,14.778364368008));
#9243=(BOUNDED_CURVE()B_SPLINE_CURVE(2,(#9236,#9237,#9238,#9239,#9240,#9241,#9242),.UNSPECIFIED.,.F.,.U.)B_SPLINE_CURVE_WITH_KNOTS((3,2,2,3),(0.025393808270913,0.046227141604246,0.067060474937579,0.083333333333333),.UNSPECIFIED.)CURVE()GEOMETRIC_REPRESENTATION_ITEM()RATIONAL_B_SPLINE_CURVE((1.,0.92387953251129,1.,0.92387953251129,1.,0.9405425157538,0.9739691807914))REPRESENTATION_ITEM(''));
#9244=EDGE_CURVE('',#1086,#8733,#9243,.T.);
#9245=ORIENTED_EDGE('',*,*,#9244,.T.);
#9246=ORIENTED_EDGE('',*,*,#8752,.F.);
#9247=ORIENTED_EDGE('',*,*,#8540,.F.);
#9248=CARTESIAN_POINT('',(15.5,4.6211390043385,14.001068008363));
#9249=CARTESIAN_POINT('',(16.120877960011,4.5711390043385,14.001068008363));
#9250=CARTESIAN_POINT('',(16.559904975824,4.5211390043385,14.440095024176));
#9251=CARTESIAN_POINT('',(16.998931991637,4.4711390043385,14.879122039989));
#9252=CARTESIAN_POINT('',(16.998931991637,4.4211390043385,15.5));
#9253=CARTESIAN_POINT('',(16.998931991637,4.3711390043385,16.120877960011));
#9254=CARTESIAN_POINT('',(16.559904975824,4.3211390043385,16.559904975824));
#9255=CARTESIAN_POINT('',(16.120877960011,4.2711390043385,16.998931991638));
#9256=CARTESIAN_POINT('',(15.5,4.2211390043385,16.998931991638));
#9257=CARTESIAN_POINT('',(14.879122039989,4.1711390043385,16.998931991638));
#9258=CARTESIAN_POINT('',(14.440095024176,4.1211390043385,16.559904975824));
#9259=CARTESIAN_POINT('',(14.001068008362,4.0711390043385,16.120877960011));
#9260=CARTESIAN_POINT('',(14.001068008362,4.0211390043385,15.5));
#9261=CARTESIAN_POINT('',(14.001068008362,3.9711390043385,14.879122039989));
#9262=CARTESIAN_POINT('',(14.440095024176,3.9211390043385,14.440095024176));
#9263=CARTESIAN_POINT('',(14.879122039989,3.8711390043385,14.001068008363));
#9264=CARTESIAN_POINT('',(15.5,3.8211390043385,14.001068008363));
#9265=CARTESIAN_POINT('',(16.120877960011,3.7711390043385,14.001068008363));
#9266=CARTESIAN_POINT('',(16.559904975824,3.7211390043385,14.440095024176));
#9267=CARTESIAN_POINT('',(16.998931991637,3.6711390043385,14.879122039989));
#9268=CARTESIAN_POINT('',(16.998931991637,3.6211390043385,15.5));
#9269=CARTESIAN_POINT('',(16.998931991637,3.5711390043385,16.120877960011));
#9270=CARTESIAN_POINT('',(16.559904975824,3.5211390043385,16.559904975824));
#9271=CARTESIAN_POINT('',(16.120877960011,3.4711390043385,16.998931991638));
#9272=CARTESIAN_POINT('',(15.5,3.4211390043385,16.998931991638));
#9273=CARTESIAN_POINT('',(14.879122039989,3.3711390043385,16.998931991638));
#9274=CARTESIAN_POINT('',(14.440095024176,3.3211390043385,16.559904975824));
#9275=CARTESIAN_POINT('',(14.001068008362,3.2711390043385,16.120877960011));
#9276=CARTESIAN_POINT('',(14.001068008362,3.2211390043385,15.5));
#9277=CARTESIAN_POINT('',(14.001068008362,3.1711390043385,14.879122039989));
#9278=CARTESIAN_POINT('',(14.440095024176,3.1211390043385,14.440095024176));
#9279=CARTESIAN_POINT('',(14.879122039989,3.0711390043385,14.001068008363));
#9280=CARTESIAN_POINT('',(15.5,3.0211390043385,14.001068008363));
#9281=CARTESIAN_POINT('',(16.120877960011,2.9711390043385,14.001068008363));
#9282=CARTESIAN_POINT('',(16.559904975824,2.9211390043385,14.440095024176));
#9283=CARTESIAN_POINT('',(16.998931991637,2.8711390043385,14.879122039989));
#9284=CARTESIAN_POINT('',(16.998931991637,2.8211390043385,15.5));
#9285=CARTESIAN_POINT('',(16.998931991637,2.7711390043385,16.120877960011));
#9286=CARTESIAN_POINT('',(16.559904975824,2.7211390043385,16.559904975824));
#9287=CARTESIAN_POINT('',(16.120877960011,2.6711390043385,16.998931991638));
#9288=CARTESIAN_POINT('',(15.5,2.6211390043385,16.998931991638));
#9289=CARTESIAN_POINT('',(14.879122039989,2.5711390043385,16.998931991638));
#9290=CARTESIAN_POINT('',(14.440095024176,2.5211390043385,16.559904975824));
#9291=CARTESIAN_POINT('',(14.001068008362,2.4711390043385,16.120877960011));
#9292=CARTESIAN_POINT('',(14.001068008362,2.4211390043385,15.5));
#9293=CARTESIAN_POINT('',(14.001068008362,2.3711390043385,14.879122039989));
#9294=CARTESIAN_POINT('',(14.440095024176,2.3211390043385,14.440095024176));
#9295=CARTESIAN_POINT('',(14.879122039989,2.2711390043385,14.001068008363));
#9296=CARTESIAN_POINT('',(15.5,2.2211390043385,14.001068008363));
#9297=CARTESIAN_POINT('',(16.120877960011,2.1711390043385,14.001068008363));
#9298=CARTESIAN_POINT('',(16.559904975824,2.1211390043385,14.440095024176));
#9299=CARTESIAN_POINT('',(16.998931991637,2.0711390043385,14.879122039989));
#9300=CARTESIAN_POINT('',(16.998931991637,2.0211390043385,15.5));
#9301=CARTESIAN_POINT('',(16.998931991637,1.9711390043385,16.120877960011));
#9302=CARTESIAN_POINT('',(16.559904975824,1.9211390043385,16.559904975824));
#9303=CARTESIAN_POINT('',(16.120877960011,1.8711390043385,16.998931991638));
#9304=CARTESIAN_POINT('',(15.5,1.8211390043385,16.998931991638));
#9305=CARTESIAN_POINT('',(14.879122039989,1.7711390043385,16.998931991638));
#9306=CARTESIAN_POINT('',(14.440095024176,1.7211390043385,16.559904975824));
#9307=CARTESIAN_POINT('',(14.001068008362,1.6711390043385,16.120877960011));
#9308=CARTESIAN_POINT('',(14.001068008362,1.6211390043385,15.5));
#9309=CARTESIAN_POINT('',(14.001068008362,1.5711390043385,14.879122039989));
#9310=CARTESIAN_POINT('',(14.440095024176,1.5211390043385,14.440095024176));
#9311=CARTESIAN_POINT('',(14.879122039989,1.4711390043385,14.001068008363));
#9312=CARTESIAN_POINT('',(15.5,1.4211390043385,14.001068008363));
#9313=CARTESIAN_POINT('',(16.120877960011,1.3711390043385,14.001068008363));
#9314=CARTESIAN_POINT('',(16.559904975824,1.3211390043385,14.440095024176));
#9315=CARTESIAN_POINT('',(16.998931991637,1.2711390043385,14.879122039989));
#9316=CARTESIAN_POINT('',(16.998931991637,1.2211390043385,15.5));
#9317=CARTESIAN_POINT('',(16.998931991637,1.1711390043385,16.120877960011));
#9318=CARTESIAN_POINT('',(16.559904975824,1.1211390043385,16.559904975824));
#9319=CARTESIAN_POINT('',(16.120877960011,1.0711390043385,16.998931991638));
#9320=CARTESIAN_POINT('',(15.5,1.0211390043385,16.998931991638));
#9321=CARTESIAN_POINT('',(14.879122039989,0.97113900433851,16.998931991638));
#9322=CARTESIAN_POINT('',(14.440095024176,0.92113900433851,16.559904975824));
#9323=CARTESIAN_POINT('',(14.001068008362,0.87113900433851,16.120877960011));
#9324=CARTESIAN_POINT('',(14.001068008362,0.82113900433851,15.5));
#9325=CARTESIAN_POINT('',(14.001068008362,0.77113900433851,14.879122039989));
#9326=CARTESIAN_POINT('',(14.440095024176,0.72113900433851,14.440095024176));
#9327=CARTESIAN_POINT('',(14.879122039989,0.67113900433851,14.001068008363));
#9328=CARTESIAN_POINT('',(15.5,0.62113900433851,14.001068008363));
#9329=CARTESIAN_POINT('',(16.120877960011,0.57113900433851,14.001068008363));
#9330=CARTESIAN_POINT('',(16.559904975824,0.52113900433851,14.440095024176));
#9331=CARTESIAN_POINT('',(16.650198273437,0.51085566249847,14.530388321788));
#9332=CARTESIAN_POINT('',(16.723917109257,0.5,14.634653811922));
#9333=(BOUNDED_CURVE()B_SPLINE_CURVE(2,(#9248,#9249,#9250,#9251,#9252,#9253,#9254,#9255,#9256,#9257,#9258,#9259,#9260,#9261,#9262,#9263,#9264,#9265,#9266,#9267,#9268,#9269,#9270,#9271,#9272,#9273,#9274,#9275,#9276,#9277,#9278,#9279,#9280,#9281,#9282,#9283,#9284,#9285,#9286,#9287,#9288,#9289,#9290,#9291,#9292,#9293,#9294,#9295,#9296,#9297,#9298,#9299,#9300,#9301,#9302,#9303,#9304,#9305,#9306,#9307,#9308,#9309,#9310,#9311,#9312,#9313,#9314,#9315,#9316,#9317,#9318,#9319,#9320,#9321,#9322,#9323,#9324,#9325,#9326,#9327,#9328,#9329,#9330,#9331,#9332),.UNSPECIFIED.,.F.,.U.)B_SPLINE_CURVE_WITH_KNOTS((3,2,2,2,2,2,2,2,2,2,2,2,2,2,2,2,2,2,2,2,2,2,2,2,2,2,2,2,2,2,2,2,2,2,2,2,2,2,2,2,2,2,3),(0.057939525062768,0.078772858396101,0.099606191729435,0.12043952506277,0.1412728583961,0.16210619172943,0.18293952506277,0.2037728583961,0.22460619172943,0.24543952506277,0.2662728583961,0.28710619172943,0.30793952506277,0.3287728583961,0.34960619172943,0.37043952506277,0.3912728583961,0.41210619172943,0.43293952506277,0.4537728583961,0.47460619172943,0.49543952506277,0.5162728583961,0.53710619172943,0.55793952506277,0.5787728583961,0.59960619172943,0.62043952506277,0.6412728583961,0.66210619172943,0.68293952506277,0.7037728583961,0.72460619172943,0.74543952506277,0.7662728583961,0.78710619172943,0.80793952506277,0.8287728583961,0.84960619172943,0.87043952506277,0.8912728583961,0.91210619172943,0.91666666666667),.UNSPECIFIED.)CURVE()GEOMETRIC_REPRESENTATION_ITEM()RATIONAL_B_SPLINE_CURVE((1.,0.92387953251129,1.,0.92387953251129,1.,0.92387953251129,1.,0.92387953251129,1.,0.92387953251129,1.,0.92387953251129,1.,0.92387953251129,1.,0.92387953251129,1.,0.92387953251129,1.,0.92387953251129,1.,0.92387953251129,1.,0.92387953251129,1.,0.92387953251129,1.,0.92387953251129,1.,0.92387953251129,1.,0.92387953251129,1.,0.92387953251129,1.,0.92387953251129,1.,0.92387953251129,1.,0.92387953251129,1.,0.92387953251129,1.,0.92387953251129,1.,0.92387953251129,1.,0.92387953251129,1.,0.92387953251129,1.,0.92387953251129,1.,0.92387953251129,1.,0.92387953251129,1.,0.92387953251129,1.,0.92387953251129,1.,0.92387953251129,1.,0.92387953251129,1.,0.92387953251129,1.,0.92387953251129,1.,0.92387953251129,1.,0.92387953251129,1.,0.92387953251129,1.,0.92387953251129,1.,0.92387953251129,1.,0.92387953251129,1.,0.92387953251129,1.,0.98333701675875,0.97396918079282))REPRESENTATION_ITEM(''));
#9334=EDGE_CURVE('',#8525,#8305,#9333,.T.);
#9335=ORIENTED_EDGE('',*,*,#9334,.T.);
#9336=EDGE_LOOP('',(#9225,#9226,#9227,#9228,#9229,#9230,#9231,#9232,#9233,#9234,#9235,#9245,#9246,#9247,#9335));
#9337=FACE_OUTER_BOUND('',#9336,.T.);
#9338=ADVANCED_FACE('',(#9337),#9224,.T.);
#9339=CARTESIAN_POINT('',(15.5,4.6211390043385,14.001068008363));
#9340=CARTESIAN_POINT('',(16.120877960011,4.5711390043385,14.001068008363));
#9341=CARTESIAN_POINT('',(16.559904975824,4.5211390043385,14.440095024176));
#9342=CARTESIAN_POINT('',(16.998931991637,4.4711390043385,14.879122039989));
#9343=CARTESIAN_POINT('',(16.998931991637,4.4211390043385,15.5));
#9344=CARTESIAN_POINT('',(16.998931991637,4.3711390043385,16.120877960011));
#9345=CARTESIAN_POINT('',(16.559904975824,4.3211390043385,16.559904975824));
#9346=CARTESIAN_POINT('',(16.120877960011,4.2711390043385,16.998931991638));
#9347=CARTESIAN_POINT('',(15.5,4.2211390043385,16.998931991638));
#9348=CARTESIAN_POINT('',(14.879122039989,4.1711390043385,16.998931991638));
#9349=CARTESIAN_POINT('',(14.440095024176,4.1211390043385,16.559904975824));
#9350=CARTESIAN_POINT('',(14.001068008362,4.0711390043385,16.120877960011));
#9351=CARTESIAN_POINT('',(14.001068008362,4.0211390043385,15.5));
#9352=CARTESIAN_POINT('',(14.001068008362,3.9711390043385,14.879122039989));
#9353=CARTESIAN_POINT('',(14.440095024176,3.9211390043385,14.440095024176));
#9354=CARTESIAN_POINT('',(14.879122039989,3.8711390043385,14.001068008363));
#9355=CARTESIAN_POINT('',(15.5,3.8211390043385,14.001068008363));
#9356=CARTESIAN_POINT('',(16.120877960011,3.7711390043385,14.001068008363));
#9357=CARTESIAN_POINT('',(16.559904975824,3.7211390043385,14.440095024176));
#9358=CARTESIAN_POINT('',(16.998931991637,3.6711390043385,14.879122039989));
#9359=CARTESIAN_POINT('',(16.998931991637,3.6211390043385,15.5));
#9360=CARTESIAN_POINT('',(16.998931991637,3.5711390043385,16.120877960011));
#9361=CARTESIAN_POINT('',(16.559904975824,3.5211390043385,16.559904975824));
#9362=CARTESIAN_POINT('',(16.120877960011,3.4711390043385,16.998931991638));
#9363=CARTESIAN_POINT('',(15.5,3.4211390043385,16.998931991638));
#9364=CARTESIAN_POINT('',(14.879122039989,3.3711390043385,16.998931991638));
#9365=CARTESIAN_POINT('',(14.440095024176,3.3211390043385,16.559904975824));
#9366=CARTESIAN_POINT('',(14.001068008362,3.2711390043385,16.120877960011));
#9367=CARTESIAN_POINT('',(14.001068008362,3.2211390043385,15.5));
#9368=CARTESIAN_POINT('',(14.001068008362,3.1711390043385,14.879122039989));
#9369=CARTESIAN_POINT('',(14.440095024176,3.1211390043385,14.440095024176));
#9370=CARTESIAN_POINT('',(14.879122039989,3.0711390043385,14.001068008363));
#9371=CARTESIAN_POINT('',(15.5,3.0211390043385,14.001068008363));
#9372=CARTESIAN_POINT('',(16.120877960011,2.9711390043385,14.001068008363));
#9373=CARTESIAN_POINT('',(16.559904975824,2.9211390043385,14.440095024176));
#9374=CARTESIAN_POINT('',(16.998931991637,2.8711390043385,14.879122039989));
#9375=CARTESIAN_POINT('',(16.998931991637,2.8211390043385,15.5));
#9376=CARTESIAN_POINT('',(16.998931991637,2.7711390043385,16.120877960011));
#9377=CARTESIAN_POINT('',(16.559904975824,2.7211390043385,16.559904975824));
#9378=CARTESIAN_POINT('',(16.120877960011,2.6711390043385,16.998931991638));
#9379=CARTESIAN_POINT('',(15.5,2.6211390043385,16.998931991638));
#9380=CARTESIAN_POINT('',(14.879122039989,2.5711390043385,16.998931991638));
#9381=CARTESIAN_POINT('',(14.440095024176,2.5211390043385,16.559904975824));
#9382=CARTESIAN_POINT('',(14.001068008362,2.4711390043385,16.120877960011));
#9383=CARTESIAN_POINT('',(14.001068008362,2.4211390043385,15.5));
#9384=CARTESIAN_POINT('',(14.001068008362,2.3711390043385,14.879122039989));
#9385=CARTESIAN_POINT('',(14.440095024176,2.3211390043385,14.440095024176));
#9386=CARTESIAN_POINT('',(14.879122039989,2.2711390043385,14.001068008363));
#9387=CARTESIAN_POINT('',(15.5,2.2211390043385,14.001068008363));
#9388=CARTESIAN_POINT('',(16.120877960011,2.1711390043385,14.001068008363));
#9389=CARTESIAN_POINT('',(16.559904975824,2.1211390043385,14.440095024176));
#9390=CARTESIAN_POINT('',(16.998931991637,2.0711390043385,14.879122039989));
#9391=CARTESIAN_POINT('',(16.998931991637,2.0211390043385,15.5));
#9392=CARTESIAN_POINT('',(16.998931991637,1.9711390043385,16.120877960011));
#9393=CARTESIAN_POINT('',(16.559904975824,1.9211390043385,16.559904975824));
#9394=CARTESIAN_POINT('',(16.120877960011,1.8711390043385,16.998931991638));
#9395=CARTESIAN_POINT('',(15.5,1.8211390043385,16.998931991638));
#9396=CARTESIAN_POINT('',(14.879122039989,1.7711390043385,16.998931991638));
#9397=CARTESIAN_POINT('',(14.440095024176,1.7211390043385,16.559904975824));
#9398=CARTESIAN_POINT('',(14.001068008362,1.6711390043385,16.120877960011));
#9399=CARTESIAN_POINT('',(14.001068008362,1.6211390043385,15.5));
#9400=CARTESIAN_POINT('',(14.001068008362,1.5711390043385,14.879122039989));
#9401=CARTESIAN_POINT('',(14.440095024176,1.5211390043385,14.440095024176));
#9402=CARTESIAN_POINT('',(14.879122039989,1.4711390043385,14.001068008363));
#9403=CARTESIAN_POINT('',(15.5,1.4211390043385,14.001068008363));
#9404=CARTESIAN_POINT('',(16.120877960011,1.3711390043385,14.001068008363));
#9405=CARTESIAN_POINT('',(16.559904975824,1.3211390043385,14.440095024176));
#9406=CARTESIAN_POINT('',(16.998931991637,1.2711390043385,14.879122039989));
#9407=CARTESIAN_POINT('',(16.998931991637,1.2211390043385,15.5));
#9408=CARTESIAN_POINT('',(16.998931991637,1.1711390043385,16.120877960011));
#9409=CARTESIAN_POINT('',(16.559904975824,1.1211390043385,16.559904975824));
#9410=CARTESIAN_POINT('',(16.120877960011,1.0711390043385,16.998931991638));
#9411=CARTESIAN_POINT('',(15.5,1.0211390043385,16.998931991638));
#9412=CARTESIAN_POINT('',(14.879122039989,0.97113900433851,16.998931991638));
#9413=CARTESIAN_POINT('',(14.440095024176,0.92113900433851,16.559904975824));
#9414=CARTESIAN_POINT('',(14.001068008362,0.87113900433851,16.120877960011));
#9415=CARTESIAN_POINT('',(14.001068008362,0.82113900433851,15.5));
#9416=CARTESIAN_POINT('',(14.001068008362,0.77113900433851,14.879122039989));
#9417=CARTESIAN_POINT('',(14.440095024176,0.72113900433851,14.440095024176));
#9418=CARTESIAN_POINT('',(14.879122039989,0.67113900433851,14.001068008363));
#9419=CARTESIAN_POINT('',(15.5,0.62113900433851,14.001068008363));
#9420=CARTESIAN_POINT('',(16.120877960011,0.57113900433851,14.001068008363));
#9421=CARTESIAN_POINT('',(16.559904975824,0.52113900433851,14.440095024176));
#9422=CARTESIAN_POINT('',(16.998931991637,0.47113900433851,14.879122039989));
#9423=CARTESIAN_POINT('',(16.998931991637,0.42113900433851,15.5));
#9424=CARTESIAN_POINT('',(16.998931991637,0.37113900433851,16.120877960011));
#9425=CARTESIAN_POINT('',(16.559904975824,0.32113900433851,16.559904975824));
#9426=CARTESIAN_POINT('',(16.120877960011,0.27113900433851,16.998931991638));
#9427=CARTESIAN_POINT('',(15.5,0.22113900433851,16.998931991638));
#9428=CARTESIAN_POINT('',(15.5,4.1788609956615,14.001068008363));
#9429=CARTESIAN_POINT('',(16.120877960011,4.1288609956615,14.001068008363));
#9430=CARTESIAN_POINT('',(16.559904975824,4.0788609956615,14.440095024176));
#9431=CARTESIAN_POINT('',(16.998931991637,4.0288609956615,14.879122039989));
#9432=CARTESIAN_POINT('',(16.998931991637,3.9788609956615,15.5));
#9433=CARTESIAN_POINT('',(16.998931991637,3.9288609956615,16.120877960011));
#9434=CARTESIAN_POINT('',(16.559904975824,3.8788609956615,16.559904975824));
#9435=CARTESIAN_POINT('',(16.120877960011,3.8288609956615,16.998931991638));
#9436=CARTESIAN_POINT('',(15.5,3.7788609956615,16.998931991638));
#9437=CARTESIAN_POINT('',(14.879122039989,3.7288609956615,16.998931991638));
#9438=CARTESIAN_POINT('',(14.440095024176,3.6788609956615,16.559904975824));
#9439=CARTESIAN_POINT('',(14.001068008362,3.6288609956615,16.120877960011));
#9440=CARTESIAN_POINT('',(14.001068008362,3.5788609956615,15.5));
#9441=CARTESIAN_POINT('',(14.001068008362,3.5288609956615,14.879122039989));
#9442=CARTESIAN_POINT('',(14.440095024176,3.4788609956615,14.440095024176));
#9443=CARTESIAN_POINT('',(14.879122039989,3.4288609956615,14.001068008363));
#9444=CARTESIAN_POINT('',(15.5,3.3788609956615,14.001068008363));
#9445=CARTESIAN_POINT('',(16.120877960011,3.3288609956615,14.001068008363));
#9446=CARTESIAN_POINT('',(16.559904975824,3.2788609956615,14.440095024176));
#9447=CARTESIAN_POINT('',(16.998931991637,3.2288609956615,14.879122039989));
#9448=CARTESIAN_POINT('',(16.998931991637,3.1788609956615,15.5));
#9449=CARTESIAN_POINT('',(16.998931991637,3.1288609956615,16.120877960011));
#9450=CARTESIAN_POINT('',(16.559904975824,3.0788609956615,16.559904975824));
#9451=CARTESIAN_POINT('',(16.120877960011,3.0288609956615,16.998931991638));
#9452=CARTESIAN_POINT('',(15.5,2.9788609956615,16.998931991638));
#9453=CARTESIAN_POINT('',(14.879122039989,2.9288609956615,16.998931991638));
#9454=CARTESIAN_POINT('',(14.440095024176,2.8788609956615,16.559904975824));
#9455=CARTESIAN_POINT('',(14.001068008362,2.8288609956615,16.120877960011));
#9456=CARTESIAN_POINT('',(14.001068008362,2.7788609956615,15.5));
#9457=CARTESIAN_POINT('',(14.001068008362,2.7288609956615,14.879122039989));
#9458=CARTESIAN_POINT('',(14.440095024176,2.6788609956615,14.440095024176));
#9459=CARTESIAN_POINT('',(14.879122039989,2.6288609956615,14.001068008363));
#9460=CARTESIAN_POINT('',(15.5,2.5788609956615,14.001068008363));
#9461=CARTESIAN_POINT('',(16.120877960011,2.5288609956615,14.001068008363));
#9462=CARTESIAN_POINT('',(16.559904975824,2.4788609956615,14.440095024176));
#9463=CARTESIAN_POINT('',(16.998931991637,2.4288609956615,14.879122039989));
#9464=CARTESIAN_POINT('',(16.998931991637,2.3788609956615,15.5));
#9465=CARTESIAN_POINT('',(16.998931991637,2.3288609956615,16.120877960011));
#9466=CARTESIAN_POINT('',(16.559904975824,2.2788609956615,16.559904975824));
#9467=CARTESIAN_POINT('',(16.120877960011,2.2288609956615,16.998931991638));
#9468=CARTESIAN_POINT('',(15.5,2.1788609956615,16.998931991638));
#9469=CARTESIAN_POINT('',(14.879122039989,2.1288609956615,16.998931991638));
#9470=CARTESIAN_POINT('',(14.440095024176,2.0788609956615,16.559904975824));
#9471=CARTESIAN_POINT('',(14.001068008362,2.0288609956615,16.120877960011));
#9472=CARTESIAN_POINT('',(14.001068008362,1.9788609956615,15.5));
#9473=CARTESIAN_POINT('',(14.001068008362,1.9288609956615,14.879122039989));
#9474=CARTESIAN_POINT('',(14.440095024176,1.8788609956615,14.440095024176));
#9475=CARTESIAN_POINT('',(14.879122039989,1.8288609956615,14.001068008363));
#9476=CARTESIAN_POINT('',(15.5,1.7788609956615,14.001068008363));
#9477=CARTESIAN_POINT('',(16.120877960011,1.7288609956615,14.001068008363));
#9478=CARTESIAN_POINT('',(16.559904975824,1.6788609956615,14.440095024176));
#9479=CARTESIAN_POINT('',(16.998931991637,1.6288609956615,14.879122039989));
#9480=CARTESIAN_POINT('',(16.998931991637,1.5788609956615,15.5));
#9481=CARTESIAN_POINT('',(16.998931991637,1.5288609956615,16.120877960011));
#9482=CARTESIAN_POINT('',(16.559904975824,1.4788609956615,16.559904975824));
#9483=CARTESIAN_POINT('',(16.120877960011,1.4288609956615,16.998931991638));
#9484=CARTESIAN_POINT('',(15.5,1.3788609956615,16.998931991638));
#9485=CARTESIAN_POINT('',(14.879122039989,1.3288609956615,16.998931991638));
#9486=CARTESIAN_POINT('',(14.440095024176,1.2788609956615,16.559904975824));
#9487=CARTESIAN_POINT('',(14.001068008362,1.2288609956615,16.120877960011));
#9488=CARTESIAN_POINT('',(14.001068008362,1.1788609956615,15.5));
#9489=CARTESIAN_POINT('',(14.001068008362,1.1288609956615,14.879122039989));
#9490=CARTESIAN_POINT('',(14.440095024176,1.0788609956615,14.440095024176));
#9491=CARTESIAN_POINT('',(14.879122039989,1.0288609956615,14.001068008363));
#9492=CARTESIAN_POINT('',(15.5,0.97886099566149,14.001068008363));
#9493=CARTESIAN_POINT('',(16.120877960011,0.92886099566149,14.001068008363));
#9494=CARTESIAN_POINT('',(16.559904975824,0.87886099566149,14.440095024176));
#9495=CARTESIAN_POINT('',(16.998931991637,0.82886099566149,14.879122039989));
#9496=CARTESIAN_POINT('',(16.998931991637,0.77886099566149,15.5));
#9497=CARTESIAN_POINT('',(16.998931991637,0.72886099566149,16.120877960011));
#9498=CARTESIAN_POINT('',(16.559904975824,0.67886099566149,16.559904975824));
#9499=CARTESIAN_POINT('',(16.120877960011,0.62886099566149,16.998931991638));
#9500=CARTESIAN_POINT('',(15.5,0.57886099566149,16.998931991638));
#9501=CARTESIAN_POINT('',(14.879122039989,0.52886099566149,16.998931991638));
#9502=CARTESIAN_POINT('',(14.440095024176,0.47886099566149,16.559904975824));
#9503=CARTESIAN_POINT('',(14.001068008362,0.42886099566149,16.120877960011));
#9504=CARTESIAN_POINT('',(14.001068008362,0.37886099566149,15.5));
#9505=CARTESIAN_POINT('',(14.001068008362,0.32886099566149,14.879122039989));
#9506=CARTESIAN_POINT('',(14.440095024176,0.27886099566149,14.440095024176));
#9507=CARTESIAN_POINT('',(14.879122039989,0.22886099566149,14.001068008363));
#9508=CARTESIAN_POINT('',(15.5,0.17886099566149,14.001068008363));
#9509=CARTESIAN_POINT('',(16.120877960011,0.12886099566149,14.001068008363));
#9510=CARTESIAN_POINT('',(16.559904975824,0.078860995661489,14.440095024176));
#9511=CARTESIAN_POINT('',(16.998931991637,0.028860995661489,14.879122039989));
#9512=CARTESIAN_POINT('',(16.998931991637,-0.021139004338511,15.5));
#9513=CARTESIAN_POINT('',(16.998931991637,-0.071139004338511,16.120877960011));
#9514=CARTESIAN_POINT('',(16.559904975824,-0.12113900433851,16.559904975824));
#9515=CARTESIAN_POINT('',(16.120877960011,-0.17113900433851,16.998931991638));
#9516=CARTESIAN_POINT('',(15.5,-0.22113900433851,16.998931991638));
#9517=(BOUNDED_SURFACE()B_SPLINE_SURFACE(1,2,((#9339,#9340,#9341,#9342,#9343,#9344,#9345,#9346,#9347,#9348,#9349,#9350,#9351,#9352,#9353,#9354,#9355,#9356,#9357,#9358,#9359,#9360,#9361,#9362,#9363,#9364,#9365,#9366,#9367,#9368,#9369,#9370,#9371,#9372,#9373,#9374,#9375,#9376,#9377,#9378,#9379,#9380,#9381,#9382,#9383,#9384,#9385,#9386,#9387,#9388,#9389,#9390,#9391,#9392,#9393,#9394,#9395,#9396,#9397,#9398,#9399,#9400,#9401,#9402,#9403,#9404,#9405,#9406,#9407,#9408,#9409,#9410,#9411,#9412,#9413,#9414,#9415,#9416,#9417,#9418,#9419,#9420,#9421,#9422,#9423,#9424,#9425,#9426,#9427),(#9428,#9429,#9430,#9431,#9432,#9433,#9434,#9435,#9436,#9437,#9438,#9439,#9440,#9441,#9442,#9443,#9444,#9445,#9446,#9447,#9448,#9449,#9450,#9451,#9452,#9453,#9454,#9455,#9456,#9457,#9458,#9459,#9460,#9461,#9462,#9463,#9464,#9465,#9466,#9467,#9468,#9469,#9470,#9471,#9472,#9473,#9474,#9475,#9476,#9477,#9478,#9479,#9480,#9481,#9482,#9483,#9484,#9485,#9486,#9487,#9488,#9489,#9490,#9491,#9492,#9493,#9494,#9495,#9496,#9497,#9498,#9499,#9500,#9501,#9502,#9503,#9504,#9505,#9506,#9507,#9508,#9509,#9510,#9511,#9512,#9513,#9514,#9515,#9516)),.UNSPECIFIED.,.F.,.F.,.U.)B_SPLINE_SURFACE_WITH_KNOTS((2,2),(3,2,2,2,2,2,2,2,2,2,2,2,2,2,2,2,2,2,2,2,2,2,2,2,2,2,2,2,2,2,2,2,2,2,2,2,2,2,2,2,2,2,2,2,3),(0.,0.44227800867702),(0.,1.2457759689889,2.4915519379779,3.7373279069668,4.9831038759558,6.2288798449447,7.4746558139336,8.7204317829226,9.9662077519115,11.2119837209,12.457759689889,13.703535658878,14.949311627867,16.195087596856,17.440863565845,18.686639534834,19.932415503823,21.178191472812,22.423967441801,23.66974341079,24.915519379779,26.161295348768,27.407071317757,28.652847286746,29.898623255735,31.144399224723,32.390175193712,33.635951162701,34.88172713169,36.127503100679,37.373279069668,38.619055038657,39.864831007646,41.110606976635,42.356382945624,43.602158914613,44.847934883602,46.093710852591,47.33948682158,48.585262790569,49.831038759558,51.076814728547,52.322590697535,53.568366666524,54.814142635513),.UNSPECIFIED.)GEOMETRIC_REPRESENTATION_ITEM()RATIONAL_B_SPLINE_SURFACE(((1.,0.92387953251129,1.,0.92387953251129,1.,0.92387953251129,1.,0.92387953251129,1.,0.92387953251129,1.,0.92387953251129,1.,0.92387953251129,1.,0.92387953251129,1.,0.92387953251129,1.,0.92387953251129,1.,0.92387953251129,1.,0.92387953251129,1.,0.92387953251129,1.,0.92387953251129,1.,0.92387953251129,1.,0.92387953251129,1.,0.92387953251129,1.,0.92387953251129,1.,0.92387953251129,1.,0.92387953251129,1.,0.92387953251129,1.,0.92387953251129,1.,0.92387953251129,1.,0.92387953251129,1.,0.92387953251129,1.,0.92387953251129,1.,0.92387953251129,1.,0.92387953251129,1.,0.92387953251129,1.,0.92387953251129,1.,0.92387953251129,1.,0.92387953251129,1.,0.92387953251129,1.,0.92387953251129,1.,0.92387953251129,1.,0.92387953251129,1.,0.92387953251129,1.,0.92387953251129,1.,0.92387953251129,1.,0.92387953251129,1.,0.92387953251129,1.,0.92387953251129,1.,0.92387953251129,1.,0.92387953251129,1.),(1.,0.92387953251129,1.,0.92387953251129,1.,0.92387953251129,1.,0.92387953251129,1.,0.92387953251129,1.,0.92387953251129,1.,0.92387953251129,1.,0.92387953251129,1.,0.92387953251129,1.,0.92387953251129,1.,0.92387953251129,1.,0.92387953251129,1.,0.92387953251129,1.,0.92387953251129,1.,0.92387953251129,1.,0.92387953251129,1.,0.92387953251129,1.,0.92387953251129,1.,0.92387953251129,1.,0.92387953251129,1.,0.92387953251129,1.,0.92387953251129,1.,0.92387953251129,1.,0.92387953251129,1.,0.92387953251129,1.,0.92387953251129,1.,0.92387953251129,1.,0.92387953251129,1.,0.92387953251129,1.,0.92387953251129,1.,0.92387953251129,1.,0.92387953251129,1.,0.92387953251129,1.,0.92387953251129,1.,0.92387953251129,1.,0.92387953251129,1.,0.92387953251129,1.,0.92387953251129,1.,0.92387953251129,1.,0.92387953251129,1.,0.92387953251129,1.,0.92387953251129,1.,0.92387953251129,1.,0.92387953251129,1.)))REPRESENTATION_ITEM('')SURFACE());
#9518=ORIENTED_EDGE('',*,*,#8339,.F.);
#9519=ORIENTED_EDGE('',*,*,#9334,.F.);
#9520=ORIENTED_EDGE('',*,*,#8531,.F.);
#9521=ORIENTED_EDGE('',*,*,#9030,.F.);
#9522=EDGE_LOOP('',(#9518,#9519,#9520,#9521));
#9523=FACE_OUTER_BOUND('',#9522,.T.);
#9524=ADVANCED_FACE('',(#9523),#9517,.T.);
#9525=CARTESIAN_POINT('',(15.5,4.5,15.5));
#9526=DIRECTION('',(0.8165261390922,7.105427357601E-16,-0.57730846536249));
#9527=DIRECTION('',(0.,-1.,0.));
#9528=AXIS2_PLACEMENT_3D('',#9525,#9527,#9526);
#9529=CYLINDRICAL_SURFACE('',#9528,1.25);
#9530=ORIENTED_EDGE('',*,*,#1091,.F.);
#9531=ORIENTED_EDGE('',*,*,#8768,.F.);
#9532=ORIENTED_EDGE('',*,*,#9244,.F.);
#9533=EDGE_LOOP('',(#9530,#9531,#9532));
#9534=FACE_OUTER_BOUND('',#9533,.T.);
#9535=ADVANCED_FACE('',(#9534),#9529,.F.);
#9536=CARTESIAN_POINT('',(14.001068008363,4.2894304978307,-15.5));
#9537=DIRECTION('',(1.,0.,0.));
#9538=DIRECTION('',(0.,0.,-1.));
#9539=AXIS2_PLACEMENT_3D('',#9536,#9538,#9537);
#9540=PLANE('',#9539);
#9541=CARTESIAN_POINT('',(14.001068008363,4.1788609956615,-15.5));
#9542=VERTEX_POINT('',#9541);
#9543=CARTESIAN_POINT('',(14.250267002091,4.1788609956615,-15.5));
#9544=CARTESIAN_POINT('',(14.167734675029,4.1788609956615,-15.5));
#9545=CARTESIAN_POINT('',(14.084401341696,4.1788609956615,-15.5));
#9546=CARTESIAN_POINT('',(14.001068008363,4.1788609956615,-15.5));
#9547=B_SPLINE_CURVE_WITH_KNOTS('',3,(#9543,#9544,#9545,#9546),.UNSPECIFIED.,.F.,.U.,(4,4),(0.,1.),.UNSPECIFIED.);
#9548=EDGE_CURVE('',#632,#9542,#9547,.T.);
#9549=ORIENTED_EDGE('',*,*,#9548,.T.);
#9550=CARTESIAN_POINT('',(14.001068008363,4.6211390043385,-15.5));
#9551=VERTEX_POINT('',#9550);
#9552=CARTESIAN_POINT('',(14.001068008363,4.1788609956615,-15.5));
#9553=CARTESIAN_POINT('',(14.001068008363,4.3262869985538,-15.5));
#9554=CARTESIAN_POINT('',(14.001068008363,4.4737130014462,-15.5));
#9555=CARTESIAN_POINT('',(14.001068008363,4.6211390043385,-15.5));
#9556=B_SPLINE_CURVE_WITH_KNOTS('',3,(#9552,#9553,#9554,#9555),.UNSPECIFIED.,.F.,.U.,(4,4),(0.,1.),.UNSPECIFIED.);
#9557=EDGE_CURVE('',#9542,#9551,#9556,.T.);
#9558=ORIENTED_EDGE('',*,*,#9557,.T.);
#9559=CARTESIAN_POINT('',(14.251068008363,4.6211390043385,-15.5));
#9560=VERTEX_POINT('',#9559);
#9561=CARTESIAN_POINT('',(14.001068008363,4.6211390043385,-15.5));
#9562=CARTESIAN_POINT('',(14.084401341696,4.6211390043385,-15.5));
#9563=CARTESIAN_POINT('',(14.167734675029,4.6211390043385,-15.5));
#9564=CARTESIAN_POINT('',(14.251068008363,4.6211390043385,-15.5));
#9565=B_SPLINE_CURVE_WITH_KNOTS('',3,(#9561,#9562,#9563,#9564),.UNSPECIFIED.,.F.,.U.,(4,4),(0.,1.),.UNSPECIFIED.);
#9566=EDGE_CURVE('',#9551,#9560,#9565,.T.);
#9567=ORIENTED_EDGE('',*,*,#9566,.T.);
#9568=CARTESIAN_POINT('',(14.251068008363,4.6211390043385,-15.5));
#9569=CARTESIAN_POINT('',(14.251068008363,4.5807593362257,-15.5));
#9570=CARTESIAN_POINT('',(14.251068008363,4.5403796681128,-15.5));
#9571=CARTESIAN_POINT('',(14.251068008363,4.5,-15.5));
#9572=B_SPLINE_CURVE_WITH_KNOTS('',3,(#9568,#9569,#9570,#9571),.UNSPECIFIED.,.F.,.U.,(4,4),(0.,0.27389786957953),.UNSPECIFIED.);
#9573=EDGE_CURVE('',#9560,#591,#9572,.T.);
#9574=ORIENTED_EDGE('',*,*,#9573,.T.);
#9575=ORIENTED_EDGE('',*,*,#645,.F.);
#9576=EDGE_LOOP('',(#9549,#9558,#9567,#9574,#9575));
#9577=FACE_OUTER_BOUND('',#9576,.T.);
#9578=ADVANCED_FACE('',(#9577),#9540,.T.);
#9579=CARTESIAN_POINT('',(14.251068008363,4.1788609956615,-15.5));
#9580=CARTESIAN_POINT('',(14.251068008363,4.1288609956615,-16.017324569418));
#9581=CARTESIAN_POINT('',(14.616871719472,4.0788609956615,-16.383128280528));
#9582=CARTESIAN_POINT('',(14.982675430582,4.0288609956615,-16.748931991637));
#9583=CARTESIAN_POINT('',(15.5,3.9788609956615,-16.748931991637));
#9584=CARTESIAN_POINT('',(16.017324569418,3.9288609956615,-16.748931991637));
#9585=CARTESIAN_POINT('',(16.383128280528,3.8788609956615,-16.383128280528));
#9586=CARTESIAN_POINT('',(16.748931991637,3.8288609956615,-16.017324569418));
#9587=CARTESIAN_POINT('',(16.748931991637,3.7788609956615,-15.5));
#9588=CARTESIAN_POINT('',(16.748931991637,3.7288609956615,-14.982675430582));
#9589=CARTESIAN_POINT('',(16.383128280528,3.6788609956615,-14.616871719472));
#9590=CARTESIAN_POINT('',(16.017324569418,3.6288609956615,-14.251068008363));
#9591=CARTESIAN_POINT('',(15.5,3.5788609956615,-14.251068008363));
#9592=CARTESIAN_POINT('',(14.982675430582,3.5288609956615,-14.251068008363));
#9593=CARTESIAN_POINT('',(14.616871719472,3.4788609956615,-14.616871719472));
#9594=CARTESIAN_POINT('',(14.251068008363,3.4288609956615,-14.982675430582));
#9595=CARTESIAN_POINT('',(14.251068008363,3.3788609956615,-15.5));
#9596=CARTESIAN_POINT('',(14.251068008363,3.3288609956615,-16.017324569418));
#9597=CARTESIAN_POINT('',(14.616871719472,3.2788609956615,-16.383128280528));
#9598=CARTESIAN_POINT('',(14.982675430582,3.2288609956615,-16.748931991637));
#9599=CARTESIAN_POINT('',(15.5,3.1788609956615,-16.748931991637));
#9600=CARTESIAN_POINT('',(16.017324569418,3.1288609956615,-16.748931991637));
#9601=CARTESIAN_POINT('',(16.383128280528,3.0788609956615,-16.383128280528));
#9602=CARTESIAN_POINT('',(16.748931991637,3.0288609956615,-16.017324569418));
#9603=CARTESIAN_POINT('',(16.748931991637,2.9788609956615,-15.5));
#9604=CARTESIAN_POINT('',(16.748931991637,2.9288609956615,-14.982675430582));
#9605=CARTESIAN_POINT('',(16.383128280528,2.8788609956615,-14.616871719472));
#9606=CARTESIAN_POINT('',(16.017324569418,2.8288609956615,-14.251068008363));
#9607=CARTESIAN_POINT('',(15.5,2.7788609956615,-14.251068008363));
#9608=CARTESIAN_POINT('',(14.982675430582,2.7288609956615,-14.251068008363));
#9609=CARTESIAN_POINT('',(14.616871719472,2.6788609956615,-14.616871719472));
#9610=CARTESIAN_POINT('',(14.251068008363,2.6288609956615,-14.982675430582));
#9611=CARTESIAN_POINT('',(14.251068008363,2.5788609956615,-15.5));
#9612=CARTESIAN_POINT('',(14.251068008363,2.5288609956615,-16.017324569418));
#9613=CARTESIAN_POINT('',(14.616871719472,2.4788609956615,-16.383128280528));
#9614=CARTESIAN_POINT('',(14.982675430582,2.4288609956615,-16.748931991637));
#9615=CARTESIAN_POINT('',(15.5,2.3788609956615,-16.748931991637));
#9616=CARTESIAN_POINT('',(16.017324569418,2.3288609956615,-16.748931991637));
#9617=CARTESIAN_POINT('',(16.383128280528,2.2788609956615,-16.383128280528));
#9618=CARTESIAN_POINT('',(16.748931991637,2.2288609956615,-16.017324569418));
#9619=CARTESIAN_POINT('',(16.748931991637,2.1788609956615,-15.5));
#9620=CARTESIAN_POINT('',(16.748931991637,2.1288609956615,-14.982675430582));
#9621=CARTESIAN_POINT('',(16.383128280528,2.0788609956615,-14.616871719472));
#9622=CARTESIAN_POINT('',(16.017324569418,2.0288609956615,-14.251068008363));
#9623=CARTESIAN_POINT('',(15.5,1.9788609956615,-14.251068008363));
#9624=CARTESIAN_POINT('',(14.982675430582,1.9288609956615,-14.251068008363));
#9625=CARTESIAN_POINT('',(14.616871719472,1.8788609956615,-14.616871719472));
#9626=CARTESIAN_POINT('',(14.251068008363,1.8288609956615,-14.982675430582));
#9627=CARTESIAN_POINT('',(14.251068008363,1.7788609956615,-15.5));
#9628=CARTESIAN_POINT('',(14.251068008363,1.7288609956615,-16.017324569418));
#9629=CARTESIAN_POINT('',(14.616871719472,1.6788609956615,-16.383128280528));
#9630=CARTESIAN_POINT('',(14.982675430582,1.6288609956615,-16.748931991637));
#9631=CARTESIAN_POINT('',(15.5,1.5788609956615,-16.748931991637));
#9632=CARTESIAN_POINT('',(16.017324569418,1.5288609956615,-16.748931991637));
#9633=CARTESIAN_POINT('',(16.383128280528,1.4788609956615,-16.383128280528));
#9634=CARTESIAN_POINT('',(16.748931991637,1.4288609956615,-16.017324569418));
#9635=CARTESIAN_POINT('',(16.748931991637,1.3788609956615,-15.5));
#9636=CARTESIAN_POINT('',(16.748931991637,1.3288609956615,-14.982675430582));
#9637=CARTESIAN_POINT('',(16.383128280528,1.2788609956615,-14.616871719472));
#9638=CARTESIAN_POINT('',(16.017324569418,1.2288609956615,-14.251068008363));
#9639=CARTESIAN_POINT('',(15.5,1.1788609956615,-14.251068008363));
#9640=CARTESIAN_POINT('',(14.982675430582,1.1288609956615,-14.251068008363));
#9641=CARTESIAN_POINT('',(14.616871719472,1.0788609956615,-14.616871719472));
#9642=CARTESIAN_POINT('',(14.251068008363,1.0288609956615,-14.982675430582));
#9643=CARTESIAN_POINT('',(14.251068008363,0.97886099566149,-15.5));
#9644=CARTESIAN_POINT('',(14.251068008363,0.92886099566149,-16.017324569418));
#9645=CARTESIAN_POINT('',(14.616871719472,0.87886099566149,-16.383128280528));
#9646=CARTESIAN_POINT('',(14.982675430582,0.82886099566149,-16.748931991637));
#9647=CARTESIAN_POINT('',(15.5,0.77886099566149,-16.748931991637));
#9648=CARTESIAN_POINT('',(16.017324569418,0.72886099566149,-16.748931991637));
#9649=CARTESIAN_POINT('',(16.383128280528,0.67886099566149,-16.383128280528));
#9650=CARTESIAN_POINT('',(16.748931991637,0.62886099566149,-16.017324569418));
#9651=CARTESIAN_POINT('',(16.748931991637,0.57886099566149,-15.5));
#9652=CARTESIAN_POINT('',(16.748931991637,0.52886099566149,-14.982675430582));
#9653=CARTESIAN_POINT('',(16.383128280528,0.47886099566149,-14.616871719472));
#9654=CARTESIAN_POINT('',(16.017324569418,0.42886099566149,-14.251068008363));
#9655=CARTESIAN_POINT('',(15.5,0.37886099566149,-14.251068008363));
#9656=CARTESIAN_POINT('',(14.982675430582,0.32886099566149,-14.251068008363));
#9657=CARTESIAN_POINT('',(14.616871719472,0.27886099566149,-14.616871719472));
#9658=CARTESIAN_POINT('',(14.251068008363,0.22886099566149,-14.982675430582));
#9659=CARTESIAN_POINT('',(14.251068008363,0.17886099566149,-15.5));
#9660=CARTESIAN_POINT('',(14.251068008363,0.12886099566149,-16.017324569418));
#9661=CARTESIAN_POINT('',(14.616871719472,0.078860995661489,-16.383128280528));
#9662=CARTESIAN_POINT('',(14.982675430582,0.028860995661489,-16.748931991637));
#9663=CARTESIAN_POINT('',(15.5,-0.021139004338511,-16.748931991637));
#9664=CARTESIAN_POINT('',(16.017324569418,-0.071139004338511,-16.748931991637));
#9665=CARTESIAN_POINT('',(16.383128280528,-0.12113900433851,-16.383128280528));
#9666=CARTESIAN_POINT('',(16.748931991637,-0.17113900433851,-16.017324569418));
#9667=CARTESIAN_POINT('',(16.748931991637,-0.22113900433851,-15.5));
#9668=CARTESIAN_POINT('',(14.251068008363,4.6211390043385,-15.5));
#9669=CARTESIAN_POINT('',(14.251068008363,4.5711390043385,-16.017324569418));
#9670=CARTESIAN_POINT('',(14.616871719472,4.5211390043385,-16.383128280528));
#9671=CARTESIAN_POINT('',(14.982675430582,4.4711390043385,-16.748931991637));
#9672=CARTESIAN_POINT('',(15.5,4.4211390043385,-16.748931991637));
#9673=CARTESIAN_POINT('',(16.017324569418,4.3711390043385,-16.748931991637));
#9674=CARTESIAN_POINT('',(16.383128280528,4.3211390043385,-16.383128280528));
#9675=CARTESIAN_POINT('',(16.748931991637,4.2711390043385,-16.017324569418));
#9676=CARTESIAN_POINT('',(16.748931991637,4.2211390043385,-15.5));
#9677=CARTESIAN_POINT('',(16.748931991637,4.1711390043385,-14.982675430582));
#9678=CARTESIAN_POINT('',(16.383128280528,4.1211390043385,-14.616871719472));
#9679=CARTESIAN_POINT('',(16.017324569418,4.0711390043385,-14.251068008363));
#9680=CARTESIAN_POINT('',(15.5,4.0211390043385,-14.251068008363));
#9681=CARTESIAN_POINT('',(14.982675430582,3.9711390043385,-14.251068008363));
#9682=CARTESIAN_POINT('',(14.616871719472,3.9211390043385,-14.616871719472));
#9683=CARTESIAN_POINT('',(14.251068008363,3.8711390043385,-14.982675430582));
#9684=CARTESIAN_POINT('',(14.251068008363,3.8211390043385,-15.5));
#9685=CARTESIAN_POINT('',(14.251068008363,3.7711390043385,-16.017324569418));
#9686=CARTESIAN_POINT('',(14.616871719472,3.7211390043385,-16.383128280528));
#9687=CARTESIAN_POINT('',(14.982675430582,3.6711390043385,-16.748931991637));
#9688=CARTESIAN_POINT('',(15.5,3.6211390043385,-16.748931991637));
#9689=CARTESIAN_POINT('',(16.017324569418,3.5711390043385,-16.748931991637));
#9690=CARTESIAN_POINT('',(16.383128280528,3.5211390043385,-16.383128280528));
#9691=CARTESIAN_POINT('',(16.748931991637,3.4711390043385,-16.017324569418));
#9692=CARTESIAN_POINT('',(16.748931991637,3.4211390043385,-15.5));
#9693=CARTESIAN_POINT('',(16.748931991637,3.3711390043385,-14.982675430582));
#9694=CARTESIAN_POINT('',(16.383128280528,3.3211390043385,-14.616871719472));
#9695=CARTESIAN_POINT('',(16.017324569418,3.2711390043385,-14.251068008363));
#9696=CARTESIAN_POINT('',(15.5,3.2211390043385,-14.251068008363));
#9697=CARTESIAN_POINT('',(14.982675430582,3.1711390043385,-14.251068008363));
#9698=CARTESIAN_POINT('',(14.616871719472,3.1211390043385,-14.616871719472));
#9699=CARTESIAN_POINT('',(14.251068008363,3.0711390043385,-14.982675430582));
#9700=CARTESIAN_POINT('',(14.251068008363,3.0211390043385,-15.5));
#9701=CARTESIAN_POINT('',(14.251068008363,2.9711390043385,-16.017324569418));
#9702=CARTESIAN_POINT('',(14.616871719472,2.9211390043385,-16.383128280528));
#9703=CARTESIAN_POINT('',(14.982675430582,2.8711390043385,-16.748931991637));
#9704=CARTESIAN_POINT('',(15.5,2.8211390043385,-16.748931991637));
#9705=CARTESIAN_POINT('',(16.017324569418,2.7711390043385,-16.748931991637));
#9706=CARTESIAN_POINT('',(16.383128280528,2.7211390043385,-16.383128280528));
#9707=CARTESIAN_POINT('',(16.748931991637,2.6711390043385,-16.017324569418));
#9708=CARTESIAN_POINT('',(16.748931991637,2.6211390043385,-15.5));
#9709=CARTESIAN_POINT('',(16.748931991637,2.5711390043385,-14.982675430582));
#9710=CARTESIAN_POINT('',(16.383128280528,2.5211390043385,-14.616871719472));
#9711=CARTESIAN_POINT('',(16.017324569418,2.4711390043385,-14.251068008363));
#9712=CARTESIAN_POINT('',(15.5,2.4211390043385,-14.251068008363));
#9713=CARTESIAN_POINT('',(14.982675430582,2.3711390043385,-14.251068008363));
#9714=CARTESIAN_POINT('',(14.616871719472,2.3211390043385,-14.616871719472));
#9715=CARTESIAN_POINT('',(14.251068008363,2.2711390043385,-14.982675430582));
#9716=CARTESIAN_POINT('',(14.251068008363,2.2211390043385,-15.5));
#9717=CARTESIAN_POINT('',(14.251068008363,2.1711390043385,-16.017324569418));
#9718=CARTESIAN_POINT('',(14.616871719472,2.1211390043385,-16.383128280528));
#9719=CARTESIAN_POINT('',(14.982675430582,2.0711390043385,-16.748931991637));
#9720=CARTESIAN_POINT('',(15.5,2.0211390043385,-16.748931991637));
#9721=CARTESIAN_POINT('',(16.017324569418,1.9711390043385,-16.748931991637));
#9722=CARTESIAN_POINT('',(16.383128280528,1.9211390043385,-16.383128280528));
#9723=CARTESIAN_POINT('',(16.748931991637,1.8711390043385,-16.017324569418));
#9724=CARTESIAN_POINT('',(16.748931991637,1.8211390043385,-15.5));
#9725=CARTESIAN_POINT('',(16.748931991637,1.7711390043385,-14.982675430582));
#9726=CARTESIAN_POINT('',(16.383128280528,1.7211390043385,-14.616871719472));
#9727=CARTESIAN_POINT('',(16.017324569418,1.6711390043385,-14.251068008363));
#9728=CARTESIAN_POINT('',(15.5,1.6211390043385,-14.251068008363));
#9729=CARTESIAN_POINT('',(14.982675430582,1.5711390043385,-14.251068008363));
#9730=CARTESIAN_POINT('',(14.616871719472,1.5211390043385,-14.616871719472));
#9731=CARTESIAN_POINT('',(14.251068008363,1.4711390043385,-14.982675430582));
#9732=CARTESIAN_POINT('',(14.251068008363,1.4211390043385,-15.5));
#9733=CARTESIAN_POINT('',(14.251068008363,1.3711390043385,-16.017324569418));
#9734=CARTESIAN_POINT('',(14.616871719472,1.3211390043385,-16.383128280528));
#9735=CARTESIAN_POINT('',(14.982675430582,1.2711390043385,-16.748931991637));
#9736=CARTESIAN_POINT('',(15.5,1.2211390043385,-16.748931991637));
#9737=CARTESIAN_POINT('',(16.017324569418,1.1711390043385,-16.748931991637));
#9738=CARTESIAN_POINT('',(16.383128280528,1.1211390043385,-16.383128280528));
#9739=CARTESIAN_POINT('',(16.748931991637,1.0711390043385,-16.017324569418));
#9740=CARTESIAN_POINT('',(16.748931991637,1.0211390043385,-15.5));
#9741=CARTESIAN_POINT('',(16.748931991637,0.97113900433851,-14.982675430582));
#9742=CARTESIAN_POINT('',(16.383128280528,0.92113900433851,-14.616871719472));
#9743=CARTESIAN_POINT('',(16.017324569418,0.87113900433851,-14.251068008363));
#9744=CARTESIAN_POINT('',(15.5,0.82113900433851,-14.251068008363));
#9745=CARTESIAN_POINT('',(14.982675430582,0.77113900433851,-14.251068008363));
#9746=CARTESIAN_POINT('',(14.616871719472,0.72113900433851,-14.616871719472));
#9747=CARTESIAN_POINT('',(14.251068008363,0.67113900433851,-14.982675430582));
#9748=CARTESIAN_POINT('',(14.251068008363,0.62113900433851,-15.5));
#9749=CARTESIAN_POINT('',(14.251068008363,0.57113900433851,-16.017324569418));
#9750=CARTESIAN_POINT('',(14.616871719472,0.52113900433851,-16.383128280528));
#9751=CARTESIAN_POINT('',(14.982675430582,0.47113900433851,-16.748931991637));
#9752=CARTESIAN_POINT('',(15.5,0.42113900433851,-16.748931991637));
#9753=CARTESIAN_POINT('',(16.017324569418,0.37113900433851,-16.748931991637));
#9754=CARTESIAN_POINT('',(16.383128280528,0.32113900433851,-16.383128280528));
#9755=CARTESIAN_POINT('',(16.748931991637,0.27113900433851,-16.017324569418));
#9756=CARTESIAN_POINT('',(16.748931991637,0.22113900433851,-15.5));
#9757=(BOUNDED_SURFACE()B_SPLINE_SURFACE(1,2,((#9579,#9580,#9581,#9582,#9583,#9584,#9585,#9586,#9587,#9588,#9589,#9590,#9591,#9592,#9593,#9594,#9595,#9596,#9597,#9598,#9599,#9600,#9601,#9602,#9603,#9604,#9605,#9606,#9607,#9608,#9609,#9610,#9611,#9612,#9613,#9614,#9615,#9616,#9617,#9618,#9619,#9620,#9621,#9622,#9623,#9624,#9625,#9626,#9627,#9628,#9629,#9630,#9631,#9632,#9633,#9634,#9635,#9636,#9637,#9638,#9639,#9640,#9641,#9642,#9643,#9644,#9645,#9646,#9647,#9648,#9649,#9650,#9651,#9652,#9653,#9654,#9655,#9656,#9657,#9658,#9659,#9660,#9661,#9662,#9663,#9664,#9665,#9666,#9667),(#9668,#9669,#9670,#9671,#9672,#9673,#9674,#9675,#9676,#9677,#9678,#9679,#9680,#9681,#9682,#9683,#9684,#9685,#9686,#9687,#9688,#9689,#9690,#9691,#9692,#9693,#9694,#9695,#9696,#9697,#9698,#9699,#9700,#9701,#9702,#9703,#9704,#9705,#9706,#9707,#9708,#9709,#9710,#9711,#9712,#9713,#9714,#9715,#9716,#9717,#9718,#9719,#9720,#9721,#9722,#9723,#9724,#9725,#9726,#9727,#9728,#9729,#9730,#9731,#9732,#9733,#9734,#9735,#9736,#9737,#9738,#9739,#9740,#9741,#9742,#9743,#9744,#9745,#9746,#9747,#9748,#9749,#9750,#9751,#9752,#9753,#9754,#9755,#9756)),.UNSPECIFIED.,.F.,.F.,.U.)B_SPLINE_SURFACE_WITH_KNOTS((2,2),(3,2,2,2,2,2,2,2,2,2,2,2,2,2,2,2,2,2,2,2,2,2,2,2,2,2,2,2,2,2,2,2,2,2,2,2,2,2,2,2,2,2,2,2,3),(0.,0.44227800867702),(0.,1.0394704615781,2.0789409231563,3.1184113847344,4.1578818463126,5.1973523078907,6.2368227694689,7.276293231047,8.3157636926252,9.3552341542033,10.394704615781,11.43417507736,12.473645538938,13.513116000516,14.552586462094,15.592056923672,16.63152738525,17.670997846828,18.710468308407,19.749938769985,20.789409231563,21.828879693141,22.868350154719,23.907820616297,24.947291077876,25.986761539454,27.026232001032,28.06570246261,29.105172924188,30.144643385766,31.184113847344,32.223584308923,33.263054770501,34.302525232079,35.341995693657,36.381466155235,37.420936616813,38.460407078391,39.49987753997,40.539348001548,41.578818463126,42.618288924704,43.657759386282,44.69722984786,45.736700309438),.UNSPECIFIED.)GEOMETRIC_REPRESENTATION_ITEM()RATIONAL_B_SPLINE_SURFACE(((1.,0.92387953251129,1.,0.92387953251129,1.,0.92387953251129,1.,0.92387953251129,1.,0.92387953251129,1.,0.92387953251129,1.,0.92387953251129,1.,0.92387953251129,1.,0.92387953251129,1.,0.92387953251129,1.,0.92387953251129,1.,0.92387953251129,1.,0.92387953251129,1.,0.92387953251129,1.,0.92387953251129,1.,0.92387953251129,1.,0.92387953251129,1.,0.92387953251129,1.,0.92387953251129,1.,0.92387953251129,1.,0.92387953251129,1.,0.92387953251129,1.,0.92387953251129,1.,0.92387953251129,1.,0.92387953251129,1.,0.92387953251129,1.,0.92387953251129,1.,0.92387953251129,1.,0.92387953251129,1.,0.92387953251129,1.,0.92387953251129,1.,0.92387953251129,1.,0.92387953251129,1.,0.92387953251129,1.,0.92387953251129,1.,0.92387953251129,1.,0.92387953251129,1.,0.92387953251129,1.,0.92387953251129,1.,0.92387953251129,1.,0.92387953251129,1.,0.92387953251129,1.,0.92387953251129,1.,0.92387953251129,1.),(1.,0.92387953251129,1.,0.92387953251129,1.,0.92387953251129,1.,0.92387953251129,1.,0.92387953251129,1.,0.92387953251129,1.,0.92387953251129,1.,0.92387953251129,1.,0.92387953251129,1.,0.92387953251129,1.,0.92387953251129,1.,0.92387953251129,1.,0.92387953251129,1.,0.92387953251129,1.,0.92387953251129,1.,0.92387953251129,1.,0.92387953251129,1.,0.92387953251129,1.,0.92387953251129,1.,0.92387953251129,1.,0.92387953251129,1.,0.92387953251129,1.,0.92387953251129,1.,0.92387953251129,1.,0.92387953251129,1.,0.92387953251129,1.,0.92387953251129,1.,0.92387953251129,1.,0.92387953251129,1.,0.92387953251129,1.,0.92387953251129,1.,0.92387953251129,1.,0.92387953251129,1.,0.92387953251129,1.,0.92387953251129,1.,0.92387953251129,1.,0.92387953251129,1.,0.92387953251129,1.,0.92387953251129,1.,0.92387953251129,1.,0.92387953251129,1.,0.92387953251129,1.,0.92387953251129,1.,0.92387953251129,1.)))REPRESENTATION_ITEM('')SURFACE());
#9758=CARTESIAN_POINT('',(14.77898093832,4.5,-16.519785581595));
#9759=VERTEX_POINT('',#9758);
#9760=CARTESIAN_POINT('',(14.77898093832,4.5,-16.519785581595));
#9761=CARTESIAN_POINT('',(14.697083866041,4.5,-16.461881889609));
#9762=CARTESIAN_POINT('',(14.623718276982,4.5,-16.395424758838));
#9763=CARTESIAN_POINT('',(14.493453290957,4.5,-16.246001929858));
#9764=CARTESIAN_POINT('',(14.436531558125,4.5,-16.162306911066));
#9765=CARTESIAN_POINT('',(14.300034757967,4.5,-15.89881367071));
#9766=CARTESIAN_POINT('',(14.251068008363,4.5,-15.70059878358));
#9767=CARTESIAN_POINT('',(14.251068008363,4.5,-15.5));
#9768=B_SPLINE_CURVE_WITH_KNOTS('',3,(#9760,#9761,#9762,#9763,#9764,#9765,#9766,#9767),.UNSPECIFIED.,.F.,.U.,(4,2,2,4),(0.,0.00029662736811385,0.00059325473622769,0.0011865094724554),.UNSPECIFIED.);
#9769=EDGE_CURVE('',#9759,#591,#9768,.T.);
#9770=ORIENTED_EDGE('',*,*,#9769,.T.);
#9771=ORIENTED_EDGE('',*,*,#9573,.F.);
#9772=CARTESIAN_POINT('',(14.251068008363,4.6211390043385,-15.5));
#9773=CARTESIAN_POINT('',(14.251068008363,4.5711390043385,-16.017324569418));
#9774=CARTESIAN_POINT('',(14.616871719472,4.5211390043385,-16.383128280528));
#9775=CARTESIAN_POINT('',(14.692105411626,4.5108556624985,-16.458361972682));
#9776=CARTESIAN_POINT('',(14.77898093832,4.5,-16.519785581595));
#9777=(BOUNDED_CURVE()B_SPLINE_CURVE(2,(#9772,#9773,#9774,#9775,#9776),.UNSPECIFIED.,.F.,.U.)B_SPLINE_CURVE_WITH_KNOTS((3,2,3),(0.8912728583961,0.91210619172943,0.91666666666667),.UNSPECIFIED.)CURVE()GEOMETRIC_REPRESENTATION_ITEM()RATIONAL_B_SPLINE_CURVE((1.,0.92387953251129,1.,0.98333701675875,0.97396918079282))REPRESENTATION_ITEM(''));
#9778=EDGE_CURVE('',#9560,#9759,#9777,.T.);
#9779=ORIENTED_EDGE('',*,*,#9778,.T.);
#9780=EDGE_LOOP('',(#9770,#9771,#9779));
#9781=FACE_OUTER_BOUND('',#9780,.T.);
#9782=ADVANCED_FACE('',(#9781),#9757,.T.);
#9783=CARTESIAN_POINT('',(15.5,4.5,-15.5));
#9784=DIRECTION('',(0.,0.,1.));
#9785=DIRECTION('',(0.,-1.,0.));
#9786=AXIS2_PLACEMENT_3D('',#9783,#9785,#9784);
#9787=PLANE('',#9786);
#9788=ORIENTED_EDGE('',*,*,#9769,.F.);
#9789=CARTESIAN_POINT('',(15.5,4.5,-15.5));
#9790=DIRECTION('',(-0.57730850559358,3.5527136788005E-15,-0.81652611064761));
#9791=DIRECTION('',(-1.1454249171898E-15,-1.,-3.6041289011017E-15));
#9792=AXIS2_PLACEMENT_3D('',#9789,#9791,#9790);
#9793=CIRCLE('',#9792,1.25);
#9794=EDGE_CURVE('',#9759,#874,#9793,.T.);
#9795=ORIENTED_EDGE('',*,*,#9794,.T.);
#9796=ORIENTED_EDGE('',*,*,#880,.F.);
#9797=ORIENTED_EDGE('',*,*,#599,.F.);
#9798=EDGE_LOOP('',(#9788,#9795,#9796,#9797));
#9799=FACE_OUTER_BOUND('',#9798,.T.);
#9800=ADVANCED_FACE('',(#9799),#9787,.T.);
#9801=CARTESIAN_POINT('',(14.001068008363,4.1788609956615,-15.5));
#9802=CARTESIAN_POINT('',(14.001068008363,4.1288609956615,-16.120877960011));
#9803=CARTESIAN_POINT('',(14.440095024176,4.0788609956615,-16.559904975824));
#9804=CARTESIAN_POINT('',(14.879122039989,4.0288609956615,-16.998931991637));
#9805=CARTESIAN_POINT('',(15.5,3.9788609956615,-16.998931991637));
#9806=CARTESIAN_POINT('',(16.120877960011,3.9288609956615,-16.998931991637));
#9807=CARTESIAN_POINT('',(16.559904975824,3.8788609956615,-16.559904975824));
#9808=CARTESIAN_POINT('',(16.998931991637,3.8288609956615,-16.120877960011));
#9809=CARTESIAN_POINT('',(16.998931991637,3.7788609956615,-15.5));
#9810=CARTESIAN_POINT('',(16.998931991637,3.7288609956615,-14.879122039989));
#9811=CARTESIAN_POINT('',(16.559904975824,3.6788609956615,-14.440095024176));
#9812=CARTESIAN_POINT('',(16.120877960011,3.6288609956615,-14.001068008363));
#9813=CARTESIAN_POINT('',(15.5,3.5788609956615,-14.001068008363));
#9814=CARTESIAN_POINT('',(14.879122039989,3.5288609956615,-14.001068008363));
#9815=CARTESIAN_POINT('',(14.440095024176,3.4788609956615,-14.440095024176));
#9816=CARTESIAN_POINT('',(14.001068008363,3.4288609956615,-14.879122039989));
#9817=CARTESIAN_POINT('',(14.001068008363,3.3788609956615,-15.5));
#9818=CARTESIAN_POINT('',(14.001068008363,3.3288609956615,-16.120877960011));
#9819=CARTESIAN_POINT('',(14.440095024176,3.2788609956615,-16.559904975824));
#9820=CARTESIAN_POINT('',(14.879122039989,3.2288609956615,-16.998931991637));
#9821=CARTESIAN_POINT('',(15.5,3.1788609956615,-16.998931991637));
#9822=CARTESIAN_POINT('',(16.120877960011,3.1288609956615,-16.998931991637));
#9823=CARTESIAN_POINT('',(16.559904975824,3.0788609956615,-16.559904975824));
#9824=CARTESIAN_POINT('',(16.998931991637,3.0288609956615,-16.120877960011));
#9825=CARTESIAN_POINT('',(16.998931991637,2.9788609956615,-15.5));
#9826=CARTESIAN_POINT('',(16.998931991637,2.9288609956615,-14.879122039989));
#9827=CARTESIAN_POINT('',(16.559904975824,2.8788609956615,-14.440095024176));
#9828=CARTESIAN_POINT('',(16.120877960011,2.8288609956615,-14.001068008363));
#9829=CARTESIAN_POINT('',(15.5,2.7788609956615,-14.001068008363));
#9830=CARTESIAN_POINT('',(14.879122039989,2.7288609956615,-14.001068008363));
#9831=CARTESIAN_POINT('',(14.440095024176,2.6788609956615,-14.440095024176));
#9832=CARTESIAN_POINT('',(14.001068008363,2.6288609956615,-14.879122039989));
#9833=CARTESIAN_POINT('',(14.001068008363,2.5788609956615,-15.5));
#9834=CARTESIAN_POINT('',(14.001068008363,2.5288609956615,-16.120877960011));
#9835=CARTESIAN_POINT('',(14.440095024176,2.4788609956615,-16.559904975824));
#9836=CARTESIAN_POINT('',(14.879122039989,2.4288609956615,-16.998931991637));
#9837=CARTESIAN_POINT('',(15.5,2.3788609956615,-16.998931991637));
#9838=CARTESIAN_POINT('',(16.120877960011,2.3288609956615,-16.998931991637));
#9839=CARTESIAN_POINT('',(16.559904975824,2.2788609956615,-16.559904975824));
#9840=CARTESIAN_POINT('',(16.998931991637,2.2288609956615,-16.120877960011));
#9841=CARTESIAN_POINT('',(16.998931991637,2.1788609956615,-15.5));
#9842=CARTESIAN_POINT('',(16.998931991637,2.1288609956615,-14.879122039989));
#9843=CARTESIAN_POINT('',(16.559904975824,2.0788609956615,-14.440095024176));
#9844=CARTESIAN_POINT('',(16.120877960011,2.0288609956615,-14.001068008363));
#9845=CARTESIAN_POINT('',(15.5,1.9788609956615,-14.001068008363));
#9846=CARTESIAN_POINT('',(14.879122039989,1.9288609956615,-14.001068008363));
#9847=CARTESIAN_POINT('',(14.440095024176,1.8788609956615,-14.440095024176));
#9848=CARTESIAN_POINT('',(14.001068008363,1.8288609956615,-14.879122039989));
#9849=CARTESIAN_POINT('',(14.001068008363,1.7788609956615,-15.5));
#9850=CARTESIAN_POINT('',(14.001068008363,1.7288609956615,-16.120877960011));
#9851=CARTESIAN_POINT('',(14.440095024176,1.6788609956615,-16.559904975824));
#9852=CARTESIAN_POINT('',(14.879122039989,1.6288609956615,-16.998931991637));
#9853=CARTESIAN_POINT('',(15.5,1.5788609956615,-16.998931991637));
#9854=CARTESIAN_POINT('',(16.120877960011,1.5288609956615,-16.998931991637));
#9855=CARTESIAN_POINT('',(16.559904975824,1.4788609956615,-16.559904975824));
#9856=CARTESIAN_POINT('',(16.998931991637,1.4288609956615,-16.120877960011));
#9857=CARTESIAN_POINT('',(16.998931991637,1.3788609956615,-15.5));
#9858=CARTESIAN_POINT('',(16.998931991637,1.3288609956615,-14.879122039989));
#9859=CARTESIAN_POINT('',(16.559904975824,1.2788609956615,-14.440095024176));
#9860=CARTESIAN_POINT('',(16.120877960011,1.2288609956615,-14.001068008363));
#9861=CARTESIAN_POINT('',(15.5,1.1788609956615,-14.001068008363));
#9862=CARTESIAN_POINT('',(14.879122039989,1.1288609956615,-14.001068008363));
#9863=CARTESIAN_POINT('',(14.440095024176,1.0788609956615,-14.440095024176));
#9864=CARTESIAN_POINT('',(14.001068008363,1.0288609956615,-14.879122039989));
#9865=CARTESIAN_POINT('',(14.001068008363,0.97886099566149,-15.5));
#9866=CARTESIAN_POINT('',(14.001068008363,0.92886099566149,-16.120877960011));
#9867=CARTESIAN_POINT('',(14.440095024176,0.87886099566149,-16.559904975824));
#9868=CARTESIAN_POINT('',(14.879122039989,0.82886099566149,-16.998931991637));
#9869=CARTESIAN_POINT('',(15.5,0.77886099566149,-16.998931991637));
#9870=CARTESIAN_POINT('',(16.120877960011,0.72886099566149,-16.998931991637));
#9871=CARTESIAN_POINT('',(16.559904975824,0.67886099566149,-16.559904975824));
#9872=CARTESIAN_POINT('',(16.998931991637,0.62886099566149,-16.120877960011));
#9873=CARTESIAN_POINT('',(16.998931991637,0.57886099566149,-15.5));
#9874=CARTESIAN_POINT('',(16.998931991637,0.52886099566149,-14.879122039989));
#9875=CARTESIAN_POINT('',(16.559904975824,0.47886099566149,-14.440095024176));
#9876=CARTESIAN_POINT('',(16.120877960011,0.42886099566149,-14.001068008363));
#9877=CARTESIAN_POINT('',(15.5,0.37886099566149,-14.001068008363));
#9878=CARTESIAN_POINT('',(14.879122039989,0.32886099566149,-14.001068008363));
#9879=CARTESIAN_POINT('',(14.440095024176,0.27886099566149,-14.440095024176));
#9880=CARTESIAN_POINT('',(14.001068008363,0.22886099566149,-14.879122039989));
#9881=CARTESIAN_POINT('',(14.001068008363,0.17886099566149,-15.5));
#9882=CARTESIAN_POINT('',(14.001068008363,0.12886099566149,-16.120877960011));
#9883=CARTESIAN_POINT('',(14.440095024176,0.078860995661489,-16.559904975824));
#9884=CARTESIAN_POINT('',(14.879122039989,0.028860995661489,-16.998931991637));
#9885=CARTESIAN_POINT('',(15.5,-0.021139004338511,-16.998931991637));
#9886=CARTESIAN_POINT('',(16.120877960011,-0.071139004338511,-16.998931991637));
#9887=CARTESIAN_POINT('',(16.559904975824,-0.12113900433851,-16.559904975824));
#9888=CARTESIAN_POINT('',(16.998931991637,-0.17113900433851,-16.120877960011));
#9889=CARTESIAN_POINT('',(16.998931991637,-0.22113900433851,-15.5));
#9890=CARTESIAN_POINT('',(14.251068008363,4.1788609956615,-15.5));
#9891=CARTESIAN_POINT('',(14.251068008363,4.1288609956615,-16.017324569418));
#9892=CARTESIAN_POINT('',(14.616871719472,4.0788609956615,-16.383128280528));
#9893=CARTESIAN_POINT('',(14.982675430582,4.0288609956615,-16.748931991637));
#9894=CARTESIAN_POINT('',(15.5,3.9788609956615,-16.748931991637));
#9895=CARTESIAN_POINT('',(16.017324569418,3.9288609956615,-16.748931991637));
#9896=CARTESIAN_POINT('',(16.383128280528,3.8788609956615,-16.383128280528));
#9897=CARTESIAN_POINT('',(16.748931991637,3.8288609956615,-16.017324569418));
#9898=CARTESIAN_POINT('',(16.748931991637,3.7788609956615,-15.5));
#9899=CARTESIAN_POINT('',(16.748931991637,3.7288609956615,-14.982675430582));
#9900=CARTESIAN_POINT('',(16.383128280528,3.6788609956615,-14.616871719472));
#9901=CARTESIAN_POINT('',(16.017324569418,3.6288609956615,-14.251068008363));
#9902=CARTESIAN_POINT('',(15.5,3.5788609956615,-14.251068008363));
#9903=CARTESIAN_POINT('',(14.982675430582,3.5288609956615,-14.251068008363));
#9904=CARTESIAN_POINT('',(14.616871719472,3.4788609956615,-14.616871719472));
#9905=CARTESIAN_POINT('',(14.251068008363,3.4288609956615,-14.982675430582));
#9906=CARTESIAN_POINT('',(14.251068008363,3.3788609956615,-15.5));
#9907=CARTESIAN_POINT('',(14.251068008363,3.3288609956615,-16.017324569418));
#9908=CARTESIAN_POINT('',(14.616871719472,3.2788609956615,-16.383128280528));
#9909=CARTESIAN_POINT('',(14.982675430582,3.2288609956615,-16.748931991637));
#9910=CARTESIAN_POINT('',(15.5,3.1788609956615,-16.748931991637));
#9911=CARTESIAN_POINT('',(16.017324569418,3.1288609956615,-16.748931991637));
#9912=CARTESIAN_POINT('',(16.383128280528,3.0788609956615,-16.383128280528));
#9913=CARTESIAN_POINT('',(16.748931991637,3.0288609956615,-16.017324569418));
#9914=CARTESIAN_POINT('',(16.748931991637,2.9788609956615,-15.5));
#9915=CARTESIAN_POINT('',(16.748931991637,2.9288609956615,-14.982675430582));
#9916=CARTESIAN_POINT('',(16.383128280528,2.8788609956615,-14.616871719472));
#9917=CARTESIAN_POINT('',(16.017324569418,2.8288609956615,-14.251068008363));
#9918=CARTESIAN_POINT('',(15.5,2.7788609956615,-14.251068008363));
#9919=CARTESIAN_POINT('',(14.982675430582,2.7288609956615,-14.251068008363));
#9920=CARTESIAN_POINT('',(14.616871719472,2.6788609956615,-14.616871719472));
#9921=CARTESIAN_POINT('',(14.251068008363,2.6288609956615,-14.982675430582));
#9922=CARTESIAN_POINT('',(14.251068008363,2.5788609956615,-15.5));
#9923=CARTESIAN_POINT('',(14.251068008363,2.5288609956615,-16.017324569418));
#9924=CARTESIAN_POINT('',(14.616871719472,2.4788609956615,-16.383128280528));
#9925=CARTESIAN_POINT('',(14.982675430582,2.4288609956615,-16.748931991637));
#9926=CARTESIAN_POINT('',(15.5,2.3788609956615,-16.748931991637));
#9927=CARTESIAN_POINT('',(16.017324569418,2.3288609956615,-16.748931991637));
#9928=CARTESIAN_POINT('',(16.383128280528,2.2788609956615,-16.383128280528));
#9929=CARTESIAN_POINT('',(16.748931991637,2.2288609956615,-16.017324569418));
#9930=CARTESIAN_POINT('',(16.748931991637,2.1788609956615,-15.5));
#9931=CARTESIAN_POINT('',(16.748931991637,2.1288609956615,-14.982675430582));
#9932=CARTESIAN_POINT('',(16.383128280528,2.0788609956615,-14.616871719472));
#9933=CARTESIAN_POINT('',(16.017324569418,2.0288609956615,-14.251068008363));
#9934=CARTESIAN_POINT('',(15.5,1.9788609956615,-14.251068008363));
#9935=CARTESIAN_POINT('',(14.982675430582,1.9288609956615,-14.251068008363));
#9936=CARTESIAN_POINT('',(14.616871719472,1.8788609956615,-14.616871719472));
#9937=CARTESIAN_POINT('',(14.251068008363,1.8288609956615,-14.982675430582));
#9938=CARTESIAN_POINT('',(14.251068008363,1.7788609956615,-15.5));
#9939=CARTESIAN_POINT('',(14.251068008363,1.7288609956615,-16.017324569418));
#9940=CARTESIAN_POINT('',(14.616871719472,1.6788609956615,-16.383128280528));
#9941=CARTESIAN_POINT('',(14.982675430582,1.6288609956615,-16.748931991637));
#9942=CARTESIAN_POINT('',(15.5,1.5788609956615,-16.748931991637));
#9943=CARTESIAN_POINT('',(16.017324569418,1.5288609956615,-16.748931991637));
#9944=CARTESIAN_POINT('',(16.383128280528,1.4788609956615,-16.383128280528));
#9945=CARTESIAN_POINT('',(16.748931991637,1.4288609956615,-16.017324569418));
#9946=CARTESIAN_POINT('',(16.748931991637,1.3788609956615,-15.5));
#9947=CARTESIAN_POINT('',(16.748931991637,1.3288609956615,-14.982675430582));
#9948=CARTESIAN_POINT('',(16.383128280528,1.2788609956615,-14.616871719472));
#9949=CARTESIAN_POINT('',(16.017324569418,1.2288609956615,-14.251068008363));
#9950=CARTESIAN_POINT('',(15.5,1.1788609956615,-14.251068008363));
#9951=CARTESIAN_POINT('',(14.982675430582,1.1288609956615,-14.251068008363));
#9952=CARTESIAN_POINT('',(14.616871719472,1.0788609956615,-14.616871719472));
#9953=CARTESIAN_POINT('',(14.251068008363,1.0288609956615,-14.982675430582));
#9954=CARTESIAN_POINT('',(14.251068008363,0.97886099566149,-15.5));
#9955=CARTESIAN_POINT('',(14.251068008363,0.92886099566149,-16.017324569418));
#9956=CARTESIAN_POINT('',(14.616871719472,0.87886099566149,-16.383128280528));
#9957=CARTESIAN_POINT('',(14.982675430582,0.82886099566149,-16.748931991637));
#9958=CARTESIAN_POINT('',(15.5,0.77886099566149,-16.748931991637));
#9959=CARTESIAN_POINT('',(16.017324569418,0.72886099566149,-16.748931991637));
#9960=CARTESIAN_POINT('',(16.383128280528,0.67886099566149,-16.383128280528));
#9961=CARTESIAN_POINT('',(16.748931991637,0.62886099566149,-16.017324569418));
#9962=CARTESIAN_POINT('',(16.748931991637,0.57886099566149,-15.5));
#9963=CARTESIAN_POINT('',(16.748931991637,0.52886099566149,-14.982675430582));
#9964=CARTESIAN_POINT('',(16.383128280528,0.47886099566149,-14.616871719472));
#9965=CARTESIAN_POINT('',(16.017324569418,0.42886099566149,-14.251068008363));
#9966=CARTESIAN_POINT('',(15.5,0.37886099566149,-14.251068008363));
#9967=CARTESIAN_POINT('',(14.982675430582,0.32886099566149,-14.251068008363));
#9968=CARTESIAN_POINT('',(14.616871719472,0.27886099566149,-14.616871719472));
#9969=CARTESIAN_POINT('',(14.251068008363,0.22886099566149,-14.982675430582));
#9970=CARTESIAN_POINT('',(14.251068008363,0.17886099566149,-15.5));
#9971=CARTESIAN_POINT('',(14.251068008363,0.12886099566149,-16.017324569418));
#9972=CARTESIAN_POINT('',(14.616871719472,0.078860995661489,-16.383128280528));
#9973=CARTESIAN_POINT('',(14.982675430582,0.028860995661489,-16.748931991637));
#9974=CARTESIAN_POINT('',(15.5,-0.021139004338511,-16.748931991637));
#9975=CARTESIAN_POINT('',(16.017324569418,-0.071139004338511,-16.748931991637));
#9976=CARTESIAN_POINT('',(16.383128280528,-0.12113900433851,-16.383128280528));
#9977=CARTESIAN_POINT('',(16.748931991637,-0.17113900433851,-16.017324569418));
#9978=CARTESIAN_POINT('',(16.748931991637,-0.22113900433851,-15.5));
#9979=(BOUNDED_SURFACE()B_SPLINE_SURFACE(1,2,((#9801,#9802,#9803,#9804,#9805,#9806,#9807,#9808,#9809,#9810,#9811,#9812,#9813,#9814,#9815,#9816,#9817,#9818,#9819,#9820,#9821,#9822,#9823,#9824,#9825,#9826,#9827,#9828,#9829,#9830,#9831,#9832,#9833,#9834,#9835,#9836,#9837,#9838,#9839,#9840,#9841,#9842,#9843,#9844,#9845,#9846,#9847,#9848,#9849,#9850,#9851,#9852,#9853,#9854,#9855,#9856,#9857,#9858,#9859,#9860,#9861,#9862,#9863,#9864,#9865,#9866,#9867,#9868,#9869,#9870,#9871,#9872,#9873,#9874,#9875,#9876,#9877,#9878,#9879,#9880,#9881,#9882,#9883,#9884,#9885,#9886,#9887,#9888,#9889),(#9890,#9891,#9892,#9893,#9894,#9895,#9896,#9897,#9898,#9899,#9900,#9901,#9902,#9903,#9904,#9905,#9906,#9907,#9908,#9909,#9910,#9911,#9912,#9913,#9914,#9915,#9916,#9917,#9918,#9919,#9920,#9921,#9922,#9923,#9924,#9925,#9926,#9927,#9928,#9929,#9930,#9931,#9932,#9933,#9934,#9935,#9936,#9937,#9938,#9939,#9940,#9941,#9942,#9943,#9944,#9945,#9946,#9947,#9948,#9949,#9950,#9951,#9952,#9953,#9954,#9955,#9956,#9957,#9958,#9959,#9960,#9961,#9962,#9963,#9964,#9965,#9966,#9967,#9968,#9969,#9970,#9971,#9972,#9973,#9974,#9975,#9976,#9977,#9978)),.UNSPECIFIED.,.F.,.F.,.U.)B_SPLINE_SURFACE_WITH_KNOTS((2,2),(3,2,2,2,2,2,2,2,2,2,2,2,2,2,2,2,2,2,2,2,2,2,2,2,2,2,2,2,2,2,2,2,2,2,2,2,2,2,2,2,2,2,2,2,3),(0.,0.25),(0.,1.2457759689889,2.4915519379779,3.7373279069668,4.9831038759558,6.2288798449447,7.4746558139336,8.7204317829226,9.9662077519115,11.2119837209,12.457759689889,13.703535658878,14.949311627867,16.195087596856,17.440863565845,18.686639534834,19.932415503823,21.178191472812,22.423967441801,23.66974341079,24.915519379779,26.161295348768,27.407071317757,28.652847286746,29.898623255735,31.144399224724,32.390175193712,33.635951162701,34.88172713169,36.127503100679,37.373279069668,38.619055038657,39.864831007646,41.110606976635,42.356382945624,43.602158914613,44.847934883602,46.093710852591,47.33948682158,48.585262790569,49.831038759558,51.076814728547,52.322590697536,53.568366666524,54.814142635513),.UNSPECIFIED.)GEOMETRIC_REPRESENTATION_ITEM()RATIONAL_B_SPLINE_SURFACE(((1.,0.92387953251129,1.,0.92387953251129,1.,0.92387953251129,1.,0.92387953251129,1.,0.92387953251129,1.,0.92387953251129,1.,0.92387953251129,1.,0.92387953251129,1.,0.92387953251129,1.,0.92387953251129,1.,0.92387953251129,1.,0.92387953251129,1.,0.92387953251129,1.,0.92387953251129,1.,0.92387953251129,1.,0.92387953251129,1.,0.92387953251129,1.,0.92387953251129,1.,0.92387953251129,1.,0.92387953251129,1.,0.92387953251129,1.,0.92387953251129,1.,0.92387953251129,1.,0.92387953251129,1.,0.92387953251129,1.,0.92387953251129,1.,0.92387953251129,1.,0.92387953251129,1.,0.92387953251129,1.,0.92387953251129,1.,0.92387953251129,1.,0.92387953251129,1.,0.92387953251129,1.,0.92387953251129,1.,0.92387953251129,1.,0.92387953251129,1.,0.92387953251129,1.,0.92387953251129,1.,0.92387953251129,1.,0.92387953251129,1.,0.92387953251129,1.,0.92387953251129,1.,0.92387953251129,1.,0.92387953251129,1.),(1.,0.92387953251129,1.,0.92387953251129,1.,0.92387953251129,1.,0.92387953251129,1.,0.92387953251129,1.,0.92387953251129,1.,0.92387953251129,1.,0.92387953251129,1.,0.92387953251129,1.,0.92387953251129,1.,0.92387953251129,1.,0.92387953251129,1.,0.92387953251129,1.,0.92387953251129,1.,0.92387953251129,1.,0.92387953251129,1.,0.92387953251129,1.,0.92387953251129,1.,0.92387953251129,1.,0.92387953251129,1.,0.92387953251129,1.,0.92387953251129,1.,0.92387953251129,1.,0.92387953251129,1.,0.92387953251129,1.,0.92387953251129,1.,0.92387953251129,1.,0.92387953251129,1.,0.92387953251129,1.,0.92387953251129,1.,0.92387953251129,1.,0.92387953251129,1.,0.92387953251129,1.,0.92387953251129,1.,0.92387953251129,1.,0.92387953251129,1.,0.92387953251129,1.,0.92387953251129,1.,0.92387953251129,1.,0.92387953251129,1.,0.92387953251129,1.,0.92387953251129,1.,0.92387953251129,1.,0.92387953251129,1.)))REPRESENTATION_ITEM('')SURFACE());
#9980=ORIENTED_EDGE('',*,*,#8377,.F.);
#9981=CARTESIAN_POINT('',(16.723917109257,0.5,-14.634653811921));
#9982=CARTESIAN_POINT('',(16.998931991637,0.5404980452005,-15.023625791555));
#9983=CARTESIAN_POINT('',(16.998931991637,0.57886099566149,-15.5));
#9984=CARTESIAN_POINT('',(16.998931991637,0.62886099566149,-16.120877960011));
#9985=CARTESIAN_POINT('',(16.559904975824,0.67886099566149,-16.559904975824));
#9986=CARTESIAN_POINT('',(16.120877960011,0.72886099566149,-16.998931991637));
#9987=CARTESIAN_POINT('',(15.5,0.77886099566149,-16.998931991637));
#9988=CARTESIAN_POINT('',(14.879122039989,0.82886099566149,-16.998931991637));
#9989=CARTESIAN_POINT('',(14.440095024176,0.87886099566149,-16.559904975824));
#9990=CARTESIAN_POINT('',(14.001068008363,0.92886099566149,-16.120877960011));
#9991=CARTESIAN_POINT('',(14.001068008363,0.97886099566149,-15.5));
#9992=CARTESIAN_POINT('',(14.001068008363,1.0288609956615,-14.879122039989));
#9993=CARTESIAN_POINT('',(14.440095024176,1.0788609956615,-14.440095024176));
#9994=CARTESIAN_POINT('',(14.879122039989,1.1288609956615,-14.001068008363));
#9995=CARTESIAN_POINT('',(15.5,1.1788609956615,-14.001068008363));
#9996=CARTESIAN_POINT('',(16.120877960011,1.2288609956615,-14.001068008363));
#9997=CARTESIAN_POINT('',(16.559904975824,1.2788609956615,-14.440095024176));
#9998=CARTESIAN_POINT('',(16.998931991637,1.3288609956615,-14.879122039989));
#9999=CARTESIAN_POINT('',(16.998931991637,1.3788609956615,-15.5));
#10000=CARTESIAN_POINT('',(16.998931991637,1.4288609956615,-16.120877960011));
#10001=CARTESIAN_POINT('',(16.559904975824,1.4788609956615,-16.559904975824));
#10002=CARTESIAN_POINT('',(16.120877960011,1.5288609956615,-16.998931991637));
#10003=CARTESIAN_POINT('',(15.5,1.5788609956615,-16.998931991637));
#10004=CARTESIAN_POINT('',(14.879122039989,1.6288609956615,-16.998931991637));
#10005=CARTESIAN_POINT('',(14.440095024176,1.6788609956615,-16.559904975824));
#10006=CARTESIAN_POINT('',(14.001068008363,1.7288609956615,-16.120877960011));
#10007=CARTESIAN_POINT('',(14.001068008363,1.7788609956615,-15.5));
#10008=CARTESIAN_POINT('',(14.001068008363,1.8288609956615,-14.879122039989));
#10009=CARTESIAN_POINT('',(14.440095024176,1.8788609956615,-14.440095024176));
#10010=CARTESIAN_POINT('',(14.879122039989,1.9288609956615,-14.001068008363));
#10011=CARTESIAN_POINT('',(15.5,1.9788609956615,-14.001068008363));
#10012=CARTESIAN_POINT('',(16.120877960011,2.0288609956615,-14.001068008363));
#10013=CARTESIAN_POINT('',(16.559904975824,2.0788609956615,-14.440095024176));
#10014=CARTESIAN_POINT('',(16.998931991637,2.1288609956615,-14.879122039989));
#10015=CARTESIAN_POINT('',(16.998931991637,2.1788609956615,-15.5));
#10016=CARTESIAN_POINT('',(16.998931991637,2.2288609956615,-16.120877960011));
#10017=CARTESIAN_POINT('',(16.559904975824,2.2788609956615,-16.559904975824));
#10018=CARTESIAN_POINT('',(16.120877960011,2.3288609956615,-16.998931991637));
#10019=CARTESIAN_POINT('',(15.5,2.3788609956615,-16.998931991637));
#10020=CARTESIAN_POINT('',(14.879122039989,2.4288609956615,-16.998931991637));
#10021=CARTESIAN_POINT('',(14.440095024176,2.4788609956615,-16.559904975824));
#10022=CARTESIAN_POINT('',(14.001068008363,2.5288609956615,-16.120877960011));
#10023=CARTESIAN_POINT('',(14.001068008363,2.5788609956615,-15.5));
#10024=CARTESIAN_POINT('',(14.001068008363,2.6288609956615,-14.879122039989));
#10025=CARTESIAN_POINT('',(14.440095024176,2.6788609956615,-14.440095024176));
#10026=CARTESIAN_POINT('',(14.879122039989,2.7288609956615,-14.001068008363));
#10027=CARTESIAN_POINT('',(15.5,2.7788609956615,-14.001068008363));
#10028=CARTESIAN_POINT('',(16.120877960011,2.8288609956615,-14.001068008363));
#10029=CARTESIAN_POINT('',(16.559904975824,2.8788609956615,-14.440095024176));
#10030=CARTESIAN_POINT('',(16.998931991637,2.9288609956615,-14.879122039989));
#10031=CARTESIAN_POINT('',(16.998931991637,2.9788609956615,-15.5));
#10032=CARTESIAN_POINT('',(16.998931991637,3.0288609956615,-16.120877960011));
#10033=CARTESIAN_POINT('',(16.559904975824,3.0788609956615,-16.559904975824));
#10034=CARTESIAN_POINT('',(16.120877960011,3.1288609956615,-16.998931991637));
#10035=CARTESIAN_POINT('',(15.5,3.1788609956615,-16.998931991637));
#10036=CARTESIAN_POINT('',(14.879122039989,3.2288609956615,-16.998931991637));
#10037=CARTESIAN_POINT('',(14.440095024176,3.2788609956615,-16.559904975824));
#10038=CARTESIAN_POINT('',(14.001068008363,3.3288609956615,-16.120877960011));
#10039=CARTESIAN_POINT('',(14.001068008363,3.3788609956615,-15.5));
#10040=CARTESIAN_POINT('',(14.001068008363,3.4288609956615,-14.879122039989));
#10041=CARTESIAN_POINT('',(14.440095024176,3.4788609956615,-14.440095024176));
#10042=CARTESIAN_POINT('',(14.879122039989,3.5288609956615,-14.001068008363));
#10043=CARTESIAN_POINT('',(15.5,3.5788609956615,-14.001068008363));
#10044=CARTESIAN_POINT('',(16.120877960011,3.6288609956615,-14.001068008363));
#10045=CARTESIAN_POINT('',(16.559904975824,3.6788609956615,-14.440095024176));
#10046=CARTESIAN_POINT('',(16.998931991637,3.7288609956615,-14.879122039989));
#10047=CARTESIAN_POINT('',(16.998931991637,3.7788609956615,-15.5));
#10048=CARTESIAN_POINT('',(16.998931991637,3.8288609956615,-16.120877960011));
#10049=CARTESIAN_POINT('',(16.559904975824,3.8788609956615,-16.559904975824));
#10050=CARTESIAN_POINT('',(16.120877960011,3.9288609956615,-16.998931991637));
#10051=CARTESIAN_POINT('',(15.5,3.9788609956615,-16.998931991637));
#10052=CARTESIAN_POINT('',(14.879122039989,4.0288609956615,-16.998931991637));
#10053=CARTESIAN_POINT('',(14.440095024176,4.0788609956615,-16.559904975824));
#10054=CARTESIAN_POINT('',(14.001068008363,4.1288609956615,-16.120877960011));
#10055=CARTESIAN_POINT('',(14.001068008363,4.1788609956615,-15.5));
#10056=(BOUNDED_CURVE()B_SPLINE_CURVE(2,(#9981,#9982,#9983,#9984,#9985,#9986,#9987,#9988,#9989,#9990,#9991,#9992,#9993,#9994,#9995,#9996,#9997,#9998,#9999,#10000,#10001,#10002,#10003,#10004,#10005,#10006,#10007,#10008,#10009,#10010,#10011,#10012,#10013,#10014,#10015,#10016,#10017,#10018,#10019,#10020,#10021,#10022,#10023,#10024,#10025,#10026,#10027,#10028,#10029,#10030,#10031,#10032,#10033,#10034,#10035,#10036,#10037,#10038,#10039,#10040,#10041,#10042,#10043,#10044,#10045,#10046,#10047,#10048,#10049,#10050,#10051,#10052,#10053,#10054,#10055),.UNSPECIFIED.,.F.,.U.)B_SPLINE_CURVE_WITH_KNOTS((3,2,2,2,2,2,2,2,2,2,2,2,2,2,2,2,2,2,2,2,2,2,2,2,2,2,2,2,2,2,2,2,2,2,2,2,2,3),(0.15039380827057,0.16666666666667,0.1875,0.20833333333333,0.22916666666667,0.25,0.27083333333333,0.29166666666667,0.3125,0.33333333333333,0.35416666666667,0.375,0.39583333333333,0.41666666666667,0.4375,0.45833333333333,0.47916666666667,0.5,0.52083333333333,0.54166666666667,0.5625,0.58333333333333,0.60416666666667,0.625,0.64583333333333,0.66666666666667,0.6875,0.70833333333333,0.72916666666667,0.75,0.77083333333333,0.79166666666667,0.8125,0.83333333333333,0.85416666666667,0.875,0.89583333333333,0.91666666666667),.UNSPECIFIED.)CURVE()GEOMETRIC_REPRESENTATION_ITEM()RATIONAL_B_SPLINE_CURVE((0.97396918079282,0.94054251575253,1.,0.92387953251129,1.,0.92387953251129,1.,0.92387953251129,1.,0.92387953251129,1.,0.92387953251129,1.,0.92387953251129,1.,0.92387953251129,1.,0.92387953251129,1.,0.92387953251129,1.,0.92387953251129,1.,0.92387953251129,1.,0.92387953251129,1.,0.92387953251129,1.,0.92387953251129,1.,0.92387953251129,1.,0.92387953251129,1.,0.92387953251129,1.,0.92387953251129,1.,0.92387953251129,1.,0.92387953251129,1.,0.92387953251129,1.,0.92387953251129,1.,0.92387953251129,1.,0.92387953251129,1.,0.92387953251129,1.,0.92387953251129,1.,0.92387953251129,1.,0.92387953251129,1.,0.92387953251129,1.,0.92387953251129,1.,0.92387953251129,1.,0.92387953251129,1.,0.92387953251129,1.,0.92387953251129,1.,0.92387953251129,1.,0.92387953251129,1.))REPRESENTATION_ITEM(''));
#10057=EDGE_CURVE('',#8372,#9542,#10056,.T.);
#10058=ORIENTED_EDGE('',*,*,#10057,.T.);
#10059=ORIENTED_EDGE('',*,*,#9548,.F.);
#10060=ORIENTED_EDGE('',*,*,#639,.F.);
#10061=ORIENTED_EDGE('',*,*,#921,.F.);
#10062=ORIENTED_EDGE('',*,*,#669,.F.);
#10063=ORIENTED_EDGE('',*,*,#955,.F.);
#10064=ORIENTED_EDGE('',*,*,#721,.F.);
#10065=ORIENTED_EDGE('',*,*,#989,.F.);
#10066=ORIENTED_EDGE('',*,*,#773,.F.);
#10067=ORIENTED_EDGE('',*,*,#1023,.F.);
#10068=ORIENTED_EDGE('',*,*,#825,.F.);
#10069=ORIENTED_EDGE('',*,*,#1056,.F.);
#10070=EDGE_LOOP('',(#9980,#10058,#10059,#10060,#10061,#10062,#10063,#10064,#10065,#10066,#10067,#10068,#10069));
#10071=FACE_OUTER_BOUND('',#10070,.T.);
#10072=ADVANCED_FACE('',(#10071),#9979,.T.);
#10073=CARTESIAN_POINT('',(14.251068008363,4.6211390043385,-15.5));
#10074=CARTESIAN_POINT('',(14.251068008363,4.5711390043385,-16.017324569418));
#10075=CARTESIAN_POINT('',(14.616871719472,4.5211390043385,-16.383128280528));
#10076=CARTESIAN_POINT('',(14.982675430582,4.4711390043385,-16.748931991637));
#10077=CARTESIAN_POINT('',(15.5,4.4211390043385,-16.748931991637));
#10078=CARTESIAN_POINT('',(16.017324569418,4.3711390043385,-16.748931991637));
#10079=CARTESIAN_POINT('',(16.383128280528,4.3211390043385,-16.383128280528));
#10080=CARTESIAN_POINT('',(16.748931991637,4.2711390043385,-16.017324569418));
#10081=CARTESIAN_POINT('',(16.748931991637,4.2211390043385,-15.5));
#10082=CARTESIAN_POINT('',(16.748931991637,4.1711390043385,-14.982675430582));
#10083=CARTESIAN_POINT('',(16.383128280528,4.1211390043385,-14.616871719472));
#10084=CARTESIAN_POINT('',(16.017324569418,4.0711390043385,-14.251068008363));
#10085=CARTESIAN_POINT('',(15.5,4.0211390043385,-14.251068008363));
#10086=CARTESIAN_POINT('',(14.982675430582,3.9711390043385,-14.251068008363));
#10087=CARTESIAN_POINT('',(14.616871719472,3.9211390043385,-14.616871719472));
#10088=CARTESIAN_POINT('',(14.251068008363,3.8711390043385,-14.982675430582));
#10089=CARTESIAN_POINT('',(14.251068008363,3.8211390043385,-15.5));
#10090=CARTESIAN_POINT('',(14.251068008363,3.7711390043385,-16.017324569418));
#10091=CARTESIAN_POINT('',(14.616871719472,3.7211390043385,-16.383128280528));
#10092=CARTESIAN_POINT('',(14.982675430582,3.6711390043385,-16.748931991637));
#10093=CARTESIAN_POINT('',(15.5,3.6211390043385,-16.748931991637));
#10094=CARTESIAN_POINT('',(16.017324569418,3.5711390043385,-16.748931991637));
#10095=CARTESIAN_POINT('',(16.383128280528,3.5211390043385,-16.383128280528));
#10096=CARTESIAN_POINT('',(16.748931991637,3.4711390043385,-16.017324569418));
#10097=CARTESIAN_POINT('',(16.748931991637,3.4211390043385,-15.5));
#10098=CARTESIAN_POINT('',(16.748931991637,3.3711390043385,-14.982675430582));
#10099=CARTESIAN_POINT('',(16.383128280528,3.3211390043385,-14.616871719472));
#10100=CARTESIAN_POINT('',(16.017324569418,3.2711390043385,-14.251068008363));
#10101=CARTESIAN_POINT('',(15.5,3.2211390043385,-14.251068008363));
#10102=CARTESIAN_POINT('',(14.982675430582,3.1711390043385,-14.251068008363));
#10103=CARTESIAN_POINT('',(14.616871719472,3.1211390043385,-14.616871719472));
#10104=CARTESIAN_POINT('',(14.251068008363,3.0711390043385,-14.982675430582));
#10105=CARTESIAN_POINT('',(14.251068008363,3.0211390043385,-15.5));
#10106=CARTESIAN_POINT('',(14.251068008363,2.9711390043385,-16.017324569418));
#10107=CARTESIAN_POINT('',(14.616871719472,2.9211390043385,-16.383128280528));
#10108=CARTESIAN_POINT('',(14.982675430582,2.8711390043385,-16.748931991637));
#10109=CARTESIAN_POINT('',(15.5,2.8211390043385,-16.748931991637));
#10110=CARTESIAN_POINT('',(16.017324569418,2.7711390043385,-16.748931991637));
#10111=CARTESIAN_POINT('',(16.383128280528,2.7211390043385,-16.383128280528));
#10112=CARTESIAN_POINT('',(16.748931991637,2.6711390043385,-16.017324569418));
#10113=CARTESIAN_POINT('',(16.748931991637,2.6211390043385,-15.5));
#10114=CARTESIAN_POINT('',(16.748931991637,2.5711390043385,-14.982675430582));
#10115=CARTESIAN_POINT('',(16.383128280528,2.5211390043385,-14.616871719472));
#10116=CARTESIAN_POINT('',(16.017324569418,2.4711390043385,-14.251068008363));
#10117=CARTESIAN_POINT('',(15.5,2.4211390043385,-14.251068008363));
#10118=CARTESIAN_POINT('',(14.982675430582,2.3711390043385,-14.251068008363));
#10119=CARTESIAN_POINT('',(14.616871719472,2.3211390043385,-14.616871719472));
#10120=CARTESIAN_POINT('',(14.251068008363,2.2711390043385,-14.982675430582));
#10121=CARTESIAN_POINT('',(14.251068008363,2.2211390043385,-15.5));
#10122=CARTESIAN_POINT('',(14.251068008363,2.1711390043385,-16.017324569418));
#10123=CARTESIAN_POINT('',(14.616871719472,2.1211390043385,-16.383128280528));
#10124=CARTESIAN_POINT('',(14.982675430582,2.0711390043385,-16.748931991637));
#10125=CARTESIAN_POINT('',(15.5,2.0211390043385,-16.748931991637));
#10126=CARTESIAN_POINT('',(16.017324569418,1.9711390043385,-16.748931991637));
#10127=CARTESIAN_POINT('',(16.383128280528,1.9211390043385,-16.383128280528));
#10128=CARTESIAN_POINT('',(16.748931991637,1.8711390043385,-16.017324569418));
#10129=CARTESIAN_POINT('',(16.748931991637,1.8211390043385,-15.5));
#10130=CARTESIAN_POINT('',(16.748931991637,1.7711390043385,-14.982675430582));
#10131=CARTESIAN_POINT('',(16.383128280528,1.7211390043385,-14.616871719472));
#10132=CARTESIAN_POINT('',(16.017324569418,1.6711390043385,-14.251068008363));
#10133=CARTESIAN_POINT('',(15.5,1.6211390043385,-14.251068008363));
#10134=CARTESIAN_POINT('',(14.982675430582,1.5711390043385,-14.251068008363));
#10135=CARTESIAN_POINT('',(14.616871719472,1.5211390043385,-14.616871719472));
#10136=CARTESIAN_POINT('',(14.251068008363,1.4711390043385,-14.982675430582));
#10137=CARTESIAN_POINT('',(14.251068008363,1.4211390043385,-15.5));
#10138=CARTESIAN_POINT('',(14.251068008363,1.3711390043385,-16.017324569418));
#10139=CARTESIAN_POINT('',(14.616871719472,1.3211390043385,-16.383128280528));
#10140=CARTESIAN_POINT('',(14.982675430582,1.2711390043385,-16.748931991637));
#10141=CARTESIAN_POINT('',(15.5,1.2211390043385,-16.748931991637));
#10142=CARTESIAN_POINT('',(16.017324569418,1.1711390043385,-16.748931991637));
#10143=CARTESIAN_POINT('',(16.383128280528,1.1211390043385,-16.383128280528));
#10144=CARTESIAN_POINT('',(16.748931991637,1.0711390043385,-16.017324569418));
#10145=CARTESIAN_POINT('',(16.748931991637,1.0211390043385,-15.5));
#10146=CARTESIAN_POINT('',(16.748931991637,0.97113900433851,-14.982675430582));
#10147=CARTESIAN_POINT('',(16.383128280528,0.92113900433851,-14.616871719472));
#10148=CARTESIAN_POINT('',(16.017324569418,0.87113900433851,-14.251068008363));
#10149=CARTESIAN_POINT('',(15.5,0.82113900433851,-14.251068008363));
#10150=CARTESIAN_POINT('',(14.982675430582,0.77113900433851,-14.251068008363));
#10151=CARTESIAN_POINT('',(14.616871719472,0.72113900433851,-14.616871719472));
#10152=CARTESIAN_POINT('',(14.251068008363,0.67113900433851,-14.982675430582));
#10153=CARTESIAN_POINT('',(14.251068008363,0.62113900433851,-15.5));
#10154=CARTESIAN_POINT('',(14.251068008363,0.57113900433851,-16.017324569418));
#10155=CARTESIAN_POINT('',(14.616871719472,0.52113900433851,-16.383128280528));
#10156=CARTESIAN_POINT('',(14.982675430582,0.47113900433851,-16.748931991637));
#10157=CARTESIAN_POINT('',(15.5,0.42113900433851,-16.748931991637));
#10158=CARTESIAN_POINT('',(16.017324569418,0.37113900433851,-16.748931991637));
#10159=CARTESIAN_POINT('',(16.383128280528,0.32113900433851,-16.383128280528));
#10160=CARTESIAN_POINT('',(16.748931991637,0.27113900433851,-16.017324569418));
#10161=CARTESIAN_POINT('',(16.748931991637,0.22113900433851,-15.5));
#10162=CARTESIAN_POINT('',(14.001068008363,4.6211390043385,-15.5));
#10163=CARTESIAN_POINT('',(14.001068008363,4.5711390043385,-16.120877960011));
#10164=CARTESIAN_POINT('',(14.440095024176,4.5211390043385,-16.559904975824));
#10165=CARTESIAN_POINT('',(14.879122039989,4.4711390043385,-16.998931991637));
#10166=CARTESIAN_POINT('',(15.5,4.4211390043385,-16.998931991637));
#10167=CARTESIAN_POINT('',(16.120877960011,4.3711390043385,-16.998931991637));
#10168=CARTESIAN_POINT('',(16.559904975824,4.3211390043385,-16.559904975824));
#10169=CARTESIAN_POINT('',(16.998931991637,4.2711390043385,-16.120877960011));
#10170=CARTESIAN_POINT('',(16.998931991637,4.2211390043385,-15.5));
#10171=CARTESIAN_POINT('',(16.998931991637,4.1711390043385,-14.879122039989));
#10172=CARTESIAN_POINT('',(16.559904975824,4.1211390043385,-14.440095024176));
#10173=CARTESIAN_POINT('',(16.120877960011,4.0711390043385,-14.001068008363));
#10174=CARTESIAN_POINT('',(15.5,4.0211390043385,-14.001068008363));
#10175=CARTESIAN_POINT('',(14.879122039989,3.9711390043385,-14.001068008363));
#10176=CARTESIAN_POINT('',(14.440095024176,3.9211390043385,-14.440095024176));
#10177=CARTESIAN_POINT('',(14.001068008363,3.8711390043385,-14.879122039989));
#10178=CARTESIAN_POINT('',(14.001068008363,3.8211390043385,-15.5));
#10179=CARTESIAN_POINT('',(14.001068008363,3.7711390043385,-16.120877960011));
#10180=CARTESIAN_POINT('',(14.440095024176,3.7211390043385,-16.559904975824));
#10181=CARTESIAN_POINT('',(14.879122039989,3.6711390043385,-16.998931991637));
#10182=CARTESIAN_POINT('',(15.5,3.6211390043385,-16.998931991637));
#10183=CARTESIAN_POINT('',(16.120877960011,3.5711390043385,-16.998931991637));
#10184=CARTESIAN_POINT('',(16.559904975824,3.5211390043385,-16.559904975824));
#10185=CARTESIAN_POINT('',(16.998931991637,3.4711390043385,-16.120877960011));
#10186=CARTESIAN_POINT('',(16.998931991637,3.4211390043385,-15.5));
#10187=CARTESIAN_POINT('',(16.998931991637,3.3711390043385,-14.879122039989));
#10188=CARTESIAN_POINT('',(16.559904975824,3.3211390043385,-14.440095024176));
#10189=CARTESIAN_POINT('',(16.120877960011,3.2711390043385,-14.001068008363));
#10190=CARTESIAN_POINT('',(15.5,3.2211390043385,-14.001068008363));
#10191=CARTESIAN_POINT('',(14.879122039989,3.1711390043385,-14.001068008363));
#10192=CARTESIAN_POINT('',(14.440095024176,3.1211390043385,-14.440095024176));
#10193=CARTESIAN_POINT('',(14.001068008363,3.0711390043385,-14.879122039989));
#10194=CARTESIAN_POINT('',(14.001068008363,3.0211390043385,-15.5));
#10195=CARTESIAN_POINT('',(14.001068008363,2.9711390043385,-16.120877960011));
#10196=CARTESIAN_POINT('',(14.440095024176,2.9211390043385,-16.559904975824));
#10197=CARTESIAN_POINT('',(14.879122039989,2.8711390043385,-16.998931991637));
#10198=CARTESIAN_POINT('',(15.5,2.8211390043385,-16.998931991637));
#10199=CARTESIAN_POINT('',(16.120877960011,2.7711390043385,-16.998931991637));
#10200=CARTESIAN_POINT('',(16.559904975824,2.7211390043385,-16.559904975824));
#10201=CARTESIAN_POINT('',(16.998931991637,2.6711390043385,-16.120877960011));
#10202=CARTESIAN_POINT('',(16.998931991637,2.6211390043385,-15.5));
#10203=CARTESIAN_POINT('',(16.998931991637,2.5711390043385,-14.879122039989));
#10204=CARTESIAN_POINT('',(16.559904975824,2.5211390043385,-14.440095024176));
#10205=CARTESIAN_POINT('',(16.120877960011,2.4711390043385,-14.001068008363));
#10206=CARTESIAN_POINT('',(15.5,2.4211390043385,-14.001068008363));
#10207=CARTESIAN_POINT('',(14.879122039989,2.3711390043385,-14.001068008363));
#10208=CARTESIAN_POINT('',(14.440095024176,2.3211390043385,-14.440095024176));
#10209=CARTESIAN_POINT('',(14.001068008363,2.2711390043385,-14.879122039989));
#10210=CARTESIAN_POINT('',(14.001068008363,2.2211390043385,-15.5));
#10211=CARTESIAN_POINT('',(14.001068008363,2.1711390043385,-16.120877960011));
#10212=CARTESIAN_POINT('',(14.440095024176,2.1211390043385,-16.559904975824));
#10213=CARTESIAN_POINT('',(14.879122039989,2.0711390043385,-16.998931991637));
#10214=CARTESIAN_POINT('',(15.5,2.0211390043385,-16.998931991637));
#10215=CARTESIAN_POINT('',(16.120877960011,1.9711390043385,-16.998931991637));
#10216=CARTESIAN_POINT('',(16.559904975824,1.9211390043385,-16.559904975824));
#10217=CARTESIAN_POINT('',(16.998931991637,1.8711390043385,-16.120877960011));
#10218=CARTESIAN_POINT('',(16.998931991637,1.8211390043385,-15.5));
#10219=CARTESIAN_POINT('',(16.998931991637,1.7711390043385,-14.879122039989));
#10220=CARTESIAN_POINT('',(16.559904975824,1.7211390043385,-14.440095024176));
#10221=CARTESIAN_POINT('',(16.120877960011,1.6711390043385,-14.001068008363));
#10222=CARTESIAN_POINT('',(15.5,1.6211390043385,-14.001068008363));
#10223=CARTESIAN_POINT('',(14.879122039989,1.5711390043385,-14.001068008363));
#10224=CARTESIAN_POINT('',(14.440095024176,1.5211390043385,-14.440095024176));
#10225=CARTESIAN_POINT('',(14.001068008363,1.4711390043385,-14.879122039989));
#10226=CARTESIAN_POINT('',(14.001068008363,1.4211390043385,-15.5));
#10227=CARTESIAN_POINT('',(14.001068008363,1.3711390043385,-16.120877960011));
#10228=CARTESIAN_POINT('',(14.440095024176,1.3211390043385,-16.559904975824));
#10229=CARTESIAN_POINT('',(14.879122039989,1.2711390043385,-16.998931991637));
#10230=CARTESIAN_POINT('',(15.5,1.2211390043385,-16.998931991637));
#10231=CARTESIAN_POINT('',(16.120877960011,1.1711390043385,-16.998931991637));
#10232=CARTESIAN_POINT('',(16.559904975824,1.1211390043385,-16.559904975824));
#10233=CARTESIAN_POINT('',(16.998931991637,1.0711390043385,-16.120877960011));
#10234=CARTESIAN_POINT('',(16.998931991637,1.0211390043385,-15.5));
#10235=CARTESIAN_POINT('',(16.998931991637,0.97113900433851,-14.879122039989));
#10236=CARTESIAN_POINT('',(16.559904975824,0.92113900433851,-14.440095024176));
#10237=CARTESIAN_POINT('',(16.120877960011,0.87113900433851,-14.001068008363));
#10238=CARTESIAN_POINT('',(15.5,0.82113900433851,-14.001068008363));
#10239=CARTESIAN_POINT('',(14.879122039989,0.77113900433851,-14.001068008363));
#10240=CARTESIAN_POINT('',(14.440095024176,0.72113900433851,-14.440095024176));
#10241=CARTESIAN_POINT('',(14.001068008363,0.67113900433851,-14.879122039989));
#10242=CARTESIAN_POINT('',(14.001068008363,0.62113900433851,-15.5));
#10243=CARTESIAN_POINT('',(14.001068008363,0.57113900433851,-16.120877960011));
#10244=CARTESIAN_POINT('',(14.440095024176,0.52113900433851,-16.559904975824));
#10245=CARTESIAN_POINT('',(14.879122039989,0.47113900433851,-16.998931991637));
#10246=CARTESIAN_POINT('',(15.5,0.42113900433851,-16.998931991637));
#10247=CARTESIAN_POINT('',(16.120877960011,0.37113900433851,-16.998931991637));
#10248=CARTESIAN_POINT('',(16.559904975824,0.32113900433851,-16.559904975824));
#10249=CARTESIAN_POINT('',(16.998931991637,0.27113900433851,-16.120877960011));
#10250=CARTESIAN_POINT('',(16.998931991637,0.22113900433851,-15.5));
#10251=(BOUNDED_SURFACE()B_SPLINE_SURFACE(1,2,((#10073,#10074,#10075,#10076,#10077,#10078,#10079,#10080,#10081,#10082,#10083,#10084,#10085,#10086,#10087,#10088,#10089,#10090,#10091,#10092,#10093,#10094,#10095,#10096,#10097,#10098,#10099,#10100,#10101,#10102,#10103,#10104,#10105,#10106,#10107,#10108,#10109,#10110,#10111,#10112,#10113,#10114,#10115,#10116,#10117,#10118,#10119,#10120,#10121,#10122,#10123,#10124,#10125,#10126,#10127,#10128,#10129,#10130,#10131,#10132,#10133,#10134,#10135,#10136,#10137,#10138,#10139,#10140,#10141,#10142,#10143,#10144,#10145,#10146,#10147,#10148,#10149,#10150,#10151,#10152,#10153,#10154,#10155,#10156,#10157,#10158,#10159,#10160,#10161),(#10162,#10163,#10164,#10165,#10166,#10167,#10168,#10169,#10170,#10171,#10172,#10173,#10174,#10175,#10176,#10177,#10178,#10179,#10180,#10181,#10182,#10183,#10184,#10185,#10186,#10187,#10188,#10189,#10190,#10191,#10192,#10193,#10194,#10195,#10196,#10197,#10198,#10199,#10200,#10201,#10202,#10203,#10204,#10205,#10206,#10207,#10208,#10209,#10210,#10211,#10212,#10213,#10214,#10215,#10216,#10217,#10218,#10219,#10220,#10221,#10222,#10223,#10224,#10225,#10226,#10227,#10228,#10229,#10230,#10231,#10232,#10233,#10234,#10235,#10236,#10237,#10238,#10239,#10240,#10241,#10242,#10243,#10244,#10245,#10246,#10247,#10248,#10249,#10250)),.UNSPECIFIED.,.F.,.F.,.U.)B_SPLINE_SURFACE_WITH_KNOTS((2,2),(3,2,2,2,2,2,2,2,2,2,2,2,2,2,2,2,2,2,2,2,2,2,2,2,2,2,2,2,2,2,2,2,2,2,2,2,2,2,2,2,2,2,2,2,3),(0.,0.25),(0.,1.0394704615781,2.0789409231563,3.1184113847344,4.1578818463126,5.1973523078907,6.2368227694689,7.276293231047,8.3157636926252,9.3552341542033,10.394704615781,11.43417507736,12.473645538938,13.513116000516,14.552586462094,15.592056923672,16.63152738525,17.670997846828,18.710468308407,19.749938769985,20.789409231563,21.828879693141,22.868350154719,23.907820616297,24.947291077876,25.986761539454,27.026232001032,28.06570246261,29.105172924188,30.144643385766,31.184113847344,32.223584308923,33.263054770501,34.302525232079,35.341995693657,36.381466155235,37.420936616813,38.460407078391,39.49987753997,40.539348001548,41.578818463126,42.618288924704,43.657759386282,44.69722984786,45.736700309438),.UNSPECIFIED.)GEOMETRIC_REPRESENTATION_ITEM()RATIONAL_B_SPLINE_SURFACE(((1.,0.92387953251129,1.,0.92387953251129,1.,0.92387953251129,1.,0.92387953251129,1.,0.92387953251129,1.,0.92387953251129,1.,0.92387953251129,1.,0.92387953251129,1.,0.92387953251129,1.,0.92387953251129,1.,0.92387953251129,1.,0.92387953251129,1.,0.92387953251129,1.,0.92387953251129,1.,0.92387953251129,1.,0.92387953251129,1.,0.92387953251129,1.,0.92387953251129,1.,0.92387953251129,1.,0.92387953251129,1.,0.92387953251129,1.,0.92387953251129,1.,0.92387953251129,1.,0.92387953251129,1.,0.92387953251129,1.,0.92387953251129,1.,0.92387953251129,1.,0.92387953251129,1.,0.92387953251129,1.,0.92387953251129,1.,0.92387953251129,1.,0.92387953251129,1.,0.92387953251129,1.,0.92387953251129,1.,0.92387953251129,1.,0.92387953251129,1.,0.92387953251129,1.,0.92387953251129,1.,0.92387953251129,1.,0.92387953251129,1.,0.92387953251129,1.,0.92387953251129,1.,0.92387953251129,1.,0.92387953251129,1.),(1.,0.92387953251129,1.,0.92387953251129,1.,0.92387953251129,1.,0.92387953251129,1.,0.92387953251129,1.,0.92387953251129,1.,0.92387953251129,1.,0.92387953251129,1.,0.92387953251129,1.,0.92387953251129,1.,0.92387953251129,1.,0.92387953251129,1.,0.92387953251129,1.,0.92387953251129,1.,0.92387953251129,1.,0.92387953251129,1.,0.92387953251129,1.,0.92387953251129,1.,0.92387953251129,1.,0.92387953251129,1.,0.92387953251129,1.,0.92387953251129,1.,0.92387953251129,1.,0.92387953251129,1.,0.92387953251129,1.,0.92387953251129,1.,0.92387953251129,1.,0.92387953251129,1.,0.92387953251129,1.,0.92387953251129,1.,0.92387953251129,1.,0.92387953251129,1.,0.92387953251129,1.,0.92387953251129,1.,0.92387953251129,1.,0.92387953251129,1.,0.92387953251129,1.,0.92387953251129,1.,0.92387953251129,1.,0.92387953251129,1.,0.92387953251129,1.,0.92387953251129,1.,0.92387953251129,1.,0.92387953251129,1.)))REPRESENTATION_ITEM('')SURFACE());
#10252=ORIENTED_EDGE('',*,*,#8387,.F.);
#10253=ORIENTED_EDGE('',*,*,#847,.F.);
#10254=ORIENTED_EDGE('',*,*,#1036,.F.);
#10255=ORIENTED_EDGE('',*,*,#795,.F.);
#10256=ORIENTED_EDGE('',*,*,#1002,.F.);
#10257=ORIENTED_EDGE('',*,*,#743,.F.);
#10258=ORIENTED_EDGE('',*,*,#968,.F.);
#10259=ORIENTED_EDGE('',*,*,#691,.F.);
#10260=ORIENTED_EDGE('',*,*,#934,.F.);
#10261=ORIENTED_EDGE('',*,*,#621,.F.);
#10262=ORIENTED_EDGE('',*,*,#900,.F.);
#10263=CARTESIAN_POINT('',(15.5,4.4211390043385,-16.75));
#10264=CARTESIAN_POINT('',(15.102738640669,4.4595019547986,-16.75));
#10265=CARTESIAN_POINT('',(14.778364368008,4.5,-16.52065763831));
#10266=(BOUNDED_CURVE()B_SPLINE_CURVE(2,(#10263,#10264,#10265),.UNSPECIFIED.,.F.,.U.)B_SPLINE_CURVE_WITH_KNOTS((3,3),(0.025393808270912,0.041666666666667),.UNSPECIFIED.)CURVE()GEOMETRIC_REPRESENTATION_ITEM()RATIONAL_B_SPLINE_CURVE((1.,0.9405425157538,0.9739691807914))REPRESENTATION_ITEM(''));
#10267=EDGE_CURVE('',#883,#9759,#10266,.T.);
#10268=ORIENTED_EDGE('',*,*,#10267,.T.);
#10269=ORIENTED_EDGE('',*,*,#9778,.F.);
#10270=ORIENTED_EDGE('',*,*,#9566,.F.);
#10271=CARTESIAN_POINT('',(14.001068008363,4.6211390043385,-15.5));
#10272=CARTESIAN_POINT('',(14.001068008363,4.5711390043385,-16.120877960011));
#10273=CARTESIAN_POINT('',(14.440095024176,4.5211390043385,-16.559904975824));
#10274=CARTESIAN_POINT('',(14.879122039989,4.4711390043385,-16.998931991637));
#10275=CARTESIAN_POINT('',(15.5,4.4211390043385,-16.998931991637));
#10276=CARTESIAN_POINT('',(16.120877960011,4.3711390043385,-16.998931991637));
#10277=CARTESIAN_POINT('',(16.559904975824,4.3211390043385,-16.559904975824));
#10278=CARTESIAN_POINT('',(16.998931991637,4.2711390043385,-16.120877960011));
#10279=CARTESIAN_POINT('',(16.998931991637,4.2211390043385,-15.5));
#10280=CARTESIAN_POINT('',(16.998931991637,4.1711390043385,-14.879122039989));
#10281=CARTESIAN_POINT('',(16.559904975824,4.1211390043385,-14.440095024176));
#10282=CARTESIAN_POINT('',(16.120877960011,4.0711390043385,-14.001068008363));
#10283=CARTESIAN_POINT('',(15.5,4.0211390043385,-14.001068008363));
#10284=CARTESIAN_POINT('',(14.879122039989,3.9711390043385,-14.001068008363));
#10285=CARTESIAN_POINT('',(14.440095024176,3.9211390043385,-14.440095024176));
#10286=CARTESIAN_POINT('',(14.001068008363,3.8711390043385,-14.879122039989));
#10287=CARTESIAN_POINT('',(14.001068008363,3.8211390043385,-15.5));
#10288=CARTESIAN_POINT('',(14.001068008363,3.7711390043385,-16.120877960011));
#10289=CARTESIAN_POINT('',(14.440095024176,3.7211390043385,-16.559904975824));
#10290=CARTESIAN_POINT('',(14.879122039989,3.6711390043385,-16.998931991637));
#10291=CARTESIAN_POINT('',(15.5,3.6211390043385,-16.998931991637));
#10292=CARTESIAN_POINT('',(16.120877960011,3.5711390043385,-16.998931991637));
#10293=CARTESIAN_POINT('',(16.559904975824,3.5211390043385,-16.559904975824));
#10294=CARTESIAN_POINT('',(16.998931991637,3.4711390043385,-16.120877960011));
#10295=CARTESIAN_POINT('',(16.998931991637,3.4211390043385,-15.5));
#10296=CARTESIAN_POINT('',(16.998931991637,3.3711390043385,-14.879122039989));
#10297=CARTESIAN_POINT('',(16.559904975824,3.3211390043385,-14.440095024176));
#10298=CARTESIAN_POINT('',(16.120877960011,3.2711390043385,-14.001068008363));
#10299=CARTESIAN_POINT('',(15.5,3.2211390043385,-14.001068008363));
#10300=CARTESIAN_POINT('',(14.879122039989,3.1711390043385,-14.001068008363));
#10301=CARTESIAN_POINT('',(14.440095024176,3.1211390043385,-14.440095024176));
#10302=CARTESIAN_POINT('',(14.001068008363,3.0711390043385,-14.879122039989));
#10303=CARTESIAN_POINT('',(14.001068008363,3.0211390043385,-15.5));
#10304=CARTESIAN_POINT('',(14.001068008363,2.9711390043385,-16.120877960011));
#10305=CARTESIAN_POINT('',(14.440095024176,2.9211390043385,-16.559904975824));
#10306=CARTESIAN_POINT('',(14.879122039989,2.8711390043385,-16.998931991637));
#10307=CARTESIAN_POINT('',(15.5,2.8211390043385,-16.998931991637));
#10308=CARTESIAN_POINT('',(16.120877960011,2.7711390043385,-16.998931991637));
#10309=CARTESIAN_POINT('',(16.559904975824,2.7211390043385,-16.559904975824));
#10310=CARTESIAN_POINT('',(16.998931991637,2.6711390043385,-16.120877960011));
#10311=CARTESIAN_POINT('',(16.998931991637,2.6211390043385,-15.5));
#10312=CARTESIAN_POINT('',(16.998931991637,2.5711390043385,-14.879122039989));
#10313=CARTESIAN_POINT('',(16.559904975824,2.5211390043385,-14.440095024176));
#10314=CARTESIAN_POINT('',(16.120877960011,2.4711390043385,-14.001068008363));
#10315=CARTESIAN_POINT('',(15.5,2.4211390043385,-14.001068008363));
#10316=CARTESIAN_POINT('',(14.879122039989,2.3711390043385,-14.001068008363));
#10317=CARTESIAN_POINT('',(14.440095024176,2.3211390043385,-14.440095024176));
#10318=CARTESIAN_POINT('',(14.001068008363,2.2711390043385,-14.879122039989));
#10319=CARTESIAN_POINT('',(14.001068008363,2.2211390043385,-15.5));
#10320=CARTESIAN_POINT('',(14.001068008363,2.1711390043385,-16.120877960011));
#10321=CARTESIAN_POINT('',(14.440095024176,2.1211390043385,-16.559904975824));
#10322=CARTESIAN_POINT('',(14.879122039989,2.0711390043385,-16.998931991637));
#10323=CARTESIAN_POINT('',(15.5,2.0211390043385,-16.998931991637));
#10324=CARTESIAN_POINT('',(16.120877960011,1.9711390043385,-16.998931991637));
#10325=CARTESIAN_POINT('',(16.559904975824,1.9211390043385,-16.559904975824));
#10326=CARTESIAN_POINT('',(16.998931991637,1.8711390043385,-16.120877960011));
#10327=CARTESIAN_POINT('',(16.998931991637,1.8211390043385,-15.5));
#10328=CARTESIAN_POINT('',(16.998931991637,1.7711390043385,-14.879122039989));
#10329=CARTESIAN_POINT('',(16.559904975824,1.7211390043385,-14.440095024176));
#10330=CARTESIAN_POINT('',(16.120877960011,1.6711390043385,-14.001068008363));
#10331=CARTESIAN_POINT('',(15.5,1.6211390043385,-14.001068008363));
#10332=CARTESIAN_POINT('',(14.879122039989,1.5711390043385,-14.001068008363));
#10333=CARTESIAN_POINT('',(14.440095024176,1.5211390043385,-14.440095024176));
#10334=CARTESIAN_POINT('',(14.001068008363,1.4711390043385,-14.879122039989));
#10335=CARTESIAN_POINT('',(14.001068008363,1.4211390043385,-15.5));
#10336=CARTESIAN_POINT('',(14.001068008363,1.3711390043385,-16.120877960011));
#10337=CARTESIAN_POINT('',(14.440095024176,1.3211390043385,-16.559904975824));
#10338=CARTESIAN_POINT('',(14.879122039989,1.2711390043385,-16.998931991637));
#10339=CARTESIAN_POINT('',(15.5,1.2211390043385,-16.998931991637));
#10340=CARTESIAN_POINT('',(16.120877960011,1.1711390043385,-16.998931991637));
#10341=CARTESIAN_POINT('',(16.559904975824,1.1211390043385,-16.559904975824));
#10342=CARTESIAN_POINT('',(16.998931991637,1.0711390043385,-16.120877960011));
#10343=CARTESIAN_POINT('',(16.998931991637,1.0211390043385,-15.5));
#10344=CARTESIAN_POINT('',(16.998931991637,0.97113900433851,-14.879122039989));
#10345=CARTESIAN_POINT('',(16.559904975824,0.92113900433851,-14.440095024176));
#10346=CARTESIAN_POINT('',(16.120877960011,0.87113900433851,-14.001068008363));
#10347=CARTESIAN_POINT('',(15.5,0.82113900433851,-14.001068008363));
#10348=CARTESIAN_POINT('',(14.879122039989,0.77113900433851,-14.001068008363));
#10349=CARTESIAN_POINT('',(14.440095024176,0.72113900433851,-14.440095024176));
#10350=CARTESIAN_POINT('',(14.001068008363,0.67113900433851,-14.879122039989));
#10351=CARTESIAN_POINT('',(14.001068008363,0.62113900433851,-15.5));
#10352=CARTESIAN_POINT('',(14.001068008363,0.57113900433851,-16.120877960011));
#10353=CARTESIAN_POINT('',(14.440095024176,0.52113900433851,-16.559904975824));
#10354=CARTESIAN_POINT('',(14.530388321788,0.51085566249847,-16.650198273437));
#10355=CARTESIAN_POINT('',(14.634653811921,0.5,-16.723917109257));
#10356=(BOUNDED_CURVE()B_SPLINE_CURVE(2,(#10271,#10272,#10273,#10274,#10275,#10276,#10277,#10278,#10279,#10280,#10281,#10282,#10283,#10284,#10285,#10286,#10287,#10288,#10289,#10290,#10291,#10292,#10293,#10294,#10295,#10296,#10297,#10298,#10299,#10300,#10301,#10302,#10303,#10304,#10305,#10306,#10307,#10308,#10309,#10310,#10311,#10312,#10313,#10314,#10315,#10316,#10317,#10318,#10319,#10320,#10321,#10322,#10323,#10324,#10325,#10326,#10327,#10328,#10329,#10330,#10331,#10332,#10333,#10334,#10335,#10336,#10337,#10338,#10339,#10340,#10341,#10342,#10343,#10344,#10345,#10346,#10347,#10348,#10349,#10350,#10351,#10352,#10353,#10354,#10355),.UNSPECIFIED.,.F.,.U.)B_SPLINE_CURVE_WITH_KNOTS((3,2,2,2,2,2,2,2,2,2,2,2,2,2,2,2,2,2,2,2,2,2,2,2,2,2,2,2,2,2,2,2,2,2,2,2,2,2,2,2,2,2,3),(0.057939525062768,0.078772858396101,0.099606191729435,0.12043952506277,0.1412728583961,0.16210619172943,0.18293952506277,0.2037728583961,0.22460619172943,0.24543952506277,0.2662728583961,0.28710619172943,0.30793952506277,0.3287728583961,0.34960619172943,0.37043952506277,0.3912728583961,0.41210619172943,0.43293952506277,0.4537728583961,0.47460619172943,0.49543952506277,0.5162728583961,0.53710619172943,0.55793952506277,0.5787728583961,0.59960619172943,0.62043952506277,0.6412728583961,0.66210619172943,0.68293952506277,0.7037728583961,0.72460619172943,0.74543952506277,0.7662728583961,0.78710619172943,0.80793952506277,0.8287728583961,0.84960619172943,0.87043952506277,0.8912728583961,0.91210619172943,0.91666666666667),.UNSPECIFIED.)CURVE()GEOMETRIC_REPRESENTATION_ITEM()RATIONAL_B_SPLINE_CURVE((1.,0.92387953251129,1.,0.92387953251129,1.,0.92387953251129,1.,0.92387953251129,1.,0.92387953251129,1.,0.92387953251129,1.,0.92387953251129,1.,0.92387953251129,1.,0.92387953251129,1.,0.92387953251129,1.,0.92387953251129,1.,0.92387953251129,1.,0.92387953251129,1.,0.92387953251129,1.,0.92387953251129,1.,0.92387953251129,1.,0.92387953251129,1.,0.92387953251129,1.,0.92387953251129,1.,0.92387953251129,1.,0.92387953251129,1.,0.92387953251129,1.,0.92387953251129,1.,0.92387953251129,1.,0.92387953251129,1.,0.92387953251129,1.,0.92387953251129,1.,0.92387953251129,1.,0.92387953251129,1.,0.92387953251129,1.,0.92387953251129,1.,0.92387953251129,1.,0.92387953251129,1.,0.92387953251129,1.,0.92387953251129,1.,0.92387953251129,1.,0.92387953251129,1.,0.92387953251129,1.,0.92387953251129,1.,0.92387953251129,1.,0.92387953251129,1.,0.98333701675875,0.97396918079282))REPRESENTATION_ITEM(''));
#10357=EDGE_CURVE('',#9551,#8382,#10356,.T.);
#10358=ORIENTED_EDGE('',*,*,#10357,.T.);
#10359=EDGE_LOOP('',(#10252,#10253,#10254,#10255,#10256,#10257,#10258,#10259,#10260,#10261,#10262,#10268,#10269,#10270,#10358));
#10360=FACE_OUTER_BOUND('',#10359,.T.);
#10361=ADVANCED_FACE('',(#10360),#10251,.T.);
#10362=CARTESIAN_POINT('',(14.001068008363,4.6211390043385,-15.5));
#10363=CARTESIAN_POINT('',(14.001068008363,4.5711390043385,-16.120877960011));
#10364=CARTESIAN_POINT('',(14.440095024176,4.5211390043385,-16.559904975824));
#10365=CARTESIAN_POINT('',(14.879122039989,4.4711390043385,-16.998931991637));
#10366=CARTESIAN_POINT('',(15.5,4.4211390043385,-16.998931991637));
#10367=CARTESIAN_POINT('',(16.120877960011,4.3711390043385,-16.998931991637));
#10368=CARTESIAN_POINT('',(16.559904975824,4.3211390043385,-16.559904975824));
#10369=CARTESIAN_POINT('',(16.998931991637,4.2711390043385,-16.120877960011));
#10370=CARTESIAN_POINT('',(16.998931991637,4.2211390043385,-15.5));
#10371=CARTESIAN_POINT('',(16.998931991637,4.1711390043385,-14.879122039989));
#10372=CARTESIAN_POINT('',(16.559904975824,4.1211390043385,-14.440095024176));
#10373=CARTESIAN_POINT('',(16.120877960011,4.0711390043385,-14.001068008363));
#10374=CARTESIAN_POINT('',(15.5,4.0211390043385,-14.001068008363));
#10375=CARTESIAN_POINT('',(14.879122039989,3.9711390043385,-14.001068008363));
#10376=CARTESIAN_POINT('',(14.440095024176,3.9211390043385,-14.440095024176));
#10377=CARTESIAN_POINT('',(14.001068008363,3.8711390043385,-14.879122039989));
#10378=CARTESIAN_POINT('',(14.001068008363,3.8211390043385,-15.5));
#10379=CARTESIAN_POINT('',(14.001068008363,3.7711390043385,-16.120877960011));
#10380=CARTESIAN_POINT('',(14.440095024176,3.7211390043385,-16.559904975824));
#10381=CARTESIAN_POINT('',(14.879122039989,3.6711390043385,-16.998931991637));
#10382=CARTESIAN_POINT('',(15.5,3.6211390043385,-16.998931991637));
#10383=CARTESIAN_POINT('',(16.120877960011,3.5711390043385,-16.998931991637));
#10384=CARTESIAN_POINT('',(16.559904975824,3.5211390043385,-16.559904975824));
#10385=CARTESIAN_POINT('',(16.998931991637,3.4711390043385,-16.120877960011));
#10386=CARTESIAN_POINT('',(16.998931991637,3.4211390043385,-15.5));
#10387=CARTESIAN_POINT('',(16.998931991637,3.3711390043385,-14.879122039989));
#10388=CARTESIAN_POINT('',(16.559904975824,3.3211390043385,-14.440095024176));
#10389=CARTESIAN_POINT('',(16.120877960011,3.2711390043385,-14.001068008363));
#10390=CARTESIAN_POINT('',(15.5,3.2211390043385,-14.001068008363));
#10391=CARTESIAN_POINT('',(14.879122039989,3.1711390043385,-14.001068008363));
#10392=CARTESIAN_POINT('',(14.440095024176,3.1211390043385,-14.440095024176));
#10393=CARTESIAN_POINT('',(14.001068008363,3.0711390043385,-14.879122039989));
#10394=CARTESIAN_POINT('',(14.001068008363,3.0211390043385,-15.5));
#10395=CARTESIAN_POINT('',(14.001068008363,2.9711390043385,-16.120877960011));
#10396=CARTESIAN_POINT('',(14.440095024176,2.9211390043385,-16.559904975824));
#10397=CARTESIAN_POINT('',(14.879122039989,2.8711390043385,-16.998931991637));
#10398=CARTESIAN_POINT('',(15.5,2.8211390043385,-16.998931991637));
#10399=CARTESIAN_POINT('',(16.120877960011,2.7711390043385,-16.998931991637));
#10400=CARTESIAN_POINT('',(16.559904975824,2.7211390043385,-16.559904975824));
#10401=CARTESIAN_POINT('',(16.998931991637,2.6711390043385,-16.120877960011));
#10402=CARTESIAN_POINT('',(16.998931991637,2.6211390043385,-15.5));
#10403=CARTESIAN_POINT('',(16.998931991637,2.5711390043385,-14.879122039989));
#10404=CARTESIAN_POINT('',(16.559904975824,2.5211390043385,-14.440095024176));
#10405=CARTESIAN_POINT('',(16.120877960011,2.4711390043385,-14.001068008363));
#10406=CARTESIAN_POINT('',(15.5,2.4211390043385,-14.001068008363));
#10407=CARTESIAN_POINT('',(14.879122039989,2.3711390043385,-14.001068008363));
#10408=CARTESIAN_POINT('',(14.440095024176,2.3211390043385,-14.440095024176));
#10409=CARTESIAN_POINT('',(14.001068008363,2.2711390043385,-14.879122039989));
#10410=CARTESIAN_POINT('',(14.001068008363,2.2211390043385,-15.5));
#10411=CARTESIAN_POINT('',(14.001068008363,2.1711390043385,-16.120877960011));
#10412=CARTESIAN_POINT('',(14.440095024176,2.1211390043385,-16.559904975824));
#10413=CARTESIAN_POINT('',(14.879122039989,2.0711390043385,-16.998931991637));
#10414=CARTESIAN_POINT('',(15.5,2.0211390043385,-16.998931991637));
#10415=CARTESIAN_POINT('',(16.120877960011,1.9711390043385,-16.998931991637));
#10416=CARTESIAN_POINT('',(16.559904975824,1.9211390043385,-16.559904975824));
#10417=CARTESIAN_POINT('',(16.998931991637,1.8711390043385,-16.120877960011));
#10418=CARTESIAN_POINT('',(16.998931991637,1.8211390043385,-15.5));
#10419=CARTESIAN_POINT('',(16.998931991637,1.7711390043385,-14.879122039989));
#10420=CARTESIAN_POINT('',(16.559904975824,1.7211390043385,-14.440095024176));
#10421=CARTESIAN_POINT('',(16.120877960011,1.6711390043385,-14.001068008363));
#10422=CARTESIAN_POINT('',(15.5,1.6211390043385,-14.001068008363));
#10423=CARTESIAN_POINT('',(14.879122039989,1.5711390043385,-14.001068008363));
#10424=CARTESIAN_POINT('',(14.440095024176,1.5211390043385,-14.440095024176));
#10425=CARTESIAN_POINT('',(14.001068008363,1.4711390043385,-14.879122039989));
#10426=CARTESIAN_POINT('',(14.001068008363,1.4211390043385,-15.5));
#10427=CARTESIAN_POINT('',(14.001068008363,1.3711390043385,-16.120877960011));
#10428=CARTESIAN_POINT('',(14.440095024176,1.3211390043385,-16.559904975824));
#10429=CARTESIAN_POINT('',(14.879122039989,1.2711390043385,-16.998931991637));
#10430=CARTESIAN_POINT('',(15.5,1.2211390043385,-16.998931991637));
#10431=CARTESIAN_POINT('',(16.120877960011,1.1711390043385,-16.998931991637));
#10432=CARTESIAN_POINT('',(16.559904975824,1.1211390043385,-16.559904975824));
#10433=CARTESIAN_POINT('',(16.998931991637,1.0711390043385,-16.120877960011));
#10434=CARTESIAN_POINT('',(16.998931991637,1.0211390043385,-15.5));
#10435=CARTESIAN_POINT('',(16.998931991637,0.97113900433851,-14.879122039989));
#10436=CARTESIAN_POINT('',(16.559904975824,0.92113900433851,-14.440095024176));
#10437=CARTESIAN_POINT('',(16.120877960011,0.87113900433851,-14.001068008363));
#10438=CARTESIAN_POINT('',(15.5,0.82113900433851,-14.001068008363));
#10439=CARTESIAN_POINT('',(14.879122039989,0.77113900433851,-14.001068008363));
#10440=CARTESIAN_POINT('',(14.440095024176,0.72113900433851,-14.440095024176));
#10441=CARTESIAN_POINT('',(14.001068008363,0.67113900433851,-14.879122039989));
#10442=CARTESIAN_POINT('',(14.001068008363,0.62113900433851,-15.5));
#10443=CARTESIAN_POINT('',(14.001068008363,0.57113900433851,-16.120877960011));
#10444=CARTESIAN_POINT('',(14.440095024176,0.52113900433851,-16.559904975824));
#10445=CARTESIAN_POINT('',(14.879122039989,0.47113900433851,-16.998931991637));
#10446=CARTESIAN_POINT('',(15.5,0.42113900433851,-16.998931991637));
#10447=CARTESIAN_POINT('',(16.120877960011,0.37113900433851,-16.998931991637));
#10448=CARTESIAN_POINT('',(16.559904975824,0.32113900433851,-16.559904975824));
#10449=CARTESIAN_POINT('',(16.998931991637,0.27113900433851,-16.120877960011));
#10450=CARTESIAN_POINT('',(16.998931991637,0.22113900433851,-15.5));
#10451=CARTESIAN_POINT('',(14.001068008363,4.1788609956615,-15.5));
#10452=CARTESIAN_POINT('',(14.001068008363,4.1288609956615,-16.120877960011));
#10453=CARTESIAN_POINT('',(14.440095024176,4.0788609956615,-16.559904975824));
#10454=CARTESIAN_POINT('',(14.879122039989,4.0288609956615,-16.998931991637));
#10455=CARTESIAN_POINT('',(15.5,3.9788609956615,-16.998931991637));
#10456=CARTESIAN_POINT('',(16.120877960011,3.9288609956615,-16.998931991637));
#10457=CARTESIAN_POINT('',(16.559904975824,3.8788609956615,-16.559904975824));
#10458=CARTESIAN_POINT('',(16.998931991637,3.8288609956615,-16.120877960011));
#10459=CARTESIAN_POINT('',(16.998931991637,3.7788609956615,-15.5));
#10460=CARTESIAN_POINT('',(16.998931991637,3.7288609956615,-14.879122039989));
#10461=CARTESIAN_POINT('',(16.559904975824,3.6788609956615,-14.440095024176));
#10462=CARTESIAN_POINT('',(16.120877960011,3.6288609956615,-14.001068008363));
#10463=CARTESIAN_POINT('',(15.5,3.5788609956615,-14.001068008363));
#10464=CARTESIAN_POINT('',(14.879122039989,3.5288609956615,-14.001068008363));
#10465=CARTESIAN_POINT('',(14.440095024176,3.4788609956615,-14.440095024176));
#10466=CARTESIAN_POINT('',(14.001068008363,3.4288609956615,-14.879122039989));
#10467=CARTESIAN_POINT('',(14.001068008363,3.3788609956615,-15.5));
#10468=CARTESIAN_POINT('',(14.001068008363,3.3288609956615,-16.120877960011));
#10469=CARTESIAN_POINT('',(14.440095024176,3.2788609956615,-16.559904975824));
#10470=CARTESIAN_POINT('',(14.879122039989,3.2288609956615,-16.998931991637));
#10471=CARTESIAN_POINT('',(15.5,3.1788609956615,-16.998931991637));
#10472=CARTESIAN_POINT('',(16.120877960011,3.1288609956615,-16.998931991637));
#10473=CARTESIAN_POINT('',(16.559904975824,3.0788609956615,-16.559904975824));
#10474=CARTESIAN_POINT('',(16.998931991637,3.0288609956615,-16.120877960011));
#10475=CARTESIAN_POINT('',(16.998931991637,2.9788609956615,-15.5));
#10476=CARTESIAN_POINT('',(16.998931991637,2.9288609956615,-14.879122039989));
#10477=CARTESIAN_POINT('',(16.559904975824,2.8788609956615,-14.440095024176));
#10478=CARTESIAN_POINT('',(16.120877960011,2.8288609956615,-14.001068008363));
#10479=CARTESIAN_POINT('',(15.5,2.7788609956615,-14.001068008363));
#10480=CARTESIAN_POINT('',(14.879122039989,2.7288609956615,-14.001068008363));
#10481=CARTESIAN_POINT('',(14.440095024176,2.6788609956615,-14.440095024176));
#10482=CARTESIAN_POINT('',(14.001068008363,2.6288609956615,-14.879122039989));
#10483=CARTESIAN_POINT('',(14.001068008363,2.5788609956615,-15.5));
#10484=CARTESIAN_POINT('',(14.001068008363,2.5288609956615,-16.120877960011));
#10485=CARTESIAN_POINT('',(14.440095024176,2.4788609956615,-16.559904975824));
#10486=CARTESIAN_POINT('',(14.879122039989,2.4288609956615,-16.998931991637));
#10487=CARTESIAN_POINT('',(15.5,2.3788609956615,-16.998931991637));
#10488=CARTESIAN_POINT('',(16.120877960011,2.3288609956615,-16.998931991637));
#10489=CARTESIAN_POINT('',(16.559904975824,2.2788609956615,-16.559904975824));
#10490=CARTESIAN_POINT('',(16.998931991637,2.2288609956615,-16.120877960011));
#10491=CARTESIAN_POINT('',(16.998931991637,2.1788609956615,-15.5));
#10492=CARTESIAN_POINT('',(16.998931991637,2.1288609956615,-14.879122039989));
#10493=CARTESIAN_POINT('',(16.559904975824,2.0788609956615,-14.440095024176));
#10494=CARTESIAN_POINT('',(16.120877960011,2.0288609956615,-14.001068008363));
#10495=CARTESIAN_POINT('',(15.5,1.9788609956615,-14.001068008363));
#10496=CARTESIAN_POINT('',(14.879122039989,1.9288609956615,-14.001068008363));
#10497=CARTESIAN_POINT('',(14.440095024176,1.8788609956615,-14.440095024176));
#10498=CARTESIAN_POINT('',(14.001068008363,1.8288609956615,-14.879122039989));
#10499=CARTESIAN_POINT('',(14.001068008363,1.7788609956615,-15.5));
#10500=CARTESIAN_POINT('',(14.001068008363,1.7288609956615,-16.120877960011));
#10501=CARTESIAN_POINT('',(14.440095024176,1.6788609956615,-16.559904975824));
#10502=CARTESIAN_POINT('',(14.879122039989,1.6288609956615,-16.998931991637));
#10503=CARTESIAN_POINT('',(15.5,1.5788609956615,-16.998931991637));
#10504=CARTESIAN_POINT('',(16.120877960011,1.5288609956615,-16.998931991637));
#10505=CARTESIAN_POINT('',(16.559904975824,1.4788609956615,-16.559904975824));
#10506=CARTESIAN_POINT('',(16.998931991637,1.4288609956615,-16.120877960011));
#10507=CARTESIAN_POINT('',(16.998931991637,1.3788609956615,-15.5));
#10508=CARTESIAN_POINT('',(16.998931991637,1.3288609956615,-14.879122039989));
#10509=CARTESIAN_POINT('',(16.559904975824,1.2788609956615,-14.440095024176));
#10510=CARTESIAN_POINT('',(16.120877960011,1.2288609956615,-14.001068008363));
#10511=CARTESIAN_POINT('',(15.5,1.1788609956615,-14.001068008363));
#10512=CARTESIAN_POINT('',(14.879122039989,1.1288609956615,-14.001068008363));
#10513=CARTESIAN_POINT('',(14.440095024176,1.0788609956615,-14.440095024176));
#10514=CARTESIAN_POINT('',(14.001068008363,1.0288609956615,-14.879122039989));
#10515=CARTESIAN_POINT('',(14.001068008363,0.97886099566149,-15.5));
#10516=CARTESIAN_POINT('',(14.001068008363,0.92886099566149,-16.120877960011));
#10517=CARTESIAN_POINT('',(14.440095024176,0.87886099566149,-16.559904975824));
#10518=CARTESIAN_POINT('',(14.879122039989,0.82886099566149,-16.998931991637));
#10519=CARTESIAN_POINT('',(15.5,0.77886099566149,-16.998931991637));
#10520=CARTESIAN_POINT('',(16.120877960011,0.72886099566149,-16.998931991637));
#10521=CARTESIAN_POINT('',(16.559904975824,0.67886099566149,-16.559904975824));
#10522=CARTESIAN_POINT('',(16.998931991637,0.62886099566149,-16.120877960011));
#10523=CARTESIAN_POINT('',(16.998931991637,0.57886099566149,-15.5));
#10524=CARTESIAN_POINT('',(16.998931991637,0.52886099566149,-14.879122039989));
#10525=CARTESIAN_POINT('',(16.559904975824,0.47886099566149,-14.440095024176));
#10526=CARTESIAN_POINT('',(16.120877960011,0.42886099566149,-14.001068008363));
#10527=CARTESIAN_POINT('',(15.5,0.37886099566149,-14.001068008363));
#10528=CARTESIAN_POINT('',(14.879122039989,0.32886099566149,-14.001068008363));
#10529=CARTESIAN_POINT('',(14.440095024176,0.27886099566149,-14.440095024176));
#10530=CARTESIAN_POINT('',(14.001068008363,0.22886099566149,-14.879122039989));
#10531=CARTESIAN_POINT('',(14.001068008363,0.17886099566149,-15.5));
#10532=CARTESIAN_POINT('',(14.001068008363,0.12886099566149,-16.120877960011));
#10533=CARTESIAN_POINT('',(14.440095024176,0.078860995661489,-16.559904975824));
#10534=CARTESIAN_POINT('',(14.879122039989,0.028860995661489,-16.998931991637));
#10535=CARTESIAN_POINT('',(15.5,-0.021139004338511,-16.998931991637));
#10536=CARTESIAN_POINT('',(16.120877960011,-0.071139004338511,-16.998931991637));
#10537=CARTESIAN_POINT('',(16.559904975824,-0.12113900433851,-16.559904975824));
#10538=CARTESIAN_POINT('',(16.998931991637,-0.17113900433851,-16.120877960011));
#10539=CARTESIAN_POINT('',(16.998931991637,-0.22113900433851,-15.5));
#10540=(BOUNDED_SURFACE()B_SPLINE_SURFACE(1,2,((#10362,#10363,#10364,#10365,#10366,#10367,#10368,#10369,#10370,#10371,#10372,#10373,#10374,#10375,#10376,#10377,#10378,#10379,#10380,#10381,#10382,#10383,#10384,#10385,#10386,#10387,#10388,#10389,#10390,#10391,#10392,#10393,#10394,#10395,#10396,#10397,#10398,#10399,#10400,#10401,#10402,#10403,#10404,#10405,#10406,#10407,#10408,#10409,#10410,#10411,#10412,#10413,#10414,#10415,#10416,#10417,#10418,#10419,#10420,#10421,#10422,#10423,#10424,#10425,#10426,#10427,#10428,#10429,#10430,#10431,#10432,#10433,#10434,#10435,#10436,#10437,#10438,#10439,#10440,#10441,#10442,#10443,#10444,#10445,#10446,#10447,#10448,#10449,#10450),(#10451,#10452,#10453,#10454,#10455,#10456,#10457,#10458,#10459,#10460,#10461,#10462,#10463,#10464,#10465,#10466,#10467,#10468,#10469,#10470,#10471,#10472,#10473,#10474,#10475,#10476,#10477,#10478,#10479,#10480,#10481,#10482,#10483,#10484,#10485,#10486,#10487,#10488,#10489,#10490,#10491,#10492,#10493,#10494,#10495,#10496,#10497,#10498,#10499,#10500,#10501,#10502,#10503,#10504,#10505,#10506,#10507,#10508,#10509,#10510,#10511,#10512,#10513,#10514,#10515,#10516,#10517,#10518,#10519,#10520,#10521,#10522,#10523,#10524,#10525,#10526,#10527,#10528,#10529,#10530,#10531,#10532,#10533,#10534,#10535,#10536,#10537,#10538,#10539)),.UNSPECIFIED.,.F.,.F.,.U.)B_SPLINE_SURFACE_WITH_KNOTS((2,2),(3,2,2,2,2,2,2,2,2,2,2,2,2,2,2,2,2,2,2,2,2,2,2,2,2,2,2,2,2,2,2,2,2,2,2,2,2,2,2,2,2,2,2,2,3),(0.,0.44227800867702),(0.,1.2457759689889,2.4915519379779,3.7373279069668,4.9831038759558,6.2288798449447,7.4746558139336,8.7204317829226,9.9662077519115,11.2119837209,12.457759689889,13.703535658878,14.949311627867,16.195087596856,17.440863565845,18.686639534834,19.932415503823,21.178191472812,22.423967441801,23.66974341079,24.915519379779,26.161295348768,27.407071317757,28.652847286746,29.898623255735,31.144399224724,32.390175193712,33.635951162701,34.88172713169,36.127503100679,37.373279069668,38.619055038657,39.864831007646,41.110606976635,42.356382945624,43.602158914613,44.847934883602,46.093710852591,47.33948682158,48.585262790569,49.831038759558,51.076814728547,52.322590697536,53.568366666524,54.814142635513),.UNSPECIFIED.)GEOMETRIC_REPRESENTATION_ITEM()RATIONAL_B_SPLINE_SURFACE(((1.,0.92387953251129,1.,0.92387953251129,1.,0.92387953251129,1.,0.92387953251129,1.,0.92387953251129,1.,0.92387953251129,1.,0.92387953251129,1.,0.92387953251129,1.,0.92387953251129,1.,0.92387953251129,1.,0.92387953251129,1.,0.92387953251129,1.,0.92387953251129,1.,0.92387953251129,1.,0.92387953251129,1.,0.92387953251129,1.,0.92387953251129,1.,0.92387953251129,1.,0.92387953251129,1.,0.92387953251129,1.,0.92387953251129,1.,0.92387953251129,1.,0.92387953251129,1.,0.92387953251129,1.,0.92387953251129,1.,0.92387953251129,1.,0.92387953251129,1.,0.92387953251129,1.,0.92387953251129,1.,0.92387953251129,1.,0.92387953251129,1.,0.92387953251129,1.,0.92387953251129,1.,0.92387953251129,1.,0.92387953251129,1.,0.92387953251129,1.,0.92387953251129,1.,0.92387953251129,1.,0.92387953251129,1.,0.92387953251129,1.,0.92387953251129,1.,0.92387953251129,1.,0.92387953251129,1.,0.92387953251129,1.),(1.,0.92387953251129,1.,0.92387953251129,1.,0.92387953251129,1.,0.92387953251129,1.,0.92387953251129,1.,0.92387953251129,1.,0.92387953251129,1.,0.92387953251129,1.,0.92387953251129,1.,0.92387953251129,1.,0.92387953251129,1.,0.92387953251129,1.,0.92387953251129,1.,0.92387953251129,1.,0.92387953251129,1.,0.92387953251129,1.,0.92387953251129,1.,0.92387953251129,1.,0.92387953251129,1.,0.92387953251129,1.,0.92387953251129,1.,0.92387953251129,1.,0.92387953251129,1.,0.92387953251129,1.,0.92387953251129,1.,0.92387953251129,1.,0.92387953251129,1.,0.92387953251129,1.,0.92387953251129,1.,0.92387953251129,1.,0.92387953251129,1.,0.92387953251129,1.,0.92387953251129,1.,0.92387953251129,1.,0.92387953251129,1.,0.92387953251129,1.,0.92387953251129,1.,0.92387953251129,1.,0.92387953251129,1.,0.92387953251129,1.,0.92387953251129,1.,0.92387953251129,1.,0.92387953251129,1.,0.92387953251129,1.)))REPRESENTATION_ITEM('')SURFACE());
#10541=ORIENTED_EDGE('',*,*,#8416,.F.);
#10542=ORIENTED_EDGE('',*,*,#10357,.F.);
#10543=ORIENTED_EDGE('',*,*,#9557,.F.);
#10544=ORIENTED_EDGE('',*,*,#10057,.F.);
#10545=EDGE_LOOP('',(#10541,#10542,#10543,#10544));
#10546=FACE_OUTER_BOUND('',#10545,.T.);
#10547=ADVANCED_FACE('',(#10546),#10540,.T.);
#10548=CARTESIAN_POINT('',(15.5,4.5000000000001,-15.5));
#10549=DIRECTION('',(-0.57730850654445,-5.6843418860807E-14,-0.81652610997532));
#10550=DIRECTION('',(0.,-1.,4.5050327465438E-14));
#10551=AXIS2_PLACEMENT_3D('',#10548,#10550,#10549);
#10552=CYLINDRICAL_SURFACE('',#10551,1.25);
#10553=ORIENTED_EDGE('',*,*,#888,.F.);
#10554=ORIENTED_EDGE('',*,*,#9794,.F.);
#10555=ORIENTED_EDGE('',*,*,#10267,.F.);
#10556=EDGE_LOOP('',(#10553,#10554,#10555));
#10557=FACE_OUTER_BOUND('',#10556,.T.);
#10558=ADVANCED_FACE('',(#10557),#10552,.F.);
#10559=CARTESIAN_POINT('',(-15.5,4.2894304978307,-14.001068008363));
#10560=DIRECTION('',(0.,0.,-1.));
#10561=DIRECTION('',(-1.,-0.,-0.));
#10562=AXIS2_PLACEMENT_3D('',#10559,#10561,#10560);
#10563=PLANE('',#10562);
#10564=CARTESIAN_POINT('',(-15.5,4.1788609956615,-14.001068008363));
#10565=VERTEX_POINT('',#10564);
#10566=CARTESIAN_POINT('',(-15.5,4.1788609956615,-14.250267002091));
#10567=CARTESIAN_POINT('',(-15.5,4.1788609956615,-14.167734675029));
#10568=CARTESIAN_POINT('',(-15.5,4.1788609956615,-14.084401341696));
#10569=CARTESIAN_POINT('',(-15.5,4.1788609956615,-14.001068008363));
#10570=B_SPLINE_CURVE_WITH_KNOTS('',3,(#10566,#10567,#10568,#10569),.UNSPECIFIED.,.F.,.U.,(4,4),(0.,1.),.UNSPECIFIED.);
#10571=EDGE_CURVE('',#122,#10565,#10570,.T.);
#10572=ORIENTED_EDGE('',*,*,#10571,.T.);
#10573=CARTESIAN_POINT('',(-15.5,4.6211390043385,-14.001068008363));
#10574=VERTEX_POINT('',#10573);
#10575=CARTESIAN_POINT('',(-15.5,4.1788609956615,-14.001068008363));
#10576=CARTESIAN_POINT('',(-15.5,4.3262869985538,-14.001068008363));
#10577=CARTESIAN_POINT('',(-15.5,4.4737130014462,-14.001068008363));
#10578=CARTESIAN_POINT('',(-15.5,4.6211390043385,-14.001068008363));
#10579=B_SPLINE_CURVE_WITH_KNOTS('',3,(#10575,#10576,#10577,#10578),.UNSPECIFIED.,.F.,.U.,(4,4),(0.,1.),.UNSPECIFIED.);
#10580=EDGE_CURVE('',#10565,#10574,#10579,.T.);
#10581=ORIENTED_EDGE('',*,*,#10580,.T.);
#10582=CARTESIAN_POINT('',(-15.5,4.6211390043385,-14.251068008363));
#10583=VERTEX_POINT('',#10582);
#10584=CARTESIAN_POINT('',(-15.5,4.6211390043385,-14.001068008363));
#10585=CARTESIAN_POINT('',(-15.5,4.6211390043385,-14.084401341696));
#10586=CARTESIAN_POINT('',(-15.5,4.6211390043385,-14.167734675029));
#10587=CARTESIAN_POINT('',(-15.5,4.6211390043385,-14.251068008363));
#10588=B_SPLINE_CURVE_WITH_KNOTS('',3,(#10584,#10585,#10586,#10587),.UNSPECIFIED.,.F.,.U.,(4,4),(0.,1.),.UNSPECIFIED.);
#10589=EDGE_CURVE('',#10574,#10583,#10588,.T.);
#10590=ORIENTED_EDGE('',*,*,#10589,.T.);
#10591=CARTESIAN_POINT('',(-15.5,4.6211390043385,-14.251068008363));
#10592=CARTESIAN_POINT('',(-15.5,4.5807593362257,-14.251068008363));
#10593=CARTESIAN_POINT('',(-15.5,4.5403796681128,-14.251068008363));
#10594=CARTESIAN_POINT('',(-15.5,4.5,-14.251068008363));
#10595=B_SPLINE_CURVE_WITH_KNOTS('',3,(#10591,#10592,#10593,#10594),.UNSPECIFIED.,.F.,.U.,(4,4),(0.,0.27389786957953),.UNSPECIFIED.);
#10596=EDGE_CURVE('',#10583,#386,#10595,.T.);
#10597=ORIENTED_EDGE('',*,*,#10596,.T.);
#10598=ORIENTED_EDGE('',*,*,#391,.F.);
#10599=EDGE_LOOP('',(#10572,#10581,#10590,#10597,#10598));
#10600=FACE_OUTER_BOUND('',#10599,.T.);
#10601=ADVANCED_FACE('',(#10600),#10563,.T.);
#10602=CARTESIAN_POINT('',(-15.5,4.1788609956615,-14.251068008363));
#10603=CARTESIAN_POINT('',(-16.017324569418,4.1288609956615,-14.251068008363));
#10604=CARTESIAN_POINT('',(-16.383128280528,4.0788609956615,-14.616871719472));
#10605=CARTESIAN_POINT('',(-16.748931991637,4.0288609956615,-14.982675430582));
#10606=CARTESIAN_POINT('',(-16.748931991637,3.9788609956615,-15.5));
#10607=CARTESIAN_POINT('',(-16.748931991637,3.9288609956615,-16.017324569418));
#10608=CARTESIAN_POINT('',(-16.383128280528,3.8788609956615,-16.383128280528));
#10609=CARTESIAN_POINT('',(-16.017324569418,3.8288609956615,-16.748931991637));
#10610=CARTESIAN_POINT('',(-15.5,3.7788609956615,-16.748931991637));
#10611=CARTESIAN_POINT('',(-14.982675430582,3.7288609956615,-16.748931991637));
#10612=CARTESIAN_POINT('',(-14.616871719472,3.6788609956615,-16.383128280528));
#10613=CARTESIAN_POINT('',(-14.251068008363,3.6288609956615,-16.017324569418));
#10614=CARTESIAN_POINT('',(-14.251068008363,3.5788609956615,-15.5));
#10615=CARTESIAN_POINT('',(-14.251068008363,3.5288609956615,-14.982675430582));
#10616=CARTESIAN_POINT('',(-14.616871719472,3.4788609956615,-14.616871719472));
#10617=CARTESIAN_POINT('',(-14.982675430582,3.4288609956615,-14.251068008363));
#10618=CARTESIAN_POINT('',(-15.5,3.3788609956615,-14.251068008363));
#10619=CARTESIAN_POINT('',(-16.017324569418,3.3288609956615,-14.251068008363));
#10620=CARTESIAN_POINT('',(-16.383128280528,3.2788609956615,-14.616871719472));
#10621=CARTESIAN_POINT('',(-16.748931991637,3.2288609956615,-14.982675430582));
#10622=CARTESIAN_POINT('',(-16.748931991637,3.1788609956615,-15.5));
#10623=CARTESIAN_POINT('',(-16.748931991637,3.1288609956615,-16.017324569418));
#10624=CARTESIAN_POINT('',(-16.383128280528,3.0788609956615,-16.383128280528));
#10625=CARTESIAN_POINT('',(-16.017324569418,3.0288609956615,-16.748931991637));
#10626=CARTESIAN_POINT('',(-15.5,2.9788609956615,-16.748931991637));
#10627=CARTESIAN_POINT('',(-14.982675430582,2.9288609956615,-16.748931991637));
#10628=CARTESIAN_POINT('',(-14.616871719472,2.8788609956615,-16.383128280528));
#10629=CARTESIAN_POINT('',(-14.251068008363,2.8288609956615,-16.017324569418));
#10630=CARTESIAN_POINT('',(-14.251068008363,2.7788609956615,-15.5));
#10631=CARTESIAN_POINT('',(-14.251068008363,2.7288609956615,-14.982675430582));
#10632=CARTESIAN_POINT('',(-14.616871719472,2.6788609956615,-14.616871719472));
#10633=CARTESIAN_POINT('',(-14.982675430582,2.6288609956615,-14.251068008363));
#10634=CARTESIAN_POINT('',(-15.5,2.5788609956615,-14.251068008363));
#10635=CARTESIAN_POINT('',(-16.017324569418,2.5288609956615,-14.251068008363));
#10636=CARTESIAN_POINT('',(-16.383128280528,2.4788609956615,-14.616871719472));
#10637=CARTESIAN_POINT('',(-16.748931991637,2.4288609956615,-14.982675430582));
#10638=CARTESIAN_POINT('',(-16.748931991637,2.3788609956615,-15.5));
#10639=CARTESIAN_POINT('',(-16.748931991637,2.3288609956615,-16.017324569418));
#10640=CARTESIAN_POINT('',(-16.383128280528,2.2788609956615,-16.383128280528));
#10641=CARTESIAN_POINT('',(-16.017324569418,2.2288609956615,-16.748931991637));
#10642=CARTESIAN_POINT('',(-15.5,2.1788609956615,-16.748931991637));
#10643=CARTESIAN_POINT('',(-14.982675430582,2.1288609956615,-16.748931991637));
#10644=CARTESIAN_POINT('',(-14.616871719472,2.0788609956615,-16.383128280528));
#10645=CARTESIAN_POINT('',(-14.251068008363,2.0288609956615,-16.017324569418));
#10646=CARTESIAN_POINT('',(-14.251068008363,1.9788609956615,-15.5));
#10647=CARTESIAN_POINT('',(-14.251068008363,1.9288609956615,-14.982675430582));
#10648=CARTESIAN_POINT('',(-14.616871719472,1.8788609956615,-14.616871719472));
#10649=CARTESIAN_POINT('',(-14.982675430582,1.8288609956615,-14.251068008363));
#10650=CARTESIAN_POINT('',(-15.5,1.7788609956615,-14.251068008363));
#10651=CARTESIAN_POINT('',(-16.017324569418,1.7288609956615,-14.251068008363));
#10652=CARTESIAN_POINT('',(-16.383128280528,1.6788609956615,-14.616871719472));
#10653=CARTESIAN_POINT('',(-16.748931991637,1.6288609956615,-14.982675430582));
#10654=CARTESIAN_POINT('',(-16.748931991637,1.5788609956615,-15.5));
#10655=CARTESIAN_POINT('',(-16.748931991637,1.5288609956615,-16.017324569418));
#10656=CARTESIAN_POINT('',(-16.383128280528,1.4788609956615,-16.383128280528));
#10657=CARTESIAN_POINT('',(-16.017324569418,1.4288609956615,-16.748931991637));
#10658=CARTESIAN_POINT('',(-15.5,1.3788609956615,-16.748931991637));
#10659=CARTESIAN_POINT('',(-14.982675430582,1.3288609956615,-16.748931991637));
#10660=CARTESIAN_POINT('',(-14.616871719472,1.2788609956615,-16.383128280528));
#10661=CARTESIAN_POINT('',(-14.251068008363,1.2288609956615,-16.017324569418));
#10662=CARTESIAN_POINT('',(-14.251068008363,1.1788609956615,-15.5));
#10663=CARTESIAN_POINT('',(-14.251068008363,1.1288609956615,-14.982675430582));
#10664=CARTESIAN_POINT('',(-14.616871719472,1.0788609956615,-14.616871719472));
#10665=CARTESIAN_POINT('',(-14.982675430582,1.0288609956615,-14.251068008363));
#10666=CARTESIAN_POINT('',(-15.5,0.97886099566149,-14.251068008363));
#10667=CARTESIAN_POINT('',(-16.017324569418,0.92886099566149,-14.251068008363));
#10668=CARTESIAN_POINT('',(-16.383128280528,0.87886099566149,-14.616871719472));
#10669=CARTESIAN_POINT('',(-16.748931991637,0.82886099566149,-14.982675430582));
#10670=CARTESIAN_POINT('',(-16.748931991637,0.77886099566149,-15.5));
#10671=CARTESIAN_POINT('',(-16.748931991637,0.72886099566149,-16.017324569418));
#10672=CARTESIAN_POINT('',(-16.383128280528,0.67886099566149,-16.383128280528));
#10673=CARTESIAN_POINT('',(-16.017324569418,0.62886099566149,-16.748931991637));
#10674=CARTESIAN_POINT('',(-15.5,0.57886099566149,-16.748931991637));
#10675=CARTESIAN_POINT('',(-14.982675430582,0.52886099566149,-16.748931991637));
#10676=CARTESIAN_POINT('',(-14.616871719472,0.47886099566149,-16.383128280528));
#10677=CARTESIAN_POINT('',(-14.251068008363,0.42886099566149,-16.017324569418));
#10678=CARTESIAN_POINT('',(-14.251068008363,0.37886099566149,-15.5));
#10679=CARTESIAN_POINT('',(-14.251068008363,0.32886099566149,-14.982675430582));
#10680=CARTESIAN_POINT('',(-14.616871719472,0.27886099566149,-14.616871719472));
#10681=CARTESIAN_POINT('',(-14.982675430582,0.22886099566149,-14.251068008363));
#10682=CARTESIAN_POINT('',(-15.5,0.17886099566149,-14.251068008363));
#10683=CARTESIAN_POINT('',(-16.017324569418,0.12886099566149,-14.251068008363));
#10684=CARTESIAN_POINT('',(-16.383128280528,0.078860995661489,-14.616871719472));
#10685=CARTESIAN_POINT('',(-16.748931991637,0.028860995661489,-14.982675430582));
#10686=CARTESIAN_POINT('',(-16.748931991637,-0.021139004338511,-15.5));
#10687=CARTESIAN_POINT('',(-16.748931991637,-0.071139004338511,-16.017324569418));
#10688=CARTESIAN_POINT('',(-16.383128280528,-0.12113900433851,-16.383128280528));
#10689=CARTESIAN_POINT('',(-16.017324569418,-0.17113900433851,-16.748931991637));
#10690=CARTESIAN_POINT('',(-15.5,-0.22113900433851,-16.748931991637));
#10691=CARTESIAN_POINT('',(-15.5,4.6211390043385,-14.251068008363));
#10692=CARTESIAN_POINT('',(-16.017324569418,4.5711390043385,-14.251068008363));
#10693=CARTESIAN_POINT('',(-16.383128280528,4.5211390043385,-14.616871719472));
#10694=CARTESIAN_POINT('',(-16.748931991637,4.4711390043385,-14.982675430582));
#10695=CARTESIAN_POINT('',(-16.748931991637,4.4211390043385,-15.5));
#10696=CARTESIAN_POINT('',(-16.748931991637,4.3711390043385,-16.017324569418));
#10697=CARTESIAN_POINT('',(-16.383128280528,4.3211390043385,-16.383128280528));
#10698=CARTESIAN_POINT('',(-16.017324569418,4.2711390043385,-16.748931991637));
#10699=CARTESIAN_POINT('',(-15.5,4.2211390043385,-16.748931991637));
#10700=CARTESIAN_POINT('',(-14.982675430582,4.1711390043385,-16.748931991637));
#10701=CARTESIAN_POINT('',(-14.616871719472,4.1211390043385,-16.383128280528));
#10702=CARTESIAN_POINT('',(-14.251068008363,4.0711390043385,-16.017324569418));
#10703=CARTESIAN_POINT('',(-14.251068008363,4.0211390043385,-15.5));
#10704=CARTESIAN_POINT('',(-14.251068008363,3.9711390043385,-14.982675430582));
#10705=CARTESIAN_POINT('',(-14.616871719472,3.9211390043385,-14.616871719472));
#10706=CARTESIAN_POINT('',(-14.982675430582,3.8711390043385,-14.251068008363));
#10707=CARTESIAN_POINT('',(-15.5,3.8211390043385,-14.251068008363));
#10708=CARTESIAN_POINT('',(-16.017324569418,3.7711390043385,-14.251068008363));
#10709=CARTESIAN_POINT('',(-16.383128280528,3.7211390043385,-14.616871719472));
#10710=CARTESIAN_POINT('',(-16.748931991637,3.6711390043385,-14.982675430582));
#10711=CARTESIAN_POINT('',(-16.748931991637,3.6211390043385,-15.5));
#10712=CARTESIAN_POINT('',(-16.748931991637,3.5711390043385,-16.017324569418));
#10713=CARTESIAN_POINT('',(-16.383128280528,3.5211390043385,-16.383128280528));
#10714=CARTESIAN_POINT('',(-16.017324569418,3.4711390043385,-16.748931991637));
#10715=CARTESIAN_POINT('',(-15.5,3.4211390043385,-16.748931991637));
#10716=CARTESIAN_POINT('',(-14.982675430582,3.3711390043385,-16.748931991637));
#10717=CARTESIAN_POINT('',(-14.616871719472,3.3211390043385,-16.383128280528));
#10718=CARTESIAN_POINT('',(-14.251068008363,3.2711390043385,-16.017324569418));
#10719=CARTESIAN_POINT('',(-14.251068008363,3.2211390043385,-15.5));
#10720=CARTESIAN_POINT('',(-14.251068008363,3.1711390043385,-14.982675430582));
#10721=CARTESIAN_POINT('',(-14.616871719472,3.1211390043385,-14.616871719472));
#10722=CARTESIAN_POINT('',(-14.982675430582,3.0711390043385,-14.251068008363));
#10723=CARTESIAN_POINT('',(-15.5,3.0211390043385,-14.251068008363));
#10724=CARTESIAN_POINT('',(-16.017324569418,2.9711390043385,-14.251068008363));
#10725=CARTESIAN_POINT('',(-16.383128280528,2.9211390043385,-14.616871719472));
#10726=CARTESIAN_POINT('',(-16.748931991637,2.8711390043385,-14.982675430582));
#10727=CARTESIAN_POINT('',(-16.748931991637,2.8211390043385,-15.5));
#10728=CARTESIAN_POINT('',(-16.748931991637,2.7711390043385,-16.017324569418));
#10729=CARTESIAN_POINT('',(-16.383128280528,2.7211390043385,-16.383128280528));
#10730=CARTESIAN_POINT('',(-16.017324569418,2.6711390043385,-16.748931991637));
#10731=CARTESIAN_POINT('',(-15.5,2.6211390043385,-16.748931991637));
#10732=CARTESIAN_POINT('',(-14.982675430582,2.5711390043385,-16.748931991637));
#10733=CARTESIAN_POINT('',(-14.616871719472,2.5211390043385,-16.383128280528));
#10734=CARTESIAN_POINT('',(-14.251068008363,2.4711390043385,-16.017324569418));
#10735=CARTESIAN_POINT('',(-14.251068008363,2.4211390043385,-15.5));
#10736=CARTESIAN_POINT('',(-14.251068008363,2.3711390043385,-14.982675430582));
#10737=CARTESIAN_POINT('',(-14.616871719472,2.3211390043385,-14.616871719472));
#10738=CARTESIAN_POINT('',(-14.982675430582,2.2711390043385,-14.251068008363));
#10739=CARTESIAN_POINT('',(-15.5,2.2211390043385,-14.251068008363));
#10740=CARTESIAN_POINT('',(-16.017324569418,2.1711390043385,-14.251068008363));
#10741=CARTESIAN_POINT('',(-16.383128280528,2.1211390043385,-14.616871719472));
#10742=CARTESIAN_POINT('',(-16.748931991637,2.0711390043385,-14.982675430582));
#10743=CARTESIAN_POINT('',(-16.748931991637,2.0211390043385,-15.5));
#10744=CARTESIAN_POINT('',(-16.748931991637,1.9711390043385,-16.017324569418));
#10745=CARTESIAN_POINT('',(-16.383128280528,1.9211390043385,-16.383128280528));
#10746=CARTESIAN_POINT('',(-16.017324569418,1.8711390043385,-16.748931991637));
#10747=CARTESIAN_POINT('',(-15.5,1.8211390043385,-16.748931991637));
#10748=CARTESIAN_POINT('',(-14.982675430582,1.7711390043385,-16.748931991637));
#10749=CARTESIAN_POINT('',(-14.616871719472,1.7211390043385,-16.383128280528));
#10750=CARTESIAN_POINT('',(-14.251068008363,1.6711390043385,-16.017324569418));
#10751=CARTESIAN_POINT('',(-14.251068008363,1.6211390043385,-15.5));
#10752=CARTESIAN_POINT('',(-14.251068008363,1.5711390043385,-14.982675430582));
#10753=CARTESIAN_POINT('',(-14.616871719472,1.5211390043385,-14.616871719472));
#10754=CARTESIAN_POINT('',(-14.982675430582,1.4711390043385,-14.251068008363));
#10755=CARTESIAN_POINT('',(-15.5,1.4211390043385,-14.251068008363));
#10756=CARTESIAN_POINT('',(-16.017324569418,1.3711390043385,-14.251068008363));
#10757=CARTESIAN_POINT('',(-16.383128280528,1.3211390043385,-14.616871719472));
#10758=CARTESIAN_POINT('',(-16.748931991637,1.2711390043385,-14.982675430582));
#10759=CARTESIAN_POINT('',(-16.748931991637,1.2211390043385,-15.5));
#10760=CARTESIAN_POINT('',(-16.748931991637,1.1711390043385,-16.017324569418));
#10761=CARTESIAN_POINT('',(-16.383128280528,1.1211390043385,-16.383128280528));
#10762=CARTESIAN_POINT('',(-16.017324569418,1.0711390043385,-16.748931991637));
#10763=CARTESIAN_POINT('',(-15.5,1.0211390043385,-16.748931991637));
#10764=CARTESIAN_POINT('',(-14.982675430582,0.97113900433851,-16.748931991637));
#10765=CARTESIAN_POINT('',(-14.616871719472,0.92113900433851,-16.383128280528));
#10766=CARTESIAN_POINT('',(-14.251068008363,0.87113900433851,-16.017324569418));
#10767=CARTESIAN_POINT('',(-14.251068008363,0.82113900433851,-15.5));
#10768=CARTESIAN_POINT('',(-14.251068008363,0.77113900433851,-14.982675430582));
#10769=CARTESIAN_POINT('',(-14.616871719472,0.72113900433851,-14.616871719472));
#10770=CARTESIAN_POINT('',(-14.982675430582,0.67113900433851,-14.251068008363));
#10771=CARTESIAN_POINT('',(-15.5,0.62113900433851,-14.251068008363));
#10772=CARTESIAN_POINT('',(-16.017324569418,0.57113900433851,-14.251068008363));
#10773=CARTESIAN_POINT('',(-16.383128280528,0.52113900433851,-14.616871719472));
#10774=CARTESIAN_POINT('',(-16.748931991637,0.47113900433851,-14.982675430582));
#10775=CARTESIAN_POINT('',(-16.748931991637,0.42113900433851,-15.5));
#10776=CARTESIAN_POINT('',(-16.748931991637,0.37113900433851,-16.017324569418));
#10777=CARTESIAN_POINT('',(-16.383128280528,0.32113900433851,-16.383128280528));
#10778=CARTESIAN_POINT('',(-16.017324569418,0.27113900433851,-16.748931991637));
#10779=CARTESIAN_POINT('',(-15.5,0.22113900433851,-16.748931991637));
#10780=(BOUNDED_SURFACE()B_SPLINE_SURFACE(1,2,((#10602,#10603,#10604,#10605,#10606,#10607,#10608,#10609,#10610,#10611,#10612,#10613,#10614,#10615,#10616,#10617,#10618,#10619,#10620,#10621,#10622,#10623,#10624,#10625,#10626,#10627,#10628,#10629,#10630,#10631,#10632,#10633,#10634,#10635,#10636,#10637,#10638,#10639,#10640,#10641,#10642,#10643,#10644,#10645,#10646,#10647,#10648,#10649,#10650,#10651,#10652,#10653,#10654,#10655,#10656,#10657,#10658,#10659,#10660,#10661,#10662,#10663,#10664,#10665,#10666,#10667,#10668,#10669,#10670,#10671,#10672,#10673,#10674,#10675,#10676,#10677,#10678,#10679,#10680,#10681,#10682,#10683,#10684,#10685,#10686,#10687,#10688,#10689,#10690),(#10691,#10692,#10693,#10694,#10695,#10696,#10697,#10698,#10699,#10700,#10701,#10702,#10703,#10704,#10705,#10706,#10707,#10708,#10709,#10710,#10711,#10712,#10713,#10714,#10715,#10716,#10717,#10718,#10719,#10720,#10721,#10722,#10723,#10724,#10725,#10726,#10727,#10728,#10729,#10730,#10731,#10732,#10733,#10734,#10735,#10736,#10737,#10738,#10739,#10740,#10741,#10742,#10743,#10744,#10745,#10746,#10747,#10748,#10749,#10750,#10751,#10752,#10753,#10754,#10755,#10756,#10757,#10758,#10759,#10760,#10761,#10762,#10763,#10764,#10765,#10766,#10767,#10768,#10769,#10770,#10771,#10772,#10773,#10774,#10775,#10776,#10777,#10778,#10779)),.UNSPECIFIED.,.F.,.F.,.U.)B_SPLINE_SURFACE_WITH_KNOTS((2,2),(3,2,2,2,2,2,2,2,2,2,2,2,2,2,2,2,2,2,2,2,2,2,2,2,2,2,2,2,2,2,2,2,2,2,2,2,2,2,2,2,2,2,2,2,3),(0.,0.44227800867702),(0.,1.0394704615781,2.0789409231563,3.1184113847344,4.1578818463126,5.1973523078907,6.2368227694689,7.276293231047,8.3157636926252,9.3552341542033,10.394704615781,11.43417507736,12.473645538938,13.513116000516,14.552586462094,15.592056923672,16.63152738525,17.670997846829,18.710468308407,19.749938769985,20.789409231563,21.828879693141,22.868350154719,23.907820616297,24.947291077876,25.986761539454,27.026232001032,28.06570246261,29.105172924188,30.144643385766,31.184113847344,32.223584308923,33.263054770501,34.302525232079,35.341995693657,36.381466155235,37.420936616813,38.460407078391,39.49987753997,40.539348001548,41.578818463126,42.618288924704,43.657759386282,44.69722984786,45.736700309439),.UNSPECIFIED.)GEOMETRIC_REPRESENTATION_ITEM()RATIONAL_B_SPLINE_SURFACE(((1.,0.92387953251129,1.,0.92387953251129,1.,0.92387953251129,1.,0.92387953251129,1.,0.92387953251129,1.,0.92387953251129,1.,0.92387953251129,1.,0.92387953251129,1.,0.92387953251129,1.,0.92387953251129,1.,0.92387953251129,1.,0.92387953251129,1.,0.92387953251129,1.,0.92387953251129,1.,0.92387953251129,1.,0.92387953251129,1.,0.92387953251129,1.,0.92387953251129,1.,0.92387953251129,1.,0.92387953251129,1.,0.92387953251129,1.,0.92387953251129,1.,0.92387953251129,1.,0.92387953251129,1.,0.92387953251129,1.,0.92387953251129,1.,0.92387953251129,1.,0.92387953251129,1.,0.92387953251129,1.,0.92387953251129,1.,0.92387953251129,1.,0.92387953251129,1.,0.92387953251129,1.,0.92387953251129,1.,0.92387953251129,1.,0.92387953251129,1.,0.92387953251129,1.,0.92387953251129,1.,0.92387953251129,1.,0.92387953251129,1.,0.92387953251129,1.,0.92387953251129,1.,0.92387953251129,1.,0.92387953251129,1.),(1.,0.92387953251129,1.,0.92387953251129,1.,0.92387953251129,1.,0.92387953251129,1.,0.92387953251129,1.,0.92387953251129,1.,0.92387953251129,1.,0.92387953251129,1.,0.92387953251129,1.,0.92387953251129,1.,0.92387953251129,1.,0.92387953251129,1.,0.92387953251129,1.,0.92387953251129,1.,0.92387953251129,1.,0.92387953251129,1.,0.92387953251129,1.,0.92387953251129,1.,0.92387953251129,1.,0.92387953251129,1.,0.92387953251129,1.,0.92387953251129,1.,0.92387953251129,1.,0.92387953251129,1.,0.92387953251129,1.,0.92387953251129,1.,0.92387953251129,1.,0.92387953251129,1.,0.92387953251129,1.,0.92387953251129,1.,0.92387953251129,1.,0.92387953251129,1.,0.92387953251129,1.,0.92387953251129,1.,0.92387953251129,1.,0.92387953251129,1.,0.92387953251129,1.,0.92387953251129,1.,0.92387953251129,1.,0.92387953251129,1.,0.92387953251129,1.,0.92387953251129,1.,0.92387953251129,1.,0.92387953251129,1.)))REPRESENTATION_ITEM('')SURFACE());
#10781=CARTESIAN_POINT('',(-16.519785581595,4.5,-14.77898093832));
#10782=VERTEX_POINT('',#10781);
#10783=CARTESIAN_POINT('',(-16.519785581595,4.5,-14.77898093832));
#10784=CARTESIAN_POINT('',(-16.461881889609,4.5,-14.697083866041));
#10785=CARTESIAN_POINT('',(-16.395424758838,4.5,-14.623718276982));
#10786=CARTESIAN_POINT('',(-16.246001929858,4.5,-14.493453290957));
#10787=CARTESIAN_POINT('',(-16.162306911065,4.5,-14.436531558125));
#10788=CARTESIAN_POINT('',(-15.89881367071,4.5,-14.300034757967));
#10789=CARTESIAN_POINT('',(-15.70059878358,4.5,-14.251068008363));
#10790=CARTESIAN_POINT('',(-15.5,4.5,-14.251068008363));
#10791=B_SPLINE_CURVE_WITH_KNOTS('',3,(#10783,#10784,#10785,#10786,#10787,#10788,#10789,#10790),.UNSPECIFIED.,.F.,.U.,(4,2,2,4),(0.,0.00029662736811385,0.0005932547362277,0.0011865094724554),.UNSPECIFIED.);
#10792=EDGE_CURVE('',#10782,#386,#10791,.T.);
#10793=ORIENTED_EDGE('',*,*,#10792,.T.);
#10794=ORIENTED_EDGE('',*,*,#10596,.F.);
#10795=CARTESIAN_POINT('',(-15.5,4.6211390043385,-14.251068008363));
#10796=CARTESIAN_POINT('',(-16.017324569418,4.5711390043385,-14.251068008363));
#10797=CARTESIAN_POINT('',(-16.383128280528,4.5211390043385,-14.616871719472));
#10798=CARTESIAN_POINT('',(-16.458361972682,4.5108556624985,-14.692105411626));
#10799=CARTESIAN_POINT('',(-16.519785581595,4.5,-14.77898093832));
#10800=(BOUNDED_CURVE()B_SPLINE_CURVE(2,(#10795,#10796,#10797,#10798,#10799),.UNSPECIFIED.,.F.,.U.)B_SPLINE_CURVE_WITH_KNOTS((3,2,3),(0.8912728583961,0.91210619172943,0.91666666666667),.UNSPECIFIED.)CURVE()GEOMETRIC_REPRESENTATION_ITEM()RATIONAL_B_SPLINE_CURVE((1.,0.92387953251129,1.,0.98333701675875,0.97396918079282))REPRESENTATION_ITEM(''));
#10801=EDGE_CURVE('',#10583,#10782,#10800,.T.);
#10802=ORIENTED_EDGE('',*,*,#10801,.T.);
#10803=EDGE_LOOP('',(#10793,#10794,#10802));
#10804=FACE_OUTER_BOUND('',#10803,.T.);
#10805=ADVANCED_FACE('',(#10804),#10780,.T.);
#10806=CARTESIAN_POINT('',(-15.5,4.5,-15.5));
#10807=DIRECTION('',(1.,0.,3.6508382815764E-15));
#10808=DIRECTION('',(0.,-1.,0.));
#10809=AXIS2_PLACEMENT_3D('',#10806,#10808,#10807);
#10810=PLANE('',#10809);
#10811=ORIENTED_EDGE('',*,*,#10792,.F.);
#10812=CARTESIAN_POINT('',(-15.5,4.5,-15.5));
#10813=DIRECTION('',(-0.81652611064761,7.105427357601E-16,0.57730850559358));
#10814=DIRECTION('',(3.0411505020364E-16,-1.,-2.0978294552221E-17));
#10815=AXIS2_PLACEMENT_3D('',#10812,#10814,#10813);
#10816=CIRCLE('',#10815,1.25);
#10817=EDGE_CURVE('',#10782,#394,#10816,.T.);
#10818=ORIENTED_EDGE('',*,*,#10817,.T.);
#10819=ORIENTED_EDGE('',*,*,#400,.F.);
#10820=EDGE_LOOP('',(#10811,#10818,#10819));
#10821=FACE_OUTER_BOUND('',#10820,.T.);
#10822=ADVANCED_FACE('',(#10821),#10810,.T.);
#10823=CARTESIAN_POINT('',(-15.5,4.1788609956615,-14.001068008363));
#10824=CARTESIAN_POINT('',(-16.120877960011,4.1288609956615,-14.001068008363));
#10825=CARTESIAN_POINT('',(-16.559904975824,4.0788609956615,-14.440095024176));
#10826=CARTESIAN_POINT('',(-16.998931991637,4.0288609956615,-14.879122039989));
#10827=CARTESIAN_POINT('',(-16.998931991637,3.9788609956615,-15.5));
#10828=CARTESIAN_POINT('',(-16.998931991637,3.9288609956615,-16.120877960011));
#10829=CARTESIAN_POINT('',(-16.559904975824,3.8788609956615,-16.559904975824));
#10830=CARTESIAN_POINT('',(-16.120877960011,3.8288609956615,-16.998931991637));
#10831=CARTESIAN_POINT('',(-15.5,3.7788609956615,-16.998931991637));
#10832=CARTESIAN_POINT('',(-14.879122039989,3.7288609956615,-16.998931991637));
#10833=CARTESIAN_POINT('',(-14.440095024176,3.6788609956615,-16.559904975824));
#10834=CARTESIAN_POINT('',(-14.001068008363,3.6288609956615,-16.120877960011));
#10835=CARTESIAN_POINT('',(-14.001068008363,3.5788609956615,-15.5));
#10836=CARTESIAN_POINT('',(-14.001068008363,3.5288609956615,-14.879122039989));
#10837=CARTESIAN_POINT('',(-14.440095024176,3.4788609956615,-14.440095024176));
#10838=CARTESIAN_POINT('',(-14.879122039989,3.4288609956615,-14.001068008363));
#10839=CARTESIAN_POINT('',(-15.5,3.3788609956615,-14.001068008363));
#10840=CARTESIAN_POINT('',(-16.120877960011,3.3288609956615,-14.001068008363));
#10841=CARTESIAN_POINT('',(-16.559904975824,3.2788609956615,-14.440095024176));
#10842=CARTESIAN_POINT('',(-16.998931991637,3.2288609956615,-14.879122039989));
#10843=CARTESIAN_POINT('',(-16.998931991637,3.1788609956615,-15.5));
#10844=CARTESIAN_POINT('',(-16.998931991637,3.1288609956615,-16.120877960011));
#10845=CARTESIAN_POINT('',(-16.559904975824,3.0788609956615,-16.559904975824));
#10846=CARTESIAN_POINT('',(-16.120877960011,3.0288609956615,-16.998931991637));
#10847=CARTESIAN_POINT('',(-15.5,2.9788609956615,-16.998931991637));
#10848=CARTESIAN_POINT('',(-14.879122039989,2.9288609956615,-16.998931991637));
#10849=CARTESIAN_POINT('',(-14.440095024176,2.8788609956615,-16.559904975824));
#10850=CARTESIAN_POINT('',(-14.001068008363,2.8288609956615,-16.120877960011));
#10851=CARTESIAN_POINT('',(-14.001068008363,2.7788609956615,-15.5));
#10852=CARTESIAN_POINT('',(-14.001068008363,2.7288609956615,-14.879122039989));
#10853=CARTESIAN_POINT('',(-14.440095024176,2.6788609956615,-14.440095024176));
#10854=CARTESIAN_POINT('',(-14.879122039989,2.6288609956615,-14.001068008363));
#10855=CARTESIAN_POINT('',(-15.5,2.5788609956615,-14.001068008363));
#10856=CARTESIAN_POINT('',(-16.120877960011,2.5288609956615,-14.001068008363));
#10857=CARTESIAN_POINT('',(-16.559904975824,2.4788609956615,-14.440095024176));
#10858=CARTESIAN_POINT('',(-16.998931991637,2.4288609956615,-14.879122039989));
#10859=CARTESIAN_POINT('',(-16.998931991637,2.3788609956615,-15.5));
#10860=CARTESIAN_POINT('',(-16.998931991637,2.3288609956615,-16.120877960011));
#10861=CARTESIAN_POINT('',(-16.559904975824,2.2788609956615,-16.559904975824));
#10862=CARTESIAN_POINT('',(-16.120877960011,2.2288609956615,-16.998931991637));
#10863=CARTESIAN_POINT('',(-15.5,2.1788609956615,-16.998931991637));
#10864=CARTESIAN_POINT('',(-14.879122039989,2.1288609956615,-16.998931991637));
#10865=CARTESIAN_POINT('',(-14.440095024176,2.0788609956615,-16.559904975824));
#10866=CARTESIAN_POINT('',(-14.001068008363,2.0288609956615,-16.120877960011));
#10867=CARTESIAN_POINT('',(-14.001068008363,1.9788609956615,-15.5));
#10868=CARTESIAN_POINT('',(-14.001068008363,1.9288609956615,-14.879122039989));
#10869=CARTESIAN_POINT('',(-14.440095024176,1.8788609956615,-14.440095024176));
#10870=CARTESIAN_POINT('',(-14.879122039989,1.8288609956615,-14.001068008363));
#10871=CARTESIAN_POINT('',(-15.5,1.7788609956615,-14.001068008363));
#10872=CARTESIAN_POINT('',(-16.120877960011,1.7288609956615,-14.001068008363));
#10873=CARTESIAN_POINT('',(-16.559904975824,1.6788609956615,-14.440095024176));
#10874=CARTESIAN_POINT('',(-16.998931991637,1.6288609956615,-14.879122039989));
#10875=CARTESIAN_POINT('',(-16.998931991637,1.5788609956615,-15.5));
#10876=CARTESIAN_POINT('',(-16.998931991637,1.5288609956615,-16.120877960011));
#10877=CARTESIAN_POINT('',(-16.559904975824,1.4788609956615,-16.559904975824));
#10878=CARTESIAN_POINT('',(-16.120877960011,1.4288609956615,-16.998931991637));
#10879=CARTESIAN_POINT('',(-15.5,1.3788609956615,-16.998931991637));
#10880=CARTESIAN_POINT('',(-14.879122039989,1.3288609956615,-16.998931991637));
#10881=CARTESIAN_POINT('',(-14.440095024176,1.2788609956615,-16.559904975824));
#10882=CARTESIAN_POINT('',(-14.001068008363,1.2288609956615,-16.120877960011));
#10883=CARTESIAN_POINT('',(-14.001068008363,1.1788609956615,-15.5));
#10884=CARTESIAN_POINT('',(-14.001068008363,1.1288609956615,-14.879122039989));
#10885=CARTESIAN_POINT('',(-14.440095024176,1.0788609956615,-14.440095024176));
#10886=CARTESIAN_POINT('',(-14.879122039989,1.0288609956615,-14.001068008363));
#10887=CARTESIAN_POINT('',(-15.5,0.97886099566149,-14.001068008363));
#10888=CARTESIAN_POINT('',(-16.120877960011,0.92886099566149,-14.001068008363));
#10889=CARTESIAN_POINT('',(-16.559904975824,0.87886099566149,-14.440095024176));
#10890=CARTESIAN_POINT('',(-16.998931991637,0.82886099566149,-14.879122039989));
#10891=CARTESIAN_POINT('',(-16.998931991637,0.77886099566149,-15.5));
#10892=CARTESIAN_POINT('',(-16.998931991637,0.72886099566149,-16.120877960011));
#10893=CARTESIAN_POINT('',(-16.559904975824,0.67886099566149,-16.559904975824));
#10894=CARTESIAN_POINT('',(-16.120877960011,0.62886099566149,-16.998931991637));
#10895=CARTESIAN_POINT('',(-15.5,0.57886099566149,-16.998931991637));
#10896=CARTESIAN_POINT('',(-14.879122039989,0.52886099566149,-16.998931991637));
#10897=CARTESIAN_POINT('',(-14.440095024176,0.47886099566149,-16.559904975824));
#10898=CARTESIAN_POINT('',(-14.001068008363,0.42886099566149,-16.120877960011));
#10899=CARTESIAN_POINT('',(-14.001068008363,0.37886099566149,-15.5));
#10900=CARTESIAN_POINT('',(-14.001068008363,0.32886099566149,-14.879122039989));
#10901=CARTESIAN_POINT('',(-14.440095024176,0.27886099566149,-14.440095024176));
#10902=CARTESIAN_POINT('',(-14.879122039989,0.22886099566149,-14.001068008363));
#10903=CARTESIAN_POINT('',(-15.5,0.17886099566149,-14.001068008363));
#10904=CARTESIAN_POINT('',(-16.120877960011,0.12886099566149,-14.001068008363));
#10905=CARTESIAN_POINT('',(-16.559904975824,0.078860995661489,-14.440095024176));
#10906=CARTESIAN_POINT('',(-16.998931991637,0.028860995661489,-14.879122039989));
#10907=CARTESIAN_POINT('',(-16.998931991637,-0.021139004338511,-15.5));
#10908=CARTESIAN_POINT('',(-16.998931991637,-0.071139004338511,-16.120877960011));
#10909=CARTESIAN_POINT('',(-16.559904975824,-0.12113900433851,-16.559904975824));
#10910=CARTESIAN_POINT('',(-16.120877960011,-0.17113900433851,-16.998931991637));
#10911=CARTESIAN_POINT('',(-15.5,-0.22113900433851,-16.998931991637));
#10912=CARTESIAN_POINT('',(-15.5,4.1788609956615,-14.251068008363));
#10913=CARTESIAN_POINT('',(-16.017324569418,4.1288609956615,-14.251068008363));
#10914=CARTESIAN_POINT('',(-16.383128280528,4.0788609956615,-14.616871719472));
#10915=CARTESIAN_POINT('',(-16.748931991637,4.0288609956615,-14.982675430582));
#10916=CARTESIAN_POINT('',(-16.748931991637,3.9788609956615,-15.5));
#10917=CARTESIAN_POINT('',(-16.748931991637,3.9288609956615,-16.017324569418));
#10918=CARTESIAN_POINT('',(-16.383128280528,3.8788609956615,-16.383128280528));
#10919=CARTESIAN_POINT('',(-16.017324569418,3.8288609956615,-16.748931991637));
#10920=CARTESIAN_POINT('',(-15.5,3.7788609956615,-16.748931991637));
#10921=CARTESIAN_POINT('',(-14.982675430582,3.7288609956615,-16.748931991637));
#10922=CARTESIAN_POINT('',(-14.616871719472,3.6788609956615,-16.383128280528));
#10923=CARTESIAN_POINT('',(-14.251068008363,3.6288609956615,-16.017324569418));
#10924=CARTESIAN_POINT('',(-14.251068008363,3.5788609956615,-15.5));
#10925=CARTESIAN_POINT('',(-14.251068008363,3.5288609956615,-14.982675430582));
#10926=CARTESIAN_POINT('',(-14.616871719472,3.4788609956615,-14.616871719472));
#10927=CARTESIAN_POINT('',(-14.982675430582,3.4288609956615,-14.251068008363));
#10928=CARTESIAN_POINT('',(-15.5,3.3788609956615,-14.251068008363));
#10929=CARTESIAN_POINT('',(-16.017324569418,3.3288609956615,-14.251068008363));
#10930=CARTESIAN_POINT('',(-16.383128280528,3.2788609956615,-14.616871719472));
#10931=CARTESIAN_POINT('',(-16.748931991637,3.2288609956615,-14.982675430582));
#10932=CARTESIAN_POINT('',(-16.748931991637,3.1788609956615,-15.5));
#10933=CARTESIAN_POINT('',(-16.748931991637,3.1288609956615,-16.017324569418));
#10934=CARTESIAN_POINT('',(-16.383128280528,3.0788609956615,-16.383128280528));
#10935=CARTESIAN_POINT('',(-16.017324569418,3.0288609956615,-16.748931991637));
#10936=CARTESIAN_POINT('',(-15.5,2.9788609956615,-16.748931991637));
#10937=CARTESIAN_POINT('',(-14.982675430582,2.9288609956615,-16.748931991637));
#10938=CARTESIAN_POINT('',(-14.616871719472,2.8788609956615,-16.383128280528));
#10939=CARTESIAN_POINT('',(-14.251068008363,2.8288609956615,-16.017324569418));
#10940=CARTESIAN_POINT('',(-14.251068008363,2.7788609956615,-15.5));
#10941=CARTESIAN_POINT('',(-14.251068008363,2.7288609956615,-14.982675430582));
#10942=CARTESIAN_POINT('',(-14.616871719472,2.6788609956615,-14.616871719472));
#10943=CARTESIAN_POINT('',(-14.982675430582,2.6288609956615,-14.251068008363));
#10944=CARTESIAN_POINT('',(-15.5,2.5788609956615,-14.251068008363));
#10945=CARTESIAN_POINT('',(-16.017324569418,2.5288609956615,-14.251068008363));
#10946=CARTESIAN_POINT('',(-16.383128280528,2.4788609956615,-14.616871719472));
#10947=CARTESIAN_POINT('',(-16.748931991637,2.4288609956615,-14.982675430582));
#10948=CARTESIAN_POINT('',(-16.748931991637,2.3788609956615,-15.5));
#10949=CARTESIAN_POINT('',(-16.748931991637,2.3288609956615,-16.017324569418));
#10950=CARTESIAN_POINT('',(-16.383128280528,2.2788609956615,-16.383128280528));
#10951=CARTESIAN_POINT('',(-16.017324569418,2.2288609956615,-16.748931991637));
#10952=CARTESIAN_POINT('',(-15.5,2.1788609956615,-16.748931991637));
#10953=CARTESIAN_POINT('',(-14.982675430582,2.1288609956615,-16.748931991637));
#10954=CARTESIAN_POINT('',(-14.616871719472,2.0788609956615,-16.383128280528));
#10955=CARTESIAN_POINT('',(-14.251068008363,2.0288609956615,-16.017324569418));
#10956=CARTESIAN_POINT('',(-14.251068008363,1.9788609956615,-15.5));
#10957=CARTESIAN_POINT('',(-14.251068008363,1.9288609956615,-14.982675430582));
#10958=CARTESIAN_POINT('',(-14.616871719472,1.8788609956615,-14.616871719472));
#10959=CARTESIAN_POINT('',(-14.982675430582,1.8288609956615,-14.251068008363));
#10960=CARTESIAN_POINT('',(-15.5,1.7788609956615,-14.251068008363));
#10961=CARTESIAN_POINT('',(-16.017324569418,1.7288609956615,-14.251068008363));
#10962=CARTESIAN_POINT('',(-16.383128280528,1.6788609956615,-14.616871719472));
#10963=CARTESIAN_POINT('',(-16.748931991637,1.6288609956615,-14.982675430582));
#10964=CARTESIAN_POINT('',(-16.748931991637,1.5788609956615,-15.5));
#10965=CARTESIAN_POINT('',(-16.748931991637,1.5288609956615,-16.017324569418));
#10966=CARTESIAN_POINT('',(-16.383128280528,1.4788609956615,-16.383128280528));
#10967=CARTESIAN_POINT('',(-16.017324569418,1.4288609956615,-16.748931991637));
#10968=CARTESIAN_POINT('',(-15.5,1.3788609956615,-16.748931991637));
#10969=CARTESIAN_POINT('',(-14.982675430582,1.3288609956615,-16.748931991637));
#10970=CARTESIAN_POINT('',(-14.616871719472,1.2788609956615,-16.383128280528));
#10971=CARTESIAN_POINT('',(-14.251068008363,1.2288609956615,-16.017324569418));
#10972=CARTESIAN_POINT('',(-14.251068008363,1.1788609956615,-15.5));
#10973=CARTESIAN_POINT('',(-14.251068008363,1.1288609956615,-14.982675430582));
#10974=CARTESIAN_POINT('',(-14.616871719472,1.0788609956615,-14.616871719472));
#10975=CARTESIAN_POINT('',(-14.982675430582,1.0288609956615,-14.251068008363));
#10976=CARTESIAN_POINT('',(-15.5,0.97886099566149,-14.251068008363));
#10977=CARTESIAN_POINT('',(-16.017324569418,0.92886099566149,-14.251068008363));
#10978=CARTESIAN_POINT('',(-16.383128280528,0.87886099566149,-14.616871719472));
#10979=CARTESIAN_POINT('',(-16.748931991637,0.82886099566149,-14.982675430582));
#10980=CARTESIAN_POINT('',(-16.748931991637,0.77886099566149,-15.5));
#10981=CARTESIAN_POINT('',(-16.748931991637,0.72886099566149,-16.017324569418));
#10982=CARTESIAN_POINT('',(-16.383128280528,0.67886099566149,-16.383128280528));
#10983=CARTESIAN_POINT('',(-16.017324569418,0.62886099566149,-16.748931991637));
#10984=CARTESIAN_POINT('',(-15.5,0.57886099566149,-16.748931991637));
#10985=CARTESIAN_POINT('',(-14.982675430582,0.52886099566149,-16.748931991637));
#10986=CARTESIAN_POINT('',(-14.616871719472,0.47886099566149,-16.383128280528));
#10987=CARTESIAN_POINT('',(-14.251068008363,0.42886099566149,-16.017324569418));
#10988=CARTESIAN_POINT('',(-14.251068008363,0.37886099566149,-15.5));
#10989=CARTESIAN_POINT('',(-14.251068008363,0.32886099566149,-14.982675430582));
#10990=CARTESIAN_POINT('',(-14.616871719472,0.27886099566149,-14.616871719472));
#10991=CARTESIAN_POINT('',(-14.982675430582,0.22886099566149,-14.251068008363));
#10992=CARTESIAN_POINT('',(-15.5,0.17886099566149,-14.251068008363));
#10993=CARTESIAN_POINT('',(-16.017324569418,0.12886099566149,-14.251068008363));
#10994=CARTESIAN_POINT('',(-16.383128280528,0.078860995661489,-14.616871719472));
#10995=CARTESIAN_POINT('',(-16.748931991637,0.028860995661489,-14.982675430582));
#10996=CARTESIAN_POINT('',(-16.748931991637,-0.021139004338511,-15.5));
#10997=CARTESIAN_POINT('',(-16.748931991637,-0.071139004338511,-16.017324569418));
#10998=CARTESIAN_POINT('',(-16.383128280528,-0.12113900433851,-16.383128280528));
#10999=CARTESIAN_POINT('',(-16.017324569418,-0.17113900433851,-16.748931991637));
#11000=CARTESIAN_POINT('',(-15.5,-0.22113900433851,-16.748931991637));
#11001=(BOUNDED_SURFACE()B_SPLINE_SURFACE(1,2,((#10823,#10824,#10825,#10826,#10827,#10828,#10829,#10830,#10831,#10832,#10833,#10834,#10835,#10836,#10837,#10838,#10839,#10840,#10841,#10842,#10843,#10844,#10845,#10846,#10847,#10848,#10849,#10850,#10851,#10852,#10853,#10854,#10855,#10856,#10857,#10858,#10859,#10860,#10861,#10862,#10863,#10864,#10865,#10866,#10867,#10868,#10869,#10870,#10871,#10872,#10873,#10874,#10875,#10876,#10877,#10878,#10879,#10880,#10881,#10882,#10883,#10884,#10885,#10886,#10887,#10888,#10889,#10890,#10891,#10892,#10893,#10894,#10895,#10896,#10897,#10898,#10899,#10900,#10901,#10902,#10903,#10904,#10905,#10906,#10907,#10908,#10909,#10910,#10911),(#10912,#10913,#10914,#10915,#10916,#10917,#10918,#10919,#10920,#10921,#10922,#10923,#10924,#10925,#10926,#10927,#10928,#10929,#10930,#10931,#10932,#10933,#10934,#10935,#10936,#10937,#10938,#10939,#10940,#10941,#10942,#10943,#10944,#10945,#10946,#10947,#10948,#10949,#10950,#10951,#10952,#10953,#10954,#10955,#10956,#10957,#10958,#10959,#10960,#10961,#10962,#10963,#10964,#10965,#10966,#10967,#10968,#10969,#10970,#10971,#10972,#10973,#10974,#10975,#10976,#10977,#10978,#10979,#10980,#10981,#10982,#10983,#10984,#10985,#10986,#10987,#10988,#10989,#10990,#10991,#10992,#10993,#10994,#10995,#10996,#10997,#10998,#10999,#11000)),.UNSPECIFIED.,.F.,.F.,.U.)B_SPLINE_SURFACE_WITH_KNOTS((2,2),(3,2,2,2,2,2,2,2,2,2,2,2,2,2,2,2,2,2,2,2,2,2,2,2,2,2,2,2,2,2,2,2,2,2,2,2,2,2,2,2,2,2,2,2,3),(0.,0.25),(0.,1.2457759689889,2.4915519379779,3.7373279069668,4.9831038759558,6.2288798449447,7.4746558139337,8.7204317829226,9.9662077519115,11.2119837209,12.457759689889,13.703535658878,14.949311627867,16.195087596856,17.440863565845,18.686639534834,19.932415503823,21.178191472812,22.423967441801,23.66974341079,24.915519379779,26.161295348768,27.407071317757,28.652847286746,29.898623255735,31.144399224724,32.390175193713,33.635951162701,34.88172713169,36.127503100679,37.373279069668,38.619055038657,39.864831007646,41.110606976635,42.356382945624,43.602158914613,44.847934883602,46.093710852591,47.33948682158,48.585262790569,49.831038759558,51.076814728547,52.322590697536,53.568366666525,54.814142635513),.UNSPECIFIED.)GEOMETRIC_REPRESENTATION_ITEM()RATIONAL_B_SPLINE_SURFACE(((1.,0.92387953251129,1.,0.92387953251129,1.,0.92387953251129,1.,0.92387953251129,1.,0.92387953251129,1.,0.92387953251129,1.,0.92387953251129,1.,0.92387953251129,1.,0.92387953251129,1.,0.92387953251129,1.,0.92387953251129,1.,0.92387953251129,1.,0.92387953251129,1.,0.92387953251129,1.,0.92387953251129,1.,0.92387953251129,1.,0.92387953251129,1.,0.92387953251129,1.,0.92387953251129,1.,0.92387953251129,1.,0.92387953251129,1.,0.92387953251129,1.,0.92387953251129,1.,0.92387953251129,1.,0.92387953251129,1.,0.92387953251129,1.,0.92387953251129,1.,0.92387953251129,1.,0.92387953251129,1.,0.92387953251129,1.,0.92387953251129,1.,0.92387953251129,1.,0.92387953251129,1.,0.92387953251129,1.,0.92387953251129,1.,0.92387953251129,1.,0.92387953251129,1.,0.92387953251129,1.,0.92387953251129,1.,0.92387953251129,1.,0.92387953251129,1.,0.92387953251129,1.,0.92387953251129,1.,0.92387953251129,1.),(1.,0.92387953251129,1.,0.92387953251129,1.,0.92387953251129,1.,0.92387953251129,1.,0.92387953251129,1.,0.92387953251129,1.,0.92387953251129,1.,0.92387953251129,1.,0.92387953251129,1.,0.92387953251129,1.,0.92387953251129,1.,0.92387953251129,1.,0.92387953251129,1.,0.92387953251129,1.,0.92387953251129,1.,0.92387953251129,1.,0.92387953251129,1.,0.92387953251129,1.,0.92387953251129,1.,0.92387953251129,1.,0.92387953251129,1.,0.92387953251129,1.,0.92387953251129,1.,0.92387953251129,1.,0.92387953251129,1.,0.92387953251129,1.,0.92387953251129,1.,0.92387953251129,1.,0.92387953251129,1.,0.92387953251129,1.,0.92387953251129,1.,0.92387953251129,1.,0.92387953251129,1.,0.92387953251129,1.,0.92387953251129,1.,0.92387953251129,1.,0.92387953251129,1.,0.92387953251129,1.,0.92387953251129,1.,0.92387953251129,1.,0.92387953251129,1.,0.92387953251129,1.,0.92387953251129,1.,0.92387953251129,1.)))REPRESENTATION_ITEM('')SURFACE());
#11002=ORIENTED_EDGE('',*,*,#8454,.F.);
#11003=CARTESIAN_POINT('',(-14.634653811921,0.5,-16.723917109257));
#11004=CARTESIAN_POINT('',(-15.023625791555,0.5404980452005,-16.998931991637));
#11005=CARTESIAN_POINT('',(-15.5,0.57886099566149,-16.998931991637));
#11006=CARTESIAN_POINT('',(-16.120877960011,0.62886099566149,-16.998931991637));
#11007=CARTESIAN_POINT('',(-16.559904975824,0.67886099566149,-16.559904975824));
#11008=CARTESIAN_POINT('',(-16.998931991637,0.72886099566149,-16.120877960011));
#11009=CARTESIAN_POINT('',(-16.998931991637,0.77886099566149,-15.5));
#11010=CARTESIAN_POINT('',(-16.998931991637,0.82886099566149,-14.879122039989));
#11011=CARTESIAN_POINT('',(-16.559904975824,0.87886099566149,-14.440095024176));
#11012=CARTESIAN_POINT('',(-16.120877960011,0.92886099566149,-14.001068008363));
#11013=CARTESIAN_POINT('',(-15.5,0.97886099566149,-14.001068008363));
#11014=CARTESIAN_POINT('',(-14.879122039989,1.0288609956615,-14.001068008363));
#11015=CARTESIAN_POINT('',(-14.440095024176,1.0788609956615,-14.440095024176));
#11016=CARTESIAN_POINT('',(-14.001068008363,1.1288609956615,-14.879122039989));
#11017=CARTESIAN_POINT('',(-14.001068008363,1.1788609956615,-15.5));
#11018=CARTESIAN_POINT('',(-14.001068008363,1.2288609956615,-16.120877960011));
#11019=CARTESIAN_POINT('',(-14.440095024176,1.2788609956615,-16.559904975824));
#11020=CARTESIAN_POINT('',(-14.879122039989,1.3288609956615,-16.998931991637));
#11021=CARTESIAN_POINT('',(-15.5,1.3788609956615,-16.998931991637));
#11022=CARTESIAN_POINT('',(-16.120877960011,1.4288609956615,-16.998931991637));
#11023=CARTESIAN_POINT('',(-16.559904975824,1.4788609956615,-16.559904975824));
#11024=CARTESIAN_POINT('',(-16.998931991637,1.5288609956615,-16.120877960011));
#11025=CARTESIAN_POINT('',(-16.998931991637,1.5788609956615,-15.5));
#11026=CARTESIAN_POINT('',(-16.998931991637,1.6288609956615,-14.879122039989));
#11027=CARTESIAN_POINT('',(-16.559904975824,1.6788609956615,-14.440095024176));
#11028=CARTESIAN_POINT('',(-16.120877960011,1.7288609956615,-14.001068008363));
#11029=CARTESIAN_POINT('',(-15.5,1.7788609956615,-14.001068008363));
#11030=CARTESIAN_POINT('',(-14.879122039989,1.8288609956615,-14.001068008363));
#11031=CARTESIAN_POINT('',(-14.440095024176,1.8788609956615,-14.440095024176));
#11032=CARTESIAN_POINT('',(-14.001068008363,1.9288609956615,-14.879122039989));
#11033=CARTESIAN_POINT('',(-14.001068008363,1.9788609956615,-15.5));
#11034=CARTESIAN_POINT('',(-14.001068008363,2.0288609956615,-16.120877960011));
#11035=CARTESIAN_POINT('',(-14.440095024176,2.0788609956615,-16.559904975824));
#11036=CARTESIAN_POINT('',(-14.879122039989,2.1288609956615,-16.998931991637));
#11037=CARTESIAN_POINT('',(-15.5,2.1788609956615,-16.998931991637));
#11038=CARTESIAN_POINT('',(-16.120877960011,2.2288609956615,-16.998931991637));
#11039=CARTESIAN_POINT('',(-16.559904975824,2.2788609956615,-16.559904975824));
#11040=CARTESIAN_POINT('',(-16.998931991637,2.3288609956615,-16.120877960011));
#11041=CARTESIAN_POINT('',(-16.998931991637,2.3788609956615,-15.5));
#11042=CARTESIAN_POINT('',(-16.998931991637,2.4288609956615,-14.879122039989));
#11043=CARTESIAN_POINT('',(-16.559904975824,2.4788609956615,-14.440095024176));
#11044=CARTESIAN_POINT('',(-16.120877960011,2.5288609956615,-14.001068008363));
#11045=CARTESIAN_POINT('',(-15.5,2.5788609956615,-14.001068008363));
#11046=CARTESIAN_POINT('',(-14.879122039989,2.6288609956615,-14.001068008363));
#11047=CARTESIAN_POINT('',(-14.440095024176,2.6788609956615,-14.440095024176));
#11048=CARTESIAN_POINT('',(-14.001068008363,2.7288609956615,-14.879122039989));
#11049=CARTESIAN_POINT('',(-14.001068008363,2.7788609956615,-15.5));
#11050=CARTESIAN_POINT('',(-14.001068008363,2.8288609956615,-16.120877960011));
#11051=CARTESIAN_POINT('',(-14.440095024176,2.8788609956615,-16.559904975824));
#11052=CARTESIAN_POINT('',(-14.879122039989,2.9288609956615,-16.998931991637));
#11053=CARTESIAN_POINT('',(-15.5,2.9788609956615,-16.998931991637));
#11054=CARTESIAN_POINT('',(-16.120877960011,3.0288609956615,-16.998931991637));
#11055=CARTESIAN_POINT('',(-16.559904975824,3.0788609956615,-16.559904975824));
#11056=CARTESIAN_POINT('',(-16.998931991637,3.1288609956615,-16.120877960011));
#11057=CARTESIAN_POINT('',(-16.998931991637,3.1788609956615,-15.5));
#11058=CARTESIAN_POINT('',(-16.998931991637,3.2288609956615,-14.879122039989));
#11059=CARTESIAN_POINT('',(-16.559904975824,3.2788609956615,-14.440095024176));
#11060=CARTESIAN_POINT('',(-16.120877960011,3.3288609956615,-14.001068008363));
#11061=CARTESIAN_POINT('',(-15.5,3.3788609956615,-14.001068008363));
#11062=CARTESIAN_POINT('',(-14.879122039989,3.4288609956615,-14.001068008363));
#11063=CARTESIAN_POINT('',(-14.440095024176,3.4788609956615,-14.440095024176));
#11064=CARTESIAN_POINT('',(-14.001068008363,3.5288609956615,-14.879122039989));
#11065=CARTESIAN_POINT('',(-14.001068008363,3.5788609956615,-15.5));
#11066=CARTESIAN_POINT('',(-14.001068008363,3.6288609956615,-16.120877960011));
#11067=CARTESIAN_POINT('',(-14.440095024176,3.6788609956615,-16.559904975824));
#11068=CARTESIAN_POINT('',(-14.879122039989,3.7288609956615,-16.998931991637));
#11069=CARTESIAN_POINT('',(-15.5,3.7788609956615,-16.998931991637));
#11070=CARTESIAN_POINT('',(-16.120877960011,3.8288609956615,-16.998931991637));
#11071=CARTESIAN_POINT('',(-16.559904975824,3.8788609956615,-16.559904975824));
#11072=CARTESIAN_POINT('',(-16.998931991637,3.9288609956615,-16.120877960011));
#11073=CARTESIAN_POINT('',(-16.998931991637,3.9788609956615,-15.5));
#11074=CARTESIAN_POINT('',(-16.998931991637,4.0288609956615,-14.879122039989));
#11075=CARTESIAN_POINT('',(-16.559904975824,4.0788609956615,-14.440095024176));
#11076=CARTESIAN_POINT('',(-16.120877960011,4.1288609956615,-14.001068008363));
#11077=CARTESIAN_POINT('',(-15.5,4.1788609956615,-14.001068008363));
#11078=(BOUNDED_CURVE()B_SPLINE_CURVE(2,(#11003,#11004,#11005,#11006,#11007,#11008,#11009,#11010,#11011,#11012,#11013,#11014,#11015,#11016,#11017,#11018,#11019,#11020,#11021,#11022,#11023,#11024,#11025,#11026,#11027,#11028,#11029,#11030,#11031,#11032,#11033,#11034,#11035,#11036,#11037,#11038,#11039,#11040,#11041,#11042,#11043,#11044,#11045,#11046,#11047,#11048,#11049,#11050,#11051,#11052,#11053,#11054,#11055,#11056,#11057,#11058,#11059,#11060,#11061,#11062,#11063,#11064,#11065,#11066,#11067,#11068,#11069,#11070,#11071,#11072,#11073,#11074,#11075,#11076,#11077),.UNSPECIFIED.,.F.,.U.)B_SPLINE_CURVE_WITH_KNOTS((3,2,2,2,2,2,2,2,2,2,2,2,2,2,2,2,2,2,2,2,2,2,2,2,2,2,2,2,2,2,2,2,2,2,2,2,2,3),(0.15039380827057,0.16666666666667,0.1875,0.20833333333333,0.22916666666667,0.25,0.27083333333333,0.29166666666667,0.3125,0.33333333333333,0.35416666666667,0.375,0.39583333333333,0.41666666666667,0.4375,0.45833333333333,0.47916666666667,0.5,0.52083333333333,0.54166666666667,0.5625,0.58333333333333,0.60416666666667,0.625,0.64583333333333,0.66666666666667,0.6875,0.70833333333333,0.72916666666667,0.75,0.77083333333333,0.79166666666667,0.8125,0.83333333333333,0.85416666666667,0.875,0.89583333333333,0.91666666666667),.UNSPECIFIED.)CURVE()GEOMETRIC_REPRESENTATION_ITEM()RATIONAL_B_SPLINE_CURVE((0.97396918079282,0.94054251575254,1.,0.92387953251129,1.,0.92387953251129,1.,0.92387953251129,1.,0.92387953251129,1.,0.92387953251129,1.,0.92387953251129,1.,0.92387953251129,1.,0.92387953251129,1.,0.92387953251129,1.,0.92387953251129,1.,0.92387953251129,1.,0.92387953251129,1.,0.92387953251129,1.,0.92387953251129,1.,0.92387953251129,1.,0.92387953251129,1.,0.92387953251129,1.,0.92387953251129,1.,0.92387953251129,1.,0.92387953251129,1.,0.92387953251129,1.,0.92387953251129,1.,0.92387953251129,1.,0.92387953251129,1.,0.92387953251129,1.,0.92387953251129,1.,0.92387953251129,1.,0.92387953251129,1.,0.92387953251129,1.,0.92387953251129,1.,0.92387953251129,1.,0.92387953251129,1.,0.92387953251129,1.,0.92387953251129,1.,0.92387953251129,1.,0.92387953251129,1.))REPRESENTATION_ITEM(''));
#11079=EDGE_CURVE('',#8449,#10565,#11078,.T.);
#11080=ORIENTED_EDGE('',*,*,#11079,.T.);
#11081=ORIENTED_EDGE('',*,*,#10571,.F.);
#11082=ORIENTED_EDGE('',*,*,#133,.F.);
#11083=ORIENTED_EDGE('',*,*,#441,.F.);
#11084=ORIENTED_EDGE('',*,*,#185,.F.);
#11085=ORIENTED_EDGE('',*,*,#475,.F.);
#11086=ORIENTED_EDGE('',*,*,#237,.F.);
#11087=ORIENTED_EDGE('',*,*,#509,.F.);
#11088=ORIENTED_EDGE('',*,*,#289,.F.);
#11089=ORIENTED_EDGE('',*,*,#543,.F.);
#11090=ORIENTED_EDGE('',*,*,#341,.F.);
#11091=ORIENTED_EDGE('',*,*,#572,.F.);
#11092=EDGE_LOOP('',(#11002,#11080,#11081,#11082,#11083,#11084,#11085,#11086,#11087,#11088,#11089,#11090,#11091));
#11093=FACE_OUTER_BOUND('',#11092,.T.);
#11094=ADVANCED_FACE('',(#11093),#11001,.T.);
#11095=CARTESIAN_POINT('',(-15.5,4.6211390043385,-14.251068008363));
#11096=CARTESIAN_POINT('',(-16.017324569418,4.5711390043385,-14.251068008363));
#11097=CARTESIAN_POINT('',(-16.383128280528,4.5211390043385,-14.616871719472));
#11098=CARTESIAN_POINT('',(-16.748931991637,4.4711390043385,-14.982675430582));
#11099=CARTESIAN_POINT('',(-16.748931991637,4.4211390043385,-15.5));
#11100=CARTESIAN_POINT('',(-16.748931991637,4.3711390043385,-16.017324569418));
#11101=CARTESIAN_POINT('',(-16.383128280528,4.3211390043385,-16.383128280528));
#11102=CARTESIAN_POINT('',(-16.017324569418,4.2711390043385,-16.748931991637));
#11103=CARTESIAN_POINT('',(-15.5,4.2211390043385,-16.748931991637));
#11104=CARTESIAN_POINT('',(-14.982675430582,4.1711390043385,-16.748931991637));
#11105=CARTESIAN_POINT('',(-14.616871719472,4.1211390043385,-16.383128280528));
#11106=CARTESIAN_POINT('',(-14.251068008363,4.0711390043385,-16.017324569418));
#11107=CARTESIAN_POINT('',(-14.251068008363,4.0211390043385,-15.5));
#11108=CARTESIAN_POINT('',(-14.251068008363,3.9711390043385,-14.982675430582));
#11109=CARTESIAN_POINT('',(-14.616871719472,3.9211390043385,-14.616871719472));
#11110=CARTESIAN_POINT('',(-14.982675430582,3.8711390043385,-14.251068008363));
#11111=CARTESIAN_POINT('',(-15.5,3.8211390043385,-14.251068008363));
#11112=CARTESIAN_POINT('',(-16.017324569418,3.7711390043385,-14.251068008363));
#11113=CARTESIAN_POINT('',(-16.383128280528,3.7211390043385,-14.616871719472));
#11114=CARTESIAN_POINT('',(-16.748931991637,3.6711390043385,-14.982675430582));
#11115=CARTESIAN_POINT('',(-16.748931991637,3.6211390043385,-15.5));
#11116=CARTESIAN_POINT('',(-16.748931991637,3.5711390043385,-16.017324569418));
#11117=CARTESIAN_POINT('',(-16.383128280528,3.5211390043385,-16.383128280528));
#11118=CARTESIAN_POINT('',(-16.017324569418,3.4711390043385,-16.748931991637));
#11119=CARTESIAN_POINT('',(-15.5,3.4211390043385,-16.748931991637));
#11120=CARTESIAN_POINT('',(-14.982675430582,3.3711390043385,-16.748931991637));
#11121=CARTESIAN_POINT('',(-14.616871719472,3.3211390043385,-16.383128280528));
#11122=CARTESIAN_POINT('',(-14.251068008363,3.2711390043385,-16.017324569418));
#11123=CARTESIAN_POINT('',(-14.251068008363,3.2211390043385,-15.5));
#11124=CARTESIAN_POINT('',(-14.251068008363,3.1711390043385,-14.982675430582));
#11125=CARTESIAN_POINT('',(-14.616871719472,3.1211390043385,-14.616871719472));
#11126=CARTESIAN_POINT('',(-14.982675430582,3.0711390043385,-14.251068008363));
#11127=CARTESIAN_POINT('',(-15.5,3.0211390043385,-14.251068008363));
#11128=CARTESIAN_POINT('',(-16.017324569418,2.9711390043385,-14.251068008363));
#11129=CARTESIAN_POINT('',(-16.383128280528,2.9211390043385,-14.616871719472));
#11130=CARTESIAN_POINT('',(-16.748931991637,2.8711390043385,-14.982675430582));
#11131=CARTESIAN_POINT('',(-16.748931991637,2.8211390043385,-15.5));
#11132=CARTESIAN_POINT('',(-16.748931991637,2.7711390043385,-16.017324569418));
#11133=CARTESIAN_POINT('',(-16.383128280528,2.7211390043385,-16.383128280528));
#11134=CARTESIAN_POINT('',(-16.017324569418,2.6711390043385,-16.748931991637));
#11135=CARTESIAN_POINT('',(-15.5,2.6211390043385,-16.748931991637));
#11136=CARTESIAN_POINT('',(-14.982675430582,2.5711390043385,-16.748931991637));
#11137=CARTESIAN_POINT('',(-14.616871719472,2.5211390043385,-16.383128280528));
#11138=CARTESIAN_POINT('',(-14.251068008363,2.4711390043385,-16.017324569418));
#11139=CARTESIAN_POINT('',(-14.251068008363,2.4211390043385,-15.5));
#11140=CARTESIAN_POINT('',(-14.251068008363,2.3711390043385,-14.982675430582));
#11141=CARTESIAN_POINT('',(-14.616871719472,2.3211390043385,-14.616871719472));
#11142=CARTESIAN_POINT('',(-14.982675430582,2.2711390043385,-14.251068008363));
#11143=CARTESIAN_POINT('',(-15.5,2.2211390043385,-14.251068008363));
#11144=CARTESIAN_POINT('',(-16.017324569418,2.1711390043385,-14.251068008363));
#11145=CARTESIAN_POINT('',(-16.383128280528,2.1211390043385,-14.616871719472));
#11146=CARTESIAN_POINT('',(-16.748931991637,2.0711390043385,-14.982675430582));
#11147=CARTESIAN_POINT('',(-16.748931991637,2.0211390043385,-15.5));
#11148=CARTESIAN_POINT('',(-16.748931991637,1.9711390043385,-16.017324569418));
#11149=CARTESIAN_POINT('',(-16.383128280528,1.9211390043385,-16.383128280528));
#11150=CARTESIAN_POINT('',(-16.017324569418,1.8711390043385,-16.748931991637));
#11151=CARTESIAN_POINT('',(-15.5,1.8211390043385,-16.748931991637));
#11152=CARTESIAN_POINT('',(-14.982675430582,1.7711390043385,-16.748931991637));
#11153=CARTESIAN_POINT('',(-14.616871719472,1.7211390043385,-16.383128280528));
#11154=CARTESIAN_POINT('',(-14.251068008363,1.6711390043385,-16.017324569418));
#11155=CARTESIAN_POINT('',(-14.251068008363,1.6211390043385,-15.5));
#11156=CARTESIAN_POINT('',(-14.251068008363,1.5711390043385,-14.982675430582));
#11157=CARTESIAN_POINT('',(-14.616871719472,1.5211390043385,-14.616871719472));
#11158=CARTESIAN_POINT('',(-14.982675430582,1.4711390043385,-14.251068008363));
#11159=CARTESIAN_POINT('',(-15.5,1.4211390043385,-14.251068008363));
#11160=CARTESIAN_POINT('',(-16.017324569418,1.3711390043385,-14.251068008363));
#11161=CARTESIAN_POINT('',(-16.383128280528,1.3211390043385,-14.616871719472));
#11162=CARTESIAN_POINT('',(-16.748931991637,1.2711390043385,-14.982675430582));
#11163=CARTESIAN_POINT('',(-16.748931991637,1.2211390043385,-15.5));
#11164=CARTESIAN_POINT('',(-16.748931991637,1.1711390043385,-16.017324569418));
#11165=CARTESIAN_POINT('',(-16.383128280528,1.1211390043385,-16.383128280528));
#11166=CARTESIAN_POINT('',(-16.017324569418,1.0711390043385,-16.748931991637));
#11167=CARTESIAN_POINT('',(-15.5,1.0211390043385,-16.748931991637));
#11168=CARTESIAN_POINT('',(-14.982675430582,0.97113900433851,-16.748931991637));
#11169=CARTESIAN_POINT('',(-14.616871719472,0.92113900433851,-16.383128280528));
#11170=CARTESIAN_POINT('',(-14.251068008363,0.87113900433851,-16.017324569418));
#11171=CARTESIAN_POINT('',(-14.251068008363,0.82113900433851,-15.5));
#11172=CARTESIAN_POINT('',(-14.251068008363,0.77113900433851,-14.982675430582));
#11173=CARTESIAN_POINT('',(-14.616871719472,0.72113900433851,-14.616871719472));
#11174=CARTESIAN_POINT('',(-14.982675430582,0.67113900433851,-14.251068008363));
#11175=CARTESIAN_POINT('',(-15.5,0.62113900433851,-14.251068008363));
#11176=CARTESIAN_POINT('',(-16.017324569418,0.57113900433851,-14.251068008363));
#11177=CARTESIAN_POINT('',(-16.383128280528,0.52113900433851,-14.616871719472));
#11178=CARTESIAN_POINT('',(-16.748931991637,0.47113900433851,-14.982675430582));
#11179=CARTESIAN_POINT('',(-16.748931991637,0.42113900433851,-15.5));
#11180=CARTESIAN_POINT('',(-16.748931991637,0.37113900433851,-16.017324569418));
#11181=CARTESIAN_POINT('',(-16.383128280528,0.32113900433851,-16.383128280528));
#11182=CARTESIAN_POINT('',(-16.017324569418,0.27113900433851,-16.748931991637));
#11183=CARTESIAN_POINT('',(-15.5,0.22113900433851,-16.748931991637));
#11184=CARTESIAN_POINT('',(-15.5,4.6211390043385,-14.001068008363));
#11185=CARTESIAN_POINT('',(-16.120877960011,4.5711390043385,-14.001068008363));
#11186=CARTESIAN_POINT('',(-16.559904975824,4.5211390043385,-14.440095024176));
#11187=CARTESIAN_POINT('',(-16.998931991637,4.4711390043385,-14.879122039989));
#11188=CARTESIAN_POINT('',(-16.998931991637,4.4211390043385,-15.5));
#11189=CARTESIAN_POINT('',(-16.998931991637,4.3711390043385,-16.120877960011));
#11190=CARTESIAN_POINT('',(-16.559904975824,4.3211390043385,-16.559904975824));
#11191=CARTESIAN_POINT('',(-16.120877960011,4.2711390043385,-16.998931991637));
#11192=CARTESIAN_POINT('',(-15.5,4.2211390043385,-16.998931991637));
#11193=CARTESIAN_POINT('',(-14.879122039989,4.1711390043385,-16.998931991637));
#11194=CARTESIAN_POINT('',(-14.440095024176,4.1211390043385,-16.559904975824));
#11195=CARTESIAN_POINT('',(-14.001068008363,4.0711390043385,-16.120877960011));
#11196=CARTESIAN_POINT('',(-14.001068008363,4.0211390043385,-15.5));
#11197=CARTESIAN_POINT('',(-14.001068008363,3.9711390043385,-14.879122039989));
#11198=CARTESIAN_POINT('',(-14.440095024176,3.9211390043385,-14.440095024176));
#11199=CARTESIAN_POINT('',(-14.879122039989,3.8711390043385,-14.001068008363));
#11200=CARTESIAN_POINT('',(-15.5,3.8211390043385,-14.001068008363));
#11201=CARTESIAN_POINT('',(-16.120877960011,3.7711390043385,-14.001068008363));
#11202=CARTESIAN_POINT('',(-16.559904975824,3.7211390043385,-14.440095024176));
#11203=CARTESIAN_POINT('',(-16.998931991637,3.6711390043385,-14.879122039989));
#11204=CARTESIAN_POINT('',(-16.998931991637,3.6211390043385,-15.5));
#11205=CARTESIAN_POINT('',(-16.998931991637,3.5711390043385,-16.120877960011));
#11206=CARTESIAN_POINT('',(-16.559904975824,3.5211390043385,-16.559904975824));
#11207=CARTESIAN_POINT('',(-16.120877960011,3.4711390043385,-16.998931991637));
#11208=CARTESIAN_POINT('',(-15.5,3.4211390043385,-16.998931991637));
#11209=CARTESIAN_POINT('',(-14.879122039989,3.3711390043385,-16.998931991637));
#11210=CARTESIAN_POINT('',(-14.440095024176,3.3211390043385,-16.559904975824));
#11211=CARTESIAN_POINT('',(-14.001068008363,3.2711390043385,-16.120877960011));
#11212=CARTESIAN_POINT('',(-14.001068008363,3.2211390043385,-15.5));
#11213=CARTESIAN_POINT('',(-14.001068008363,3.1711390043385,-14.879122039989));
#11214=CARTESIAN_POINT('',(-14.440095024176,3.1211390043385,-14.440095024176));
#11215=CARTESIAN_POINT('',(-14.879122039989,3.0711390043385,-14.001068008363));
#11216=CARTESIAN_POINT('',(-15.5,3.0211390043385,-14.001068008363));
#11217=CARTESIAN_POINT('',(-16.120877960011,2.9711390043385,-14.001068008363));
#11218=CARTESIAN_POINT('',(-16.559904975824,2.9211390043385,-14.440095024176));
#11219=CARTESIAN_POINT('',(-16.998931991637,2.8711390043385,-14.879122039989));
#11220=CARTESIAN_POINT('',(-16.998931991637,2.8211390043385,-15.5));
#11221=CARTESIAN_POINT('',(-16.998931991637,2.7711390043385,-16.120877960011));
#11222=CARTESIAN_POINT('',(-16.559904975824,2.7211390043385,-16.559904975824));
#11223=CARTESIAN_POINT('',(-16.120877960011,2.6711390043385,-16.998931991637));
#11224=CARTESIAN_POINT('',(-15.5,2.6211390043385,-16.998931991637));
#11225=CARTESIAN_POINT('',(-14.879122039989,2.5711390043385,-16.998931991637));
#11226=CARTESIAN_POINT('',(-14.440095024176,2.5211390043385,-16.559904975824));
#11227=CARTESIAN_POINT('',(-14.001068008363,2.4711390043385,-16.120877960011));
#11228=CARTESIAN_POINT('',(-14.001068008363,2.4211390043385,-15.5));
#11229=CARTESIAN_POINT('',(-14.001068008363,2.3711390043385,-14.879122039989));
#11230=CARTESIAN_POINT('',(-14.440095024176,2.3211390043385,-14.440095024176));
#11231=CARTESIAN_POINT('',(-14.879122039989,2.2711390043385,-14.001068008363));
#11232=CARTESIAN_POINT('',(-15.5,2.2211390043385,-14.001068008363));
#11233=CARTESIAN_POINT('',(-16.120877960011,2.1711390043385,-14.001068008363));
#11234=CARTESIAN_POINT('',(-16.559904975824,2.1211390043385,-14.440095024176));
#11235=CARTESIAN_POINT('',(-16.998931991637,2.0711390043385,-14.879122039989));
#11236=CARTESIAN_POINT('',(-16.998931991637,2.0211390043385,-15.5));
#11237=CARTESIAN_POINT('',(-16.998931991637,1.9711390043385,-16.120877960011));
#11238=CARTESIAN_POINT('',(-16.559904975824,1.9211390043385,-16.559904975824));
#11239=CARTESIAN_POINT('',(-16.120877960011,1.8711390043385,-16.998931991637));
#11240=CARTESIAN_POINT('',(-15.5,1.8211390043385,-16.998931991637));
#11241=CARTESIAN_POINT('',(-14.879122039989,1.7711390043385,-16.998931991637));
#11242=CARTESIAN_POINT('',(-14.440095024176,1.7211390043385,-16.559904975824));
#11243=CARTESIAN_POINT('',(-14.001068008363,1.6711390043385,-16.120877960011));
#11244=CARTESIAN_POINT('',(-14.001068008363,1.6211390043385,-15.5));
#11245=CARTESIAN_POINT('',(-14.001068008363,1.5711390043385,-14.879122039989));
#11246=CARTESIAN_POINT('',(-14.440095024176,1.5211390043385,-14.440095024176));
#11247=CARTESIAN_POINT('',(-14.879122039989,1.4711390043385,-14.001068008363));
#11248=CARTESIAN_POINT('',(-15.5,1.4211390043385,-14.001068008363));
#11249=CARTESIAN_POINT('',(-16.120877960011,1.3711390043385,-14.001068008363));
#11250=CARTESIAN_POINT('',(-16.559904975824,1.3211390043385,-14.440095024176));
#11251=CARTESIAN_POINT('',(-16.998931991637,1.2711390043385,-14.879122039989));
#11252=CARTESIAN_POINT('',(-16.998931991637,1.2211390043385,-15.5));
#11253=CARTESIAN_POINT('',(-16.998931991637,1.1711390043385,-16.120877960011));
#11254=CARTESIAN_POINT('',(-16.559904975824,1.1211390043385,-16.559904975824));
#11255=CARTESIAN_POINT('',(-16.120877960011,1.0711390043385,-16.998931991637));
#11256=CARTESIAN_POINT('',(-15.5,1.0211390043385,-16.998931991637));
#11257=CARTESIAN_POINT('',(-14.879122039989,0.97113900433851,-16.998931991637));
#11258=CARTESIAN_POINT('',(-14.440095024176,0.92113900433851,-16.559904975824));
#11259=CARTESIAN_POINT('',(-14.001068008363,0.87113900433851,-16.120877960011));
#11260=CARTESIAN_POINT('',(-14.001068008363,0.82113900433851,-15.5));
#11261=CARTESIAN_POINT('',(-14.001068008363,0.77113900433851,-14.879122039989));
#11262=CARTESIAN_POINT('',(-14.440095024176,0.72113900433851,-14.440095024176));
#11263=CARTESIAN_POINT('',(-14.879122039989,0.67113900433851,-14.001068008363));
#11264=CARTESIAN_POINT('',(-15.5,0.62113900433851,-14.001068008363));
#11265=CARTESIAN_POINT('',(-16.120877960011,0.57113900433851,-14.001068008363));
#11266=CARTESIAN_POINT('',(-16.559904975824,0.52113900433851,-14.440095024176));
#11267=CARTESIAN_POINT('',(-16.998931991637,0.47113900433851,-14.879122039989));
#11268=CARTESIAN_POINT('',(-16.998931991637,0.42113900433851,-15.5));
#11269=CARTESIAN_POINT('',(-16.998931991637,0.37113900433851,-16.120877960011));
#11270=CARTESIAN_POINT('',(-16.559904975824,0.32113900433851,-16.559904975824));
#11271=CARTESIAN_POINT('',(-16.120877960011,0.27113900433851,-16.998931991637));
#11272=CARTESIAN_POINT('',(-15.5,0.22113900433851,-16.998931991637));
#11273=(BOUNDED_SURFACE()B_SPLINE_SURFACE(1,2,((#11095,#11096,#11097,#11098,#11099,#11100,#11101,#11102,#11103,#11104,#11105,#11106,#11107,#11108,#11109,#11110,#11111,#11112,#11113,#11114,#11115,#11116,#11117,#11118,#11119,#11120,#11121,#11122,#11123,#11124,#11125,#11126,#11127,#11128,#11129,#11130,#11131,#11132,#11133,#11134,#11135,#11136,#11137,#11138,#11139,#11140,#11141,#11142,#11143,#11144,#11145,#11146,#11147,#11148,#11149,#11150,#11151,#11152,#11153,#11154,#11155,#11156,#11157,#11158,#11159,#11160,#11161,#11162,#11163,#11164,#11165,#11166,#11167,#11168,#11169,#11170,#11171,#11172,#11173,#11174,#11175,#11176,#11177,#11178,#11179,#11180,#11181,#11182,#11183),(#11184,#11185,#11186,#11187,#11188,#11189,#11190,#11191,#11192,#11193,#11194,#11195,#11196,#11197,#11198,#11199,#11200,#11201,#11202,#11203,#11204,#11205,#11206,#11207,#11208,#11209,#11210,#11211,#11212,#11213,#11214,#11215,#11216,#11217,#11218,#11219,#11220,#11221,#11222,#11223,#11224,#11225,#11226,#11227,#11228,#11229,#11230,#11231,#11232,#11233,#11234,#11235,#11236,#11237,#11238,#11239,#11240,#11241,#11242,#11243,#11244,#11245,#11246,#11247,#11248,#11249,#11250,#11251,#11252,#11253,#11254,#11255,#11256,#11257,#11258,#11259,#11260,#11261,#11262,#11263,#11264,#11265,#11266,#11267,#11268,#11269,#11270,#11271,#11272)),.UNSPECIFIED.,.F.,.F.,.U.)B_SPLINE_SURFACE_WITH_KNOTS((2,2),(3,2,2,2,2,2,2,2,2,2,2,2,2,2,2,2,2,2,2,2,2,2,2,2,2,2,2,2,2,2,2,2,2,2,2,2,2,2,2,2,2,2,2,2,3),(0.,0.25),(0.,1.0394704615781,2.0789409231563,3.1184113847344,4.1578818463126,5.1973523078907,6.2368227694689,7.276293231047,8.3157636926252,9.3552341542033,10.394704615781,11.43417507736,12.473645538938,13.513116000516,14.552586462094,15.592056923672,16.63152738525,17.670997846829,18.710468308407,19.749938769985,20.789409231563,21.828879693141,22.868350154719,23.907820616297,24.947291077876,25.986761539454,27.026232001032,28.06570246261,29.105172924188,30.144643385766,31.184113847344,32.223584308923,33.263054770501,34.302525232079,35.341995693657,36.381466155235,37.420936616813,38.460407078391,39.49987753997,40.539348001548,41.578818463126,42.618288924704,43.657759386282,44.69722984786,45.736700309439),.UNSPECIFIED.)GEOMETRIC_REPRESENTATION_ITEM()RATIONAL_B_SPLINE_SURFACE(((1.,0.92387953251129,1.,0.92387953251129,1.,0.92387953251129,1.,0.92387953251129,1.,0.92387953251129,1.,0.92387953251129,1.,0.92387953251129,1.,0.92387953251129,1.,0.92387953251129,1.,0.92387953251129,1.,0.92387953251129,1.,0.92387953251129,1.,0.92387953251129,1.,0.92387953251129,1.,0.92387953251129,1.,0.92387953251129,1.,0.92387953251129,1.,0.92387953251129,1.,0.92387953251129,1.,0.92387953251129,1.,0.92387953251129,1.,0.92387953251129,1.,0.92387953251129,1.,0.92387953251129,1.,0.92387953251129,1.,0.92387953251129,1.,0.92387953251129,1.,0.92387953251129,1.,0.92387953251129,1.,0.92387953251129,1.,0.92387953251129,1.,0.92387953251129,1.,0.92387953251129,1.,0.92387953251129,1.,0.92387953251129,1.,0.92387953251129,1.,0.92387953251129,1.,0.92387953251129,1.,0.92387953251129,1.,0.92387953251129,1.,0.92387953251129,1.,0.92387953251129,1.,0.92387953251129,1.,0.92387953251129,1.),(1.,0.92387953251129,1.,0.92387953251129,1.,0.92387953251129,1.,0.92387953251129,1.,0.92387953251129,1.,0.92387953251129,1.,0.92387953251129,1.,0.92387953251129,1.,0.92387953251129,1.,0.92387953251129,1.,0.92387953251129,1.,0.92387953251129,1.,0.92387953251129,1.,0.92387953251129,1.,0.92387953251129,1.,0.92387953251129,1.,0.92387953251129,1.,0.92387953251129,1.,0.92387953251129,1.,0.92387953251129,1.,0.92387953251129,1.,0.92387953251129,1.,0.92387953251129,1.,0.92387953251129,1.,0.92387953251129,1.,0.92387953251129,1.,0.92387953251129,1.,0.92387953251129,1.,0.92387953251129,1.,0.92387953251129,1.,0.92387953251129,1.,0.92387953251129,1.,0.92387953251129,1.,0.92387953251129,1.,0.92387953251129,1.,0.92387953251129,1.,0.92387953251129,1.,0.92387953251129,1.,0.92387953251129,1.,0.92387953251129,1.,0.92387953251129,1.,0.92387953251129,1.,0.92387953251129,1.,0.92387953251129,1.)))REPRESENTATION_ITEM('')SURFACE());
#11274=ORIENTED_EDGE('',*,*,#8464,.F.);
#11275=ORIENTED_EDGE('',*,*,#359,.F.);
#11276=ORIENTED_EDGE('',*,*,#556,.F.);
#11277=ORIENTED_EDGE('',*,*,#311,.F.);
#11278=ORIENTED_EDGE('',*,*,#522,.F.);
#11279=ORIENTED_EDGE('',*,*,#259,.F.);
#11280=ORIENTED_EDGE('',*,*,#488,.F.);
#11281=ORIENTED_EDGE('',*,*,#207,.F.);
#11282=ORIENTED_EDGE('',*,*,#454,.F.);
#11283=ORIENTED_EDGE('',*,*,#155,.F.);
#11284=ORIENTED_EDGE('',*,*,#420,.F.);
#11285=CARTESIAN_POINT('',(-15.5,4.2211390043385,-16.75));
#11286=CARTESIAN_POINT('',(-16.017766952966,4.2711390043385,-16.75));
#11287=CARTESIAN_POINT('',(-16.383883476483,4.3211390043385,-16.383883476483));
#11288=CARTESIAN_POINT('',(-16.75,4.3711390043385,-16.017766952966));
#11289=CARTESIAN_POINT('',(-16.75,4.4211390043385,-15.5));
#11290=CARTESIAN_POINT('',(-16.75,4.4595019547986,-15.102738640669));
#11291=CARTESIAN_POINT('',(-16.520657638309,4.5,-14.778364368008));
#11292=(BOUNDED_CURVE()B_SPLINE_CURVE(2,(#11285,#11286,#11287,#11288,#11289,#11290,#11291),.UNSPECIFIED.,.F.,.U.)B_SPLINE_CURVE_WITH_KNOTS((3,2,2,3),(0.025393808270912,0.046227141604245,0.067060474937579,0.083333333333333),.UNSPECIFIED.)CURVE()GEOMETRIC_REPRESENTATION_ITEM()RATIONAL_B_SPLINE_CURVE((1.,0.92387953251129,1.,0.92387953251129,1.,0.9405425157538,0.9739691807914))REPRESENTATION_ITEM(''));
#11293=EDGE_CURVE('',#403,#10782,#11292,.T.);
#11294=ORIENTED_EDGE('',*,*,#11293,.T.);
#11295=ORIENTED_EDGE('',*,*,#10801,.F.);
#11296=ORIENTED_EDGE('',*,*,#10589,.F.);
#11297=CARTESIAN_POINT('',(-15.5,4.6211390043385,-14.001068008363));
#11298=CARTESIAN_POINT('',(-16.120877960011,4.5711390043385,-14.001068008363));
#11299=CARTESIAN_POINT('',(-16.559904975824,4.5211390043385,-14.440095024176));
#11300=CARTESIAN_POINT('',(-16.998931991637,4.4711390043385,-14.879122039989));
#11301=CARTESIAN_POINT('',(-16.998931991637,4.4211390043385,-15.5));
#11302=CARTESIAN_POINT('',(-16.998931991637,4.3711390043385,-16.120877960011));
#11303=CARTESIAN_POINT('',(-16.559904975824,4.3211390043385,-16.559904975824));
#11304=CARTESIAN_POINT('',(-16.120877960011,4.2711390043385,-16.998931991637));
#11305=CARTESIAN_POINT('',(-15.5,4.2211390043385,-16.998931991637));
#11306=CARTESIAN_POINT('',(-14.879122039989,4.1711390043385,-16.998931991637));
#11307=CARTESIAN_POINT('',(-14.440095024176,4.1211390043385,-16.559904975824));
#11308=CARTESIAN_POINT('',(-14.001068008363,4.0711390043385,-16.120877960011));
#11309=CARTESIAN_POINT('',(-14.001068008363,4.0211390043385,-15.5));
#11310=CARTESIAN_POINT('',(-14.001068008363,3.9711390043385,-14.879122039989));
#11311=CARTESIAN_POINT('',(-14.440095024176,3.9211390043385,-14.440095024176));
#11312=CARTESIAN_POINT('',(-14.879122039989,3.8711390043385,-14.001068008363));
#11313=CARTESIAN_POINT('',(-15.5,3.8211390043385,-14.001068008363));
#11314=CARTESIAN_POINT('',(-16.120877960011,3.7711390043385,-14.001068008363));
#11315=CARTESIAN_POINT('',(-16.559904975824,3.7211390043385,-14.440095024176));
#11316=CARTESIAN_POINT('',(-16.998931991637,3.6711390043385,-14.879122039989));
#11317=CARTESIAN_POINT('',(-16.998931991637,3.6211390043385,-15.5));
#11318=CARTESIAN_POINT('',(-16.998931991637,3.5711390043385,-16.120877960011));
#11319=CARTESIAN_POINT('',(-16.559904975824,3.5211390043385,-16.559904975824));
#11320=CARTESIAN_POINT('',(-16.120877960011,3.4711390043385,-16.998931991637));
#11321=CARTESIAN_POINT('',(-15.5,3.4211390043385,-16.998931991637));
#11322=CARTESIAN_POINT('',(-14.879122039989,3.3711390043385,-16.998931991637));
#11323=CARTESIAN_POINT('',(-14.440095024176,3.3211390043385,-16.559904975824));
#11324=CARTESIAN_POINT('',(-14.001068008363,3.2711390043385,-16.120877960011));
#11325=CARTESIAN_POINT('',(-14.001068008363,3.2211390043385,-15.5));
#11326=CARTESIAN_POINT('',(-14.001068008363,3.1711390043385,-14.879122039989));
#11327=CARTESIAN_POINT('',(-14.440095024176,3.1211390043385,-14.440095024176));
#11328=CARTESIAN_POINT('',(-14.879122039989,3.0711390043385,-14.001068008363));
#11329=CARTESIAN_POINT('',(-15.5,3.0211390043385,-14.001068008363));
#11330=CARTESIAN_POINT('',(-16.120877960011,2.9711390043385,-14.001068008363));
#11331=CARTESIAN_POINT('',(-16.559904975824,2.9211390043385,-14.440095024176));
#11332=CARTESIAN_POINT('',(-16.998931991637,2.8711390043385,-14.879122039989));
#11333=CARTESIAN_POINT('',(-16.998931991637,2.8211390043385,-15.5));
#11334=CARTESIAN_POINT('',(-16.998931991637,2.7711390043385,-16.120877960011));
#11335=CARTESIAN_POINT('',(-16.559904975824,2.7211390043385,-16.559904975824));
#11336=CARTESIAN_POINT('',(-16.120877960011,2.6711390043385,-16.998931991637));
#11337=CARTESIAN_POINT('',(-15.5,2.6211390043385,-16.998931991637));
#11338=CARTESIAN_POINT('',(-14.879122039989,2.5711390043385,-16.998931991637));
#11339=CARTESIAN_POINT('',(-14.440095024176,2.5211390043385,-16.559904975824));
#11340=CARTESIAN_POINT('',(-14.001068008363,2.4711390043385,-16.120877960011));
#11341=CARTESIAN_POINT('',(-14.001068008363,2.4211390043385,-15.5));
#11342=CARTESIAN_POINT('',(-14.001068008363,2.3711390043385,-14.879122039989));
#11343=CARTESIAN_POINT('',(-14.440095024176,2.3211390043385,-14.440095024176));
#11344=CARTESIAN_POINT('',(-14.879122039989,2.2711390043385,-14.001068008363));
#11345=CARTESIAN_POINT('',(-15.5,2.2211390043385,-14.001068008363));
#11346=CARTESIAN_POINT('',(-16.120877960011,2.1711390043385,-14.001068008363));
#11347=CARTESIAN_POINT('',(-16.559904975824,2.1211390043385,-14.440095024176));
#11348=CARTESIAN_POINT('',(-16.998931991637,2.0711390043385,-14.879122039989));
#11349=CARTESIAN_POINT('',(-16.998931991637,2.0211390043385,-15.5));
#11350=CARTESIAN_POINT('',(-16.998931991637,1.9711390043385,-16.120877960011));
#11351=CARTESIAN_POINT('',(-16.559904975824,1.9211390043385,-16.559904975824));
#11352=CARTESIAN_POINT('',(-16.120877960011,1.8711390043385,-16.998931991637));
#11353=CARTESIAN_POINT('',(-15.5,1.8211390043385,-16.998931991637));
#11354=CARTESIAN_POINT('',(-14.879122039989,1.7711390043385,-16.998931991637));
#11355=CARTESIAN_POINT('',(-14.440095024176,1.7211390043385,-16.559904975824));
#11356=CARTESIAN_POINT('',(-14.001068008363,1.6711390043385,-16.120877960011));
#11357=CARTESIAN_POINT('',(-14.001068008363,1.6211390043385,-15.5));
#11358=CARTESIAN_POINT('',(-14.001068008363,1.5711390043385,-14.879122039989));
#11359=CARTESIAN_POINT('',(-14.440095024176,1.5211390043385,-14.440095024176));
#11360=CARTESIAN_POINT('',(-14.879122039989,1.4711390043385,-14.001068008363));
#11361=CARTESIAN_POINT('',(-15.5,1.4211390043385,-14.001068008363));
#11362=CARTESIAN_POINT('',(-16.120877960011,1.3711390043385,-14.001068008363));
#11363=CARTESIAN_POINT('',(-16.559904975824,1.3211390043385,-14.440095024176));
#11364=CARTESIAN_POINT('',(-16.998931991637,1.2711390043385,-14.879122039989));
#11365=CARTESIAN_POINT('',(-16.998931991637,1.2211390043385,-15.5));
#11366=CARTESIAN_POINT('',(-16.998931991637,1.1711390043385,-16.120877960011));
#11367=CARTESIAN_POINT('',(-16.559904975824,1.1211390043385,-16.559904975824));
#11368=CARTESIAN_POINT('',(-16.120877960011,1.0711390043385,-16.998931991637));
#11369=CARTESIAN_POINT('',(-15.5,1.0211390043385,-16.998931991637));
#11370=CARTESIAN_POINT('',(-14.879122039989,0.97113900433851,-16.998931991637));
#11371=CARTESIAN_POINT('',(-14.440095024176,0.92113900433851,-16.559904975824));
#11372=CARTESIAN_POINT('',(-14.001068008363,0.87113900433851,-16.120877960011));
#11373=CARTESIAN_POINT('',(-14.001068008363,0.82113900433851,-15.5));
#11374=CARTESIAN_POINT('',(-14.001068008363,0.77113900433851,-14.879122039989));
#11375=CARTESIAN_POINT('',(-14.440095024176,0.72113900433851,-14.440095024176));
#11376=CARTESIAN_POINT('',(-14.879122039989,0.67113900433851,-14.001068008363));
#11377=CARTESIAN_POINT('',(-15.5,0.62113900433851,-14.001068008363));
#11378=CARTESIAN_POINT('',(-16.120877960011,0.57113900433851,-14.001068008363));
#11379=CARTESIAN_POINT('',(-16.559904975824,0.52113900433851,-14.440095024176));
#11380=CARTESIAN_POINT('',(-16.650198273437,0.51085566249847,-14.530388321788));
#11381=CARTESIAN_POINT('',(-16.723917109257,0.5,-14.634653811921));
#11382=(BOUNDED_CURVE()B_SPLINE_CURVE(2,(#11297,#11298,#11299,#11300,#11301,#11302,#11303,#11304,#11305,#11306,#11307,#11308,#11309,#11310,#11311,#11312,#11313,#11314,#11315,#11316,#11317,#11318,#11319,#11320,#11321,#11322,#11323,#11324,#11325,#11326,#11327,#11328,#11329,#11330,#11331,#11332,#11333,#11334,#11335,#11336,#11337,#11338,#11339,#11340,#11341,#11342,#11343,#11344,#11345,#11346,#11347,#11348,#11349,#11350,#11351,#11352,#11353,#11354,#11355,#11356,#11357,#11358,#11359,#11360,#11361,#11362,#11363,#11364,#11365,#11366,#11367,#11368,#11369,#11370,#11371,#11372,#11373,#11374,#11375,#11376,#11377,#11378,#11379,#11380,#11381),.UNSPECIFIED.,.F.,.U.)B_SPLINE_CURVE_WITH_KNOTS((3,2,2,2,2,2,2,2,2,2,2,2,2,2,2,2,2,2,2,2,2,2,2,2,2,2,2,2,2,2,2,2,2,2,2,2,2,2,2,2,2,2,3),(0.057939525062768,0.078772858396101,0.099606191729435,0.12043952506277,0.1412728583961,0.16210619172943,0.18293952506277,0.2037728583961,0.22460619172943,0.24543952506277,0.2662728583961,0.28710619172943,0.30793952506277,0.3287728583961,0.34960619172943,0.37043952506277,0.3912728583961,0.41210619172943,0.43293952506277,0.4537728583961,0.47460619172943,0.49543952506277,0.5162728583961,0.53710619172943,0.55793952506277,0.5787728583961,0.59960619172943,0.62043952506277,0.6412728583961,0.66210619172943,0.68293952506277,0.7037728583961,0.72460619172943,0.74543952506277,0.7662728583961,0.78710619172943,0.80793952506277,0.8287728583961,0.84960619172943,0.87043952506277,0.8912728583961,0.91210619172943,0.91666666666667),.UNSPECIFIED.)CURVE()GEOMETRIC_REPRESENTATION_ITEM()RATIONAL_B_SPLINE_CURVE((1.,0.92387953251129,1.,0.92387953251129,1.,0.92387953251129,1.,0.92387953251129,1.,0.92387953251129,1.,0.92387953251129,1.,0.92387953251129,1.,0.92387953251129,1.,0.92387953251129,1.,0.92387953251129,1.,0.92387953251129,1.,0.92387953251129,1.,0.92387953251129,1.,0.92387953251129,1.,0.92387953251129,1.,0.92387953251129,1.,0.92387953251129,1.,0.92387953251129,1.,0.92387953251129,1.,0.92387953251129,1.,0.92387953251129,1.,0.92387953251129,1.,0.92387953251129,1.,0.92387953251129,1.,0.92387953251129,1.,0.92387953251129,1.,0.92387953251129,1.,0.92387953251129,1.,0.92387953251129,1.,0.92387953251129,1.,0.92387953251129,1.,0.92387953251129,1.,0.92387953251129,1.,0.92387953251129,1.,0.92387953251129,1.,0.92387953251129,1.,0.92387953251129,1.,0.92387953251129,1.,0.92387953251129,1.,0.92387953251129,1.,0.92387953251129,1.,0.98333701675875,0.97396918079282))REPRESENTATION_ITEM(''));
#11383=EDGE_CURVE('',#10574,#8459,#11382,.T.);
#11384=ORIENTED_EDGE('',*,*,#11383,.T.);
#11385=EDGE_LOOP('',(#11274,#11275,#11276,#11277,#11278,#11279,#11280,#11281,#11282,#11283,#11284,#11294,#11295,#11296,#11384));
#11386=FACE_OUTER_BOUND('',#11385,.T.);
#11387=ADVANCED_FACE('',(#11386),#11273,.T.);
#11388=CARTESIAN_POINT('',(-15.5,4.6211390043385,-14.001068008363));
#11389=CARTESIAN_POINT('',(-16.120877960011,4.5711390043385,-14.001068008363));
#11390=CARTESIAN_POINT('',(-16.559904975824,4.5211390043385,-14.440095024176));
#11391=CARTESIAN_POINT('',(-16.998931991637,4.4711390043385,-14.879122039989));
#11392=CARTESIAN_POINT('',(-16.998931991637,4.4211390043385,-15.5));
#11393=CARTESIAN_POINT('',(-16.998931991637,4.3711390043385,-16.120877960011));
#11394=CARTESIAN_POINT('',(-16.559904975824,4.3211390043385,-16.559904975824));
#11395=CARTESIAN_POINT('',(-16.120877960011,4.2711390043385,-16.998931991637));
#11396=CARTESIAN_POINT('',(-15.5,4.2211390043385,-16.998931991637));
#11397=CARTESIAN_POINT('',(-14.879122039989,4.1711390043385,-16.998931991637));
#11398=CARTESIAN_POINT('',(-14.440095024176,4.1211390043385,-16.559904975824));
#11399=CARTESIAN_POINT('',(-14.001068008363,4.0711390043385,-16.120877960011));
#11400=CARTESIAN_POINT('',(-14.001068008363,4.0211390043385,-15.5));
#11401=CARTESIAN_POINT('',(-14.001068008363,3.9711390043385,-14.879122039989));
#11402=CARTESIAN_POINT('',(-14.440095024176,3.9211390043385,-14.440095024176));
#11403=CARTESIAN_POINT('',(-14.879122039989,3.8711390043385,-14.001068008363));
#11404=CARTESIAN_POINT('',(-15.5,3.8211390043385,-14.001068008363));
#11405=CARTESIAN_POINT('',(-16.120877960011,3.7711390043385,-14.001068008363));
#11406=CARTESIAN_POINT('',(-16.559904975824,3.7211390043385,-14.440095024176));
#11407=CARTESIAN_POINT('',(-16.998931991637,3.6711390043385,-14.879122039989));
#11408=CARTESIAN_POINT('',(-16.998931991637,3.6211390043385,-15.5));
#11409=CARTESIAN_POINT('',(-16.998931991637,3.5711390043385,-16.120877960011));
#11410=CARTESIAN_POINT('',(-16.559904975824,3.5211390043385,-16.559904975824));
#11411=CARTESIAN_POINT('',(-16.120877960011,3.4711390043385,-16.998931991637));
#11412=CARTESIAN_POINT('',(-15.5,3.4211390043385,-16.998931991637));
#11413=CARTESIAN_POINT('',(-14.879122039989,3.3711390043385,-16.998931991637));
#11414=CARTESIAN_POINT('',(-14.440095024176,3.3211390043385,-16.559904975824));
#11415=CARTESIAN_POINT('',(-14.001068008363,3.2711390043385,-16.120877960011));
#11416=CARTESIAN_POINT('',(-14.001068008363,3.2211390043385,-15.5));
#11417=CARTESIAN_POINT('',(-14.001068008363,3.1711390043385,-14.879122039989));
#11418=CARTESIAN_POINT('',(-14.440095024176,3.1211390043385,-14.440095024176));
#11419=CARTESIAN_POINT('',(-14.879122039989,3.0711390043385,-14.001068008363));
#11420=CARTESIAN_POINT('',(-15.5,3.0211390043385,-14.001068008363));
#11421=CARTESIAN_POINT('',(-16.120877960011,2.9711390043385,-14.001068008363));
#11422=CARTESIAN_POINT('',(-16.559904975824,2.9211390043385,-14.440095024176));
#11423=CARTESIAN_POINT('',(-16.998931991637,2.8711390043385,-14.879122039989));
#11424=CARTESIAN_POINT('',(-16.998931991637,2.8211390043385,-15.5));
#11425=CARTESIAN_POINT('',(-16.998931991637,2.7711390043385,-16.120877960011));
#11426=CARTESIAN_POINT('',(-16.559904975824,2.7211390043385,-16.559904975824));
#11427=CARTESIAN_POINT('',(-16.120877960011,2.6711390043385,-16.998931991637));
#11428=CARTESIAN_POINT('',(-15.5,2.6211390043385,-16.998931991637));
#11429=CARTESIAN_POINT('',(-14.879122039989,2.5711390043385,-16.998931991637));
#11430=CARTESIAN_POINT('',(-14.440095024176,2.5211390043385,-16.559904975824));
#11431=CARTESIAN_POINT('',(-14.001068008363,2.4711390043385,-16.120877960011));
#11432=CARTESIAN_POINT('',(-14.001068008363,2.4211390043385,-15.5));
#11433=CARTESIAN_POINT('',(-14.001068008363,2.3711390043385,-14.879122039989));
#11434=CARTESIAN_POINT('',(-14.440095024176,2.3211390043385,-14.440095024176));
#11435=CARTESIAN_POINT('',(-14.879122039989,2.2711390043385,-14.001068008363));
#11436=CARTESIAN_POINT('',(-15.5,2.2211390043385,-14.001068008363));
#11437=CARTESIAN_POINT('',(-16.120877960011,2.1711390043385,-14.001068008363));
#11438=CARTESIAN_POINT('',(-16.559904975824,2.1211390043385,-14.440095024176));
#11439=CARTESIAN_POINT('',(-16.998931991637,2.0711390043385,-14.879122039989));
#11440=CARTESIAN_POINT('',(-16.998931991637,2.0211390043385,-15.5));
#11441=CARTESIAN_POINT('',(-16.998931991637,1.9711390043385,-16.120877960011));
#11442=CARTESIAN_POINT('',(-16.559904975824,1.9211390043385,-16.559904975824));
#11443=CARTESIAN_POINT('',(-16.120877960011,1.8711390043385,-16.998931991637));
#11444=CARTESIAN_POINT('',(-15.5,1.8211390043385,-16.998931991637));
#11445=CARTESIAN_POINT('',(-14.879122039989,1.7711390043385,-16.998931991637));
#11446=CARTESIAN_POINT('',(-14.440095024176,1.7211390043385,-16.559904975824));
#11447=CARTESIAN_POINT('',(-14.001068008363,1.6711390043385,-16.120877960011));
#11448=CARTESIAN_POINT('',(-14.001068008363,1.6211390043385,-15.5));
#11449=CARTESIAN_POINT('',(-14.001068008363,1.5711390043385,-14.879122039989));
#11450=CARTESIAN_POINT('',(-14.440095024176,1.5211390043385,-14.440095024176));
#11451=CARTESIAN_POINT('',(-14.879122039989,1.4711390043385,-14.001068008363));
#11452=CARTESIAN_POINT('',(-15.5,1.4211390043385,-14.001068008363));
#11453=CARTESIAN_POINT('',(-16.120877960011,1.3711390043385,-14.001068008363));
#11454=CARTESIAN_POINT('',(-16.559904975824,1.3211390043385,-14.440095024176));
#11455=CARTESIAN_POINT('',(-16.998931991637,1.2711390043385,-14.879122039989));
#11456=CARTESIAN_POINT('',(-16.998931991637,1.2211390043385,-15.5));
#11457=CARTESIAN_POINT('',(-16.998931991637,1.1711390043385,-16.120877960011));
#11458=CARTESIAN_POINT('',(-16.559904975824,1.1211390043385,-16.559904975824));
#11459=CARTESIAN_POINT('',(-16.120877960011,1.0711390043385,-16.998931991637));
#11460=CARTESIAN_POINT('',(-15.5,1.0211390043385,-16.998931991637));
#11461=CARTESIAN_POINT('',(-14.879122039989,0.97113900433851,-16.998931991637));
#11462=CARTESIAN_POINT('',(-14.440095024176,0.92113900433851,-16.559904975824));
#11463=CARTESIAN_POINT('',(-14.001068008363,0.87113900433851,-16.120877960011));
#11464=CARTESIAN_POINT('',(-14.001068008363,0.82113900433851,-15.5));
#11465=CARTESIAN_POINT('',(-14.001068008363,0.77113900433851,-14.879122039989));
#11466=CARTESIAN_POINT('',(-14.440095024176,0.72113900433851,-14.440095024176));
#11467=CARTESIAN_POINT('',(-14.879122039989,0.67113900433851,-14.001068008363));
#11468=CARTESIAN_POINT('',(-15.5,0.62113900433851,-14.001068008363));
#11469=CARTESIAN_POINT('',(-16.120877960011,0.57113900433851,-14.001068008363));
#11470=CARTESIAN_POINT('',(-16.559904975824,0.52113900433851,-14.440095024176));
#11471=CARTESIAN_POINT('',(-16.998931991637,0.47113900433851,-14.879122039989));
#11472=CARTESIAN_POINT('',(-16.998931991637,0.42113900433851,-15.5));
#11473=CARTESIAN_POINT('',(-16.998931991637,0.37113900433851,-16.120877960011));
#11474=CARTESIAN_POINT('',(-16.559904975824,0.32113900433851,-16.559904975824));
#11475=CARTESIAN_POINT('',(-16.120877960011,0.27113900433851,-16.998931991637));
#11476=CARTESIAN_POINT('',(-15.5,0.22113900433851,-16.998931991637));
#11477=CARTESIAN_POINT('',(-15.5,4.1788609956615,-14.001068008363));
#11478=CARTESIAN_POINT('',(-16.120877960011,4.1288609956615,-14.001068008363));
#11479=CARTESIAN_POINT('',(-16.559904975824,4.0788609956615,-14.440095024176));
#11480=CARTESIAN_POINT('',(-16.998931991637,4.0288609956615,-14.879122039989));
#11481=CARTESIAN_POINT('',(-16.998931991637,3.9788609956615,-15.5));
#11482=CARTESIAN_POINT('',(-16.998931991637,3.9288609956615,-16.120877960011));
#11483=CARTESIAN_POINT('',(-16.559904975824,3.8788609956615,-16.559904975824));
#11484=CARTESIAN_POINT('',(-16.120877960011,3.8288609956615,-16.998931991637));
#11485=CARTESIAN_POINT('',(-15.5,3.7788609956615,-16.998931991637));
#11486=CARTESIAN_POINT('',(-14.879122039989,3.7288609956615,-16.998931991637));
#11487=CARTESIAN_POINT('',(-14.440095024176,3.6788609956615,-16.559904975824));
#11488=CARTESIAN_POINT('',(-14.001068008363,3.6288609956615,-16.120877960011));
#11489=CARTESIAN_POINT('',(-14.001068008363,3.5788609956615,-15.5));
#11490=CARTESIAN_POINT('',(-14.001068008363,3.5288609956615,-14.879122039989));
#11491=CARTESIAN_POINT('',(-14.440095024176,3.4788609956615,-14.440095024176));
#11492=CARTESIAN_POINT('',(-14.879122039989,3.4288609956615,-14.001068008363));
#11493=CARTESIAN_POINT('',(-15.5,3.3788609956615,-14.001068008363));
#11494=CARTESIAN_POINT('',(-16.120877960011,3.3288609956615,-14.001068008363));
#11495=CARTESIAN_POINT('',(-16.559904975824,3.2788609956615,-14.440095024176));
#11496=CARTESIAN_POINT('',(-16.998931991637,3.2288609956615,-14.879122039989));
#11497=CARTESIAN_POINT('',(-16.998931991637,3.1788609956615,-15.5));
#11498=CARTESIAN_POINT('',(-16.998931991637,3.1288609956615,-16.120877960011));
#11499=CARTESIAN_POINT('',(-16.559904975824,3.0788609956615,-16.559904975824));
#11500=CARTESIAN_POINT('',(-16.120877960011,3.0288609956615,-16.998931991637));
#11501=CARTESIAN_POINT('',(-15.5,2.9788609956615,-16.998931991637));
#11502=CARTESIAN_POINT('',(-14.879122039989,2.9288609956615,-16.998931991637));
#11503=CARTESIAN_POINT('',(-14.440095024176,2.8788609956615,-16.559904975824));
#11504=CARTESIAN_POINT('',(-14.001068008363,2.8288609956615,-16.120877960011));
#11505=CARTESIAN_POINT('',(-14.001068008363,2.7788609956615,-15.5));
#11506=CARTESIAN_POINT('',(-14.001068008363,2.7288609956615,-14.879122039989));
#11507=CARTESIAN_POINT('',(-14.440095024176,2.6788609956615,-14.440095024176));
#11508=CARTESIAN_POINT('',(-14.879122039989,2.6288609956615,-14.001068008363));
#11509=CARTESIAN_POINT('',(-15.5,2.5788609956615,-14.001068008363));
#11510=CARTESIAN_POINT('',(-16.120877960011,2.5288609956615,-14.001068008363));
#11511=CARTESIAN_POINT('',(-16.559904975824,2.4788609956615,-14.440095024176));
#11512=CARTESIAN_POINT('',(-16.998931991637,2.4288609956615,-14.879122039989));
#11513=CARTESIAN_POINT('',(-16.998931991637,2.3788609956615,-15.5));
#11514=CARTESIAN_POINT('',(-16.998931991637,2.3288609956615,-16.120877960011));
#11515=CARTESIAN_POINT('',(-16.559904975824,2.2788609956615,-16.559904975824));
#11516=CARTESIAN_POINT('',(-16.120877960011,2.2288609956615,-16.998931991637));
#11517=CARTESIAN_POINT('',(-15.5,2.1788609956615,-16.998931991637));
#11518=CARTESIAN_POINT('',(-14.879122039989,2.1288609956615,-16.998931991637));
#11519=CARTESIAN_POINT('',(-14.440095024176,2.0788609956615,-16.559904975824));
#11520=CARTESIAN_POINT('',(-14.001068008363,2.0288609956615,-16.120877960011));
#11521=CARTESIAN_POINT('',(-14.001068008363,1.9788609956615,-15.5));
#11522=CARTESIAN_POINT('',(-14.001068008363,1.9288609956615,-14.879122039989));
#11523=CARTESIAN_POINT('',(-14.440095024176,1.8788609956615,-14.440095024176));
#11524=CARTESIAN_POINT('',(-14.879122039989,1.8288609956615,-14.001068008363));
#11525=CARTESIAN_POINT('',(-15.5,1.7788609956615,-14.001068008363));
#11526=CARTESIAN_POINT('',(-16.120877960011,1.7288609956615,-14.001068008363));
#11527=CARTESIAN_POINT('',(-16.559904975824,1.6788609956615,-14.440095024176));
#11528=CARTESIAN_POINT('',(-16.998931991637,1.6288609956615,-14.879122039989));
#11529=CARTESIAN_POINT('',(-16.998931991637,1.5788609956615,-15.5));
#11530=CARTESIAN_POINT('',(-16.998931991637,1.5288609956615,-16.120877960011));
#11531=CARTESIAN_POINT('',(-16.559904975824,1.4788609956615,-16.559904975824));
#11532=CARTESIAN_POINT('',(-16.120877960011,1.4288609956615,-16.998931991637));
#11533=CARTESIAN_POINT('',(-15.5,1.3788609956615,-16.998931991637));
#11534=CARTESIAN_POINT('',(-14.879122039989,1.3288609956615,-16.998931991637));
#11535=CARTESIAN_POINT('',(-14.440095024176,1.2788609956615,-16.559904975824));
#11536=CARTESIAN_POINT('',(-14.001068008363,1.2288609956615,-16.120877960011));
#11537=CARTESIAN_POINT('',(-14.001068008363,1.1788609956615,-15.5));
#11538=CARTESIAN_POINT('',(-14.001068008363,1.1288609956615,-14.879122039989));
#11539=CARTESIAN_POINT('',(-14.440095024176,1.0788609956615,-14.440095024176));
#11540=CARTESIAN_POINT('',(-14.879122039989,1.0288609956615,-14.001068008363));
#11541=CARTESIAN_POINT('',(-15.5,0.97886099566149,-14.001068008363));
#11542=CARTESIAN_POINT('',(-16.120877960011,0.92886099566149,-14.001068008363));
#11543=CARTESIAN_POINT('',(-16.559904975824,0.87886099566149,-14.440095024176));
#11544=CARTESIAN_POINT('',(-16.998931991637,0.82886099566149,-14.879122039989));
#11545=CARTESIAN_POINT('',(-16.998931991637,0.77886099566149,-15.5));
#11546=CARTESIAN_POINT('',(-16.998931991637,0.72886099566149,-16.120877960011));
#11547=CARTESIAN_POINT('',(-16.559904975824,0.67886099566149,-16.559904975824));
#11548=CARTESIAN_POINT('',(-16.120877960011,0.62886099566149,-16.998931991637));
#11549=CARTESIAN_POINT('',(-15.5,0.57886099566149,-16.998931991637));
#11550=CARTESIAN_POINT('',(-14.879122039989,0.52886099566149,-16.998931991637));
#11551=CARTESIAN_POINT('',(-14.440095024176,0.47886099566149,-16.559904975824));
#11552=CARTESIAN_POINT('',(-14.001068008363,0.42886099566149,-16.120877960011));
#11553=CARTESIAN_POINT('',(-14.001068008363,0.37886099566149,-15.5));
#11554=CARTESIAN_POINT('',(-14.001068008363,0.32886099566149,-14.879122039989));
#11555=CARTESIAN_POINT('',(-14.440095024176,0.27886099566149,-14.440095024176));
#11556=CARTESIAN_POINT('',(-14.879122039989,0.22886099566149,-14.001068008363));
#11557=CARTESIAN_POINT('',(-15.5,0.17886099566149,-14.001068008363));
#11558=CARTESIAN_POINT('',(-16.120877960011,0.12886099566149,-14.001068008363));
#11559=CARTESIAN_POINT('',(-16.559904975824,0.078860995661489,-14.440095024176));
#11560=CARTESIAN_POINT('',(-16.998931991637,0.028860995661489,-14.879122039989));
#11561=CARTESIAN_POINT('',(-16.998931991637,-0.021139004338511,-15.5));
#11562=CARTESIAN_POINT('',(-16.998931991637,-0.071139004338511,-16.120877960011));
#11563=CARTESIAN_POINT('',(-16.559904975824,-0.12113900433851,-16.559904975824));
#11564=CARTESIAN_POINT('',(-16.120877960011,-0.17113900433851,-16.998931991637));
#11565=CARTESIAN_POINT('',(-15.5,-0.22113900433851,-16.998931991637));
#11566=(BOUNDED_SURFACE()B_SPLINE_SURFACE(1,2,((#11388,#11389,#11390,#11391,#11392,#11393,#11394,#11395,#11396,#11397,#11398,#11399,#11400,#11401,#11402,#11403,#11404,#11405,#11406,#11407,#11408,#11409,#11410,#11411,#11412,#11413,#11414,#11415,#11416,#11417,#11418,#11419,#11420,#11421,#11422,#11423,#11424,#11425,#11426,#11427,#11428,#11429,#11430,#11431,#11432,#11433,#11434,#11435,#11436,#11437,#11438,#11439,#11440,#11441,#11442,#11443,#11444,#11445,#11446,#11447,#11448,#11449,#11450,#11451,#11452,#11453,#11454,#11455,#11456,#11457,#11458,#11459,#11460,#11461,#11462,#11463,#11464,#11465,#11466,#11467,#11468,#11469,#11470,#11471,#11472,#11473,#11474,#11475,#11476),(#11477,#11478,#11479,#11480,#11481,#11482,#11483,#11484,#11485,#11486,#11487,#11488,#11489,#11490,#11491,#11492,#11493,#11494,#11495,#11496,#11497,#11498,#11499,#11500,#11501,#11502,#11503,#11504,#11505,#11506,#11507,#11508,#11509,#11510,#11511,#11512,#11513,#11514,#11515,#11516,#11517,#11518,#11519,#11520,#11521,#11522,#11523,#11524,#11525,#11526,#11527,#11528,#11529,#11530,#11531,#11532,#11533,#11534,#11535,#11536,#11537,#11538,#11539,#11540,#11541,#11542,#11543,#11544,#11545,#11546,#11547,#11548,#11549,#11550,#11551,#11552,#11553,#11554,#11555,#11556,#11557,#11558,#11559,#11560,#11561,#11562,#11563,#11564,#11565)),.UNSPECIFIED.,.F.,.F.,.U.)B_SPLINE_SURFACE_WITH_KNOTS((2,2),(3,2,2,2,2,2,2,2,2,2,2,2,2,2,2,2,2,2,2,2,2,2,2,2,2,2,2,2,2,2,2,2,2,2,2,2,2,2,2,2,2,2,2,2,3),(0.,0.44227800867702),(0.,1.2457759689889,2.4915519379779,3.7373279069668,4.9831038759558,6.2288798449447,7.4746558139337,8.7204317829226,9.9662077519115,11.2119837209,12.457759689889,13.703535658878,14.949311627867,16.195087596856,17.440863565845,18.686639534834,19.932415503823,21.178191472812,22.423967441801,23.66974341079,24.915519379779,26.161295348768,27.407071317757,28.652847286746,29.898623255735,31.144399224724,32.390175193713,33.635951162701,34.88172713169,36.127503100679,37.373279069668,38.619055038657,39.864831007646,41.110606976635,42.356382945624,43.602158914613,44.847934883602,46.093710852591,47.33948682158,48.585262790569,49.831038759558,51.076814728547,52.322590697536,53.568366666525,54.814142635513),.UNSPECIFIED.)GEOMETRIC_REPRESENTATION_ITEM()RATIONAL_B_SPLINE_SURFACE(((1.,0.92387953251129,1.,0.92387953251129,1.,0.92387953251129,1.,0.92387953251129,1.,0.92387953251129,1.,0.92387953251129,1.,0.92387953251129,1.,0.92387953251129,1.,0.92387953251129,1.,0.92387953251129,1.,0.92387953251129,1.,0.92387953251129,1.,0.92387953251129,1.,0.92387953251129,1.,0.92387953251129,1.,0.92387953251129,1.,0.92387953251129,1.,0.92387953251129,1.,0.92387953251129,1.,0.92387953251129,1.,0.92387953251129,1.,0.92387953251129,1.,0.92387953251129,1.,0.92387953251129,1.,0.92387953251129,1.,0.92387953251129,1.,0.92387953251129,1.,0.92387953251129,1.,0.92387953251129,1.,0.92387953251129,1.,0.92387953251129,1.,0.92387953251129,1.,0.92387953251129,1.,0.92387953251129,1.,0.92387953251129,1.,0.92387953251129,1.,0.92387953251129,1.,0.92387953251129,1.,0.92387953251129,1.,0.92387953251129,1.,0.92387953251129,1.,0.92387953251129,1.,0.92387953251129,1.,0.92387953251129,1.),(1.,0.92387953251129,1.,0.92387953251129,1.,0.92387953251129,1.,0.92387953251129,1.,0.92387953251129,1.,0.92387953251129,1.,0.92387953251129,1.,0.92387953251129,1.,0.92387953251129,1.,0.92387953251129,1.,0.92387953251129,1.,0.92387953251129,1.,0.92387953251129,1.,0.92387953251129,1.,0.92387953251129,1.,0.92387953251129,1.,0.92387953251129,1.,0.92387953251129,1.,0.92387953251129,1.,0.92387953251129,1.,0.92387953251129,1.,0.92387953251129,1.,0.92387953251129,1.,0.92387953251129,1.,0.92387953251129,1.,0.92387953251129,1.,0.92387953251129,1.,0.92387953251129,1.,0.92387953251129,1.,0.92387953251129,1.,0.92387953251129,1.,0.92387953251129,1.,0.92387953251129,1.,0.92387953251129,1.,0.92387953251129,1.,0.92387953251129,1.,0.92387953251129,1.,0.92387953251129,1.,0.92387953251129,1.,0.92387953251129,1.,0.92387953251129,1.,0.92387953251129,1.,0.92387953251129,1.,0.92387953251129,1.)))REPRESENTATION_ITEM('')SURFACE());
#11567=ORIENTED_EDGE('',*,*,#8493,.F.);
#11568=ORIENTED_EDGE('',*,*,#11383,.F.);
#11569=ORIENTED_EDGE('',*,*,#10580,.F.);
#11570=ORIENTED_EDGE('',*,*,#11079,.F.);
#11571=EDGE_LOOP('',(#11567,#11568,#11569,#11570));
#11572=FACE_OUTER_BOUND('',#11571,.T.);
#11573=ADVANCED_FACE('',(#11572),#11566,.T.);
#11574=CARTESIAN_POINT('',(-15.5,4.5,-15.5));
#11575=DIRECTION('',(-0.81652613909219,0.,0.5773084653625));
#11576=DIRECTION('',(0.,-1.,0.));
#11577=AXIS2_PLACEMENT_3D('',#11574,#11576,#11575);
#11578=CYLINDRICAL_SURFACE('',#11577,1.25);
#11579=ORIENTED_EDGE('',*,*,#408,.F.);
#11580=ORIENTED_EDGE('',*,*,#10817,.F.);
#11581=ORIENTED_EDGE('',*,*,#11293,.F.);
#11582=EDGE_LOOP('',(#11579,#11580,#11581));
#11583=FACE_OUTER_BOUND('',#11582,.T.);
#11584=ADVANCED_FACE('',(#11583),#11578,.F.);
#11585=CARTESIAN_POINT('',(-3.5527136788005E-15,-11.5,5.0182080713057E-14));
#11586=DIRECTION('',(-0.60000000008729,7.105427357601E-16,0.79999999993454));
#11587=DIRECTION('',(3.5059674461847E-16,1.,-1.2387751643186E-15));
#11588=AXIS2_PLACEMENT_3D('',#11585,#11587,#11586);
#11589=CYLINDRICAL_SURFACE('',#11588,2.5);
#11590=CARTESIAN_POINT('',(-1.5000017167743,-2.2,1.9999987124179));
#11591=VERTEX_POINT('',#11590);
#11592=CARTESIAN_POINT('',(-1.5,-2.2,2.));
#11593=DIRECTION('',(0.,1.,0.));
#11594=VECTOR('',#11593,0.2);
#11595=LINE('',#11592,#11594);
#11596=EDGE_CURVE('',#11591,#7168,#11595,.T.);
#11597=ORIENTED_EDGE('',*,*,#11596,.F.);
#11598=CARTESIAN_POINT('',(1.5000000044568,-2.2,1.9999999966574));
#11599=VERTEX_POINT('',#11598);
#11600=CARTESIAN_POINT('',(-6.1808728217711E-16,-2.2,0.));
#11601=DIRECTION('',(0.60000000356542,0.,0.79999999732593));
#11602=DIRECTION('',(-6.8372006626971E-18,-1.,7.8949192862233E-17));
#11603=AXIS2_PLACEMENT_3D('',#11600,#11602,#11601);
#11604=CIRCLE('',#11603,2.5);
#11605=EDGE_CURVE('',#11599,#11591,#11604,.T.);
#11606=ORIENTED_EDGE('',*,*,#11605,.F.);
#11607=CARTESIAN_POINT('',(1.5,-2.2,2.));
#11608=DIRECTION('',(2.3875763970433E-17,-1.,0.));
#11609=VECTOR('',#11608,9.3);
#11610=LINE('',#11607,#11609);
#11611=EDGE_CURVE('',#11599,#2981,#11610,.T.);
#11612=ORIENTED_EDGE('',*,*,#11611,.T.);
#11613=ORIENTED_EDGE('',*,*,#2987,.F.);
#11614=ORIENTED_EDGE('',*,*,#4143,.F.);
#11615=CARTESIAN_POINT('',(-1.5,-11.5,2.));
#11616=DIRECTION('',(0.,1.,0.));
#11617=VECTOR('',#11616,9.3);
#11618=LINE('',#11615,#11617);
#11619=EDGE_CURVE('',#4126,#11591,#11618,.T.);
#11620=ORIENTED_EDGE('',*,*,#11619,.T.);
#11621=ORIENTED_EDGE('',*,*,#11596,.T.);
#11622=ORIENTED_EDGE('',*,*,#7174,.T.);
#11623=EDGE_LOOP('',(#11597,#11606,#11612,#11613,#11614,#11620,#11621,#11622));
#11624=FACE_OUTER_BOUND('',#11623,.T.);
#11625=ADVANCED_FACE('',(#11624),#11589,.T.);
#11626=CARTESIAN_POINT('',(1.5,-12.,2.));
#11627=DIRECTION('',(-1.,0.,0.));
#11628=DIRECTION('',(0.,0.,1.));
#11629=AXIS2_PLACEMENT_3D('',#11626,#11628,#11627);
#11630=PLANE('',#11629);
#11631=ORIENTED_EDGE('',*,*,#4136,.F.);
#11632=ORIENTED_EDGE('',*,*,#2996,.F.);
#11633=ORIENTED_EDGE('',*,*,#11611,.F.);
#11634=CARTESIAN_POINT('',(-1.5,-2.2,2.));
#11635=DIRECTION('',(1.,0.,0.));
#11636=VECTOR('',#11635,3.);
#11637=LINE('',#11634,#11636);
#11638=EDGE_CURVE('',#11591,#11599,#11637,.T.);
#11639=ORIENTED_EDGE('',*,*,#11638,.F.);
#11640=ORIENTED_EDGE('',*,*,#11619,.F.);
#11641=EDGE_LOOP('',(#11631,#11632,#11633,#11639,#11640));
#11642=FACE_OUTER_BOUND('',#11641,.T.);
#11643=ADVANCED_FACE('',(#11642),#11630,.T.);
#11644=CARTESIAN_POINT('',(0.,-12.,0.));
#11645=DIRECTION('',(0.,0.,-1.));
#11646=DIRECTION('',(0.,-1.,0.));
#11647=AXIS2_PLACEMENT_3D('',#11644,#11646,#11645);
#11648=PLANE('',#11647);
#11649=ORIENTED_EDGE('',*,*,#4123,.F.);
#11650=ORIENTED_EDGE('',*,*,#2970,.F.);
#11651=EDGE_LOOP('',(#11649,#11650));
#11652=FACE_OUTER_BOUND('',#11651,.T.);
#11653=ADVANCED_FACE('',(#11652),#11648,.T.);
#11654=CARTESIAN_POINT('',(8.25,37.5,25.5));
#11655=DIRECTION('',(0.,0.,1.));
#11656=DIRECTION('',(1.,0.,-0.));
#11657=AXIS2_PLACEMENT_3D('',#11654,#11656,#11655);
#11658=PLANE('',#11657);
#11659=CARTESIAN_POINT('',(8.25,40.5,25.));
#11660=DIRECTION('',(4.4408920985006E-16,-1.7763568394003E-15,-1.));
#11661=VECTOR('',#11660,4.);
#11662=LINE('',#11659,#11661);
#11663=EDGE_CURVE('',#4076,#3743,#11662,.T.);
#11664=ORIENTED_EDGE('',*,*,#11663,.F.);
#11665=ORIENTED_EDGE('',*,*,#4107,.F.);
#11666=CARTESIAN_POINT('',(8.25,40.,25.5));
#11667=DIRECTION('',(0.,-1.,0.));
#11668=VECTOR('',#11667,9.);
#11669=LINE('',#11666,#11668);
#11670=EDGE_CURVE('',#4095,#3971,#11669,.T.);
#11671=ORIENTED_EDGE('',*,*,#11670,.T.);
#11672=ORIENTED_EDGE('',*,*,#4000,.F.);
#11673=CARTESIAN_POINT('',(8.25,31.,21.166917988438));
#11674=DIRECTION('',(0.,1.,0.));
#11675=VECTOR('',#11674,6.5);
#11676=LINE('',#11673,#11675);
#11677=EDGE_CURVE('',#3989,#4045,#11676,.T.);
#11678=ORIENTED_EDGE('',*,*,#11677,.T.);
#11679=ORIENTED_EDGE('',*,*,#4065,.F.);
#11680=ORIENTED_EDGE('',*,*,#3750,.F.);
#11681=EDGE_LOOP('',(#11664,#11665,#11671,#11672,#11678,#11679,#11680));
#11682=FACE_OUTER_BOUND('',#11681,.T.);
#11683=ADVANCED_FACE('',(#11682),#11658,.T.);
#11684=CARTESIAN_POINT('',(-8.25,37.5,25.5));
#11685=DIRECTION('',(0.,0.,-1.));
#11686=DIRECTION('',(-1.,-0.,-0.));
#11687=AXIS2_PLACEMENT_3D('',#11684,#11686,#11685);
#11688=PLANE('',#11687);
#11689=CARTESIAN_POINT('',(-8.25,31.,25.5));
#11690=VERTEX_POINT('',#11689);
#11691=CARTESIAN_POINT('',(-8.25,31.,25.5));
#11692=DIRECTION('',(0.,1.,0.));
#11693=VECTOR('',#11692,9.);
#11694=LINE('',#11691,#11693);
#11695=EDGE_CURVE('',#11690,#4086,#11694,.T.);
#11696=ORIENTED_EDGE('',*,*,#11695,.T.);
#11697=ORIENTED_EDGE('',*,*,#4092,.F.);
#11698=CARTESIAN_POINT('',(-8.25,40.5,21.));
#11699=DIRECTION('',(0.,1.7763568394003E-15,1.));
#11700=VECTOR('',#11699,4.);
#11701=LINE('',#11698,#11700);
#11702=EDGE_CURVE('',#3761,#4078,#11701,.T.);
#11703=ORIENTED_EDGE('',*,*,#11702,.F.);
#11704=ORIENTED_EDGE('',*,*,#3766,.F.);
#11705=ORIENTED_EDGE('',*,*,#4058,.F.);
#11706=CARTESIAN_POINT('',(-8.25,31.,21.166917988438));
#11707=VERTEX_POINT('',#11706);
#11708=CARTESIAN_POINT('',(-8.25,37.5,21.166917988438));
#11709=DIRECTION('',(0.,-1.,0.));
#11710=VECTOR('',#11709,6.5);
#11711=LINE('',#11708,#11710);
#11712=EDGE_CURVE('',#4047,#11707,#11711,.T.);
#11713=ORIENTED_EDGE('',*,*,#11712,.T.);
#11714=CARTESIAN_POINT('',(-8.25,31.,21.166917988438));
#11715=DIRECTION('',(0.,0.,1.));
#11716=VECTOR('',#11715,4.3330820115618);
#11717=LINE('',#11714,#11716);
#11718=EDGE_CURVE('',#11707,#11690,#11717,.T.);
#11719=ORIENTED_EDGE('',*,*,#11718,.T.);
#11720=EDGE_LOOP('',(#11696,#11697,#11703,#11704,#11705,#11713,#11719));
#11721=FACE_OUTER_BOUND('',#11720,.T.);
#11722=ADVANCED_FACE('',(#11721),#11688,.T.);
#11723=CARTESIAN_POINT('',(0.,0.,25.5));
#11724=DIRECTION('',(-1.,0.,0.));
#11725=DIRECTION('',(0.,0.,1.));
#11726=AXIS2_PLACEMENT_3D('',#11723,#11725,#11724);
#11727=PLANE('',#11726);
#11728=CARTESIAN_POINT('',(-6.4921757386358,37.378330504382,25.5));
#11729=DIRECTION('',(1.,0.,0.));
#11730=VECTOR('',#11729,13.220516029591);
#11731=LINE('',#11728,#11730);
#11732=EDGE_CURVE('',#3137,#3169,#11731,.T.);
#11733=ORIENTED_EDGE('',*,*,#11732,.T.);
#11734=ORIENTED_EDGE('',*,*,#3174,.F.);
#11735=CARTESIAN_POINT('',(4.4283402909553,31.848639474674,25.5));
#11736=VERTEX_POINT('',#11735);
#11737=CARTESIAN_POINT('',(6.7283402909553,31.848639474674,25.5));
#11738=DIRECTION('',(-1.,0.,0.));
#11739=VECTOR('',#11738,2.3);
#11740=LINE('',#11737,#11739);
#11741=EDGE_CURVE('',#3161,#11736,#11740,.T.);
#11742=ORIENTED_EDGE('',*,*,#11741,.T.);
#11743=CARTESIAN_POINT('',(4.4283402909553,31.848639474674,25.5));
#11744=DIRECTION('',(0.,-1.,0.));
#11745=VECTOR('',#11744,0.84863947467419);
#11746=LINE('',#11743,#11745);
#11747=EDGE_CURVE('',#11736,#3973,#11746,.T.);
#11748=ORIENTED_EDGE('',*,*,#11747,.T.);
#11749=ORIENTED_EDGE('',*,*,#3978,.F.);
#11750=ORIENTED_EDGE('',*,*,#11670,.F.);
#11751=ORIENTED_EDGE('',*,*,#4100,.F.);
#11752=ORIENTED_EDGE('',*,*,#11695,.F.);
#11753=CARTESIAN_POINT('',(-4.1921757386358,31.,25.5));
#11754=VERTEX_POINT('',#11753);
#11755=CARTESIAN_POINT('',(-8.25,31.,25.5));
#11756=DIRECTION('',(1.,0.,0.));
#11757=VECTOR('',#11756,4.0578242613642);
#11758=LINE('',#11755,#11757);
#11759=EDGE_CURVE('',#11690,#11754,#11758,.T.);
#11760=ORIENTED_EDGE('',*,*,#11759,.T.);
#11761=CARTESIAN_POINT('',(-4.1921757386358,31.85,25.5));
#11762=VERTEX_POINT('',#11761);
#11763=CARTESIAN_POINT('',(-4.1921757386358,31.,25.5));
#11764=DIRECTION('',(0.,1.,0.));
#11765=VECTOR('',#11764,0.85);
#11766=LINE('',#11763,#11765);
#11767=EDGE_CURVE('',#11754,#11762,#11766,.T.);
#11768=ORIENTED_EDGE('',*,*,#11767,.T.);
#11769=CARTESIAN_POINT('',(-4.1921757386358,31.85,25.5));
#11770=DIRECTION('',(-1.,0.,0.));
#11771=VECTOR('',#11770,2.3);
#11772=LINE('',#11769,#11771);
#11773=EDGE_CURVE('',#11762,#3119,#11772,.T.);
#11774=ORIENTED_EDGE('',*,*,#11773,.T.);
#11775=ORIENTED_EDGE('',*,*,#3148,.F.);
#11776=EDGE_LOOP('',(#11733,#11734,#11742,#11748,#11749,#11750,#11751,#11752,#11760,#11768,#11774,#11775));
#11777=FACE_OUTER_BOUND('',#11776,.T.);
#11778=ADVANCED_FACE('',(#11777),#11727,.T.);
#11779=CARTESIAN_POINT('',(-8.25,31.,21.166917988438));
#11780=DIRECTION('',(1.,0.,0.));
#11781=DIRECTION('',(0.,0.,-1.));
#11782=AXIS2_PLACEMENT_3D('',#11779,#11781,#11780);
#11783=PLANE('',#11782);
#11784=ORIENTED_EDGE('',*,*,#3994,.F.);
#11785=CARTESIAN_POINT('',(4.4283402909553,31.848639474674,21.166917988438));
#11786=VERTEX_POINT('',#11785);
#11787=CARTESIAN_POINT('',(4.4283402909553,31.,21.166917988438));
#11788=DIRECTION('',(0.,1.,0.));
#11789=VECTOR('',#11788,0.84863947467419);
#11790=LINE('',#11787,#11789);
#11791=EDGE_CURVE('',#3981,#11786,#11790,.T.);
#11792=ORIENTED_EDGE('',*,*,#11791,.T.);
#11793=CARTESIAN_POINT('',(4.4283402909553,31.848639474674,21.166917988438));
#11794=DIRECTION('',(1.,0.,0.));
#11795=VECTOR('',#11794,2.3);
#11796=LINE('',#11793,#11795);
#11797=EDGE_CURVE('',#11786,#3159,#11796,.T.);
#11798=ORIENTED_EDGE('',*,*,#11797,.T.);
#11799=ORIENTED_EDGE('',*,*,#3188,.F.);
#11800=CARTESIAN_POINT('',(6.7283402909553,37.378330504382,21.166917988438));
#11801=DIRECTION('',(-1.,0.,0.));
#11802=VECTOR('',#11801,13.220516029591);
#11803=LINE('',#11800,#11802);
#11804=EDGE_CURVE('',#3177,#3129,#11803,.T.);
#11805=ORIENTED_EDGE('',*,*,#11804,.T.);
#11806=ORIENTED_EDGE('',*,*,#3134,.F.);
#11807=CARTESIAN_POINT('',(-4.1921757386358,31.85,21.166917988438));
#11808=VERTEX_POINT('',#11807);
#11809=CARTESIAN_POINT('',(-6.4921757386358,31.85,21.166917988438));
#11810=DIRECTION('',(1.,0.,0.));
#11811=VECTOR('',#11810,2.3);
#11812=LINE('',#11809,#11811);
#11813=EDGE_CURVE('',#3121,#11808,#11812,.T.);
#11814=ORIENTED_EDGE('',*,*,#11813,.T.);
#11815=CARTESIAN_POINT('',(-4.1921757386358,31.,21.166917988438));
#11816=VERTEX_POINT('',#11815);
#11817=CARTESIAN_POINT('',(-4.1921757386358,31.85,21.166917988438));
#11818=DIRECTION('',(0.,-1.,0.));
#11819=VECTOR('',#11818,0.85);
#11820=LINE('',#11817,#11819);
#11821=EDGE_CURVE('',#11808,#11816,#11820,.T.);
#11822=ORIENTED_EDGE('',*,*,#11821,.T.);
#11823=CARTESIAN_POINT('',(-4.1921757386358,31.,21.166917988438));
#11824=DIRECTION('',(-1.,0.,0.));
#11825=VECTOR('',#11824,4.0578242613642);
#11826=LINE('',#11823,#11825);
#11827=EDGE_CURVE('',#11816,#11707,#11826,.T.);
#11828=ORIENTED_EDGE('',*,*,#11827,.T.);
#11829=ORIENTED_EDGE('',*,*,#11712,.F.);
#11830=ORIENTED_EDGE('',*,*,#4052,.F.);
#11831=ORIENTED_EDGE('',*,*,#11677,.F.);
#11832=EDGE_LOOP('',(#11784,#11792,#11798,#11799,#11805,#11806,#11814,#11822,#11828,#11829,#11830,#11831));
#11833=FACE_OUTER_BOUND('',#11832,.T.);
#11834=ADVANCED_FACE('',(#11833),#11783,.T.);
#11835=CARTESIAN_POINT('',(0.,31.,0.));
#11836=DIRECTION('',(0.,0.,-1.));
#11837=DIRECTION('',(0.,-1.,0.));
#11838=AXIS2_PLACEMENT_3D('',#11835,#11837,#11836);
#11839=PLANE('',#11838);
#11840=ORIENTED_EDGE('',*,*,#11827,.F.);
#11841=CARTESIAN_POINT('',(-4.1921757386358,31.,21.166917988438));
#11842=DIRECTION('',(0.,0.,1.));
#11843=VECTOR('',#11842,4.3330820115618);
#11844=LINE('',#11841,#11843);
#11845=EDGE_CURVE('',#11816,#11754,#11844,.T.);
#11846=ORIENTED_EDGE('',*,*,#11845,.T.);
#11847=ORIENTED_EDGE('',*,*,#11759,.F.);
#11848=ORIENTED_EDGE('',*,*,#11718,.F.);
#11849=EDGE_LOOP('',(#11840,#11846,#11847,#11848));
#11850=FACE_OUTER_BOUND('',#11849,.T.);
#11851=CARTESIAN_POINT('',(-6.1846849363323,31.,22.736995368803));
#11852=VERTEX_POINT('',#11851);
#11853=CARTESIAN_POINT('',(-6.1846849363323,31.,24.196291604568));
#11854=VERTEX_POINT('',#11853);
#11855=CARTESIAN_POINT('',(-6.1846849363323,31.,22.736995368803));
#11856=DIRECTION('',(0.,0.,1.));
#11857=VECTOR('',#11856,1.4592962357654);
#11858=LINE('',#11855,#11857);
#11859=EDGE_CURVE('',#11852,#11854,#11858,.T.);
#11860=ORIENTED_EDGE('',*,*,#11859,.T.);
#11861=CARTESIAN_POINT('',(-5.7106261386894,31.,24.196291604568));
#11862=VERTEX_POINT('',#11861);
#11863=CARTESIAN_POINT('',(-6.1846849363323,31.,24.196291604568));
#11864=DIRECTION('',(1.,0.,0.));
#11865=VECTOR('',#11864,0.47405879764284);
#11866=LINE('',#11863,#11865);
#11867=EDGE_CURVE('',#11854,#11862,#11866,.T.);
#11868=ORIENTED_EDGE('',*,*,#11867,.T.);
#11869=CARTESIAN_POINT('',(-5.7106261386894,31.,22.736995368803));
#11870=VERTEX_POINT('',#11869);
#11871=CARTESIAN_POINT('',(-5.7106261386894,31.,24.196291604568));
#11872=DIRECTION('',(0.,0.,-1.));
#11873=VECTOR('',#11872,1.4592962357654);
#11874=LINE('',#11871,#11873);
#11875=EDGE_CURVE('',#11862,#11870,#11874,.T.);
#11876=ORIENTED_EDGE('',*,*,#11875,.T.);
#11877=CARTESIAN_POINT('',(-5.7106261386894,31.,22.736995368803));
#11878=DIRECTION('',(-1.,0.,0.));
#11879=VECTOR('',#11878,0.47405879764284);
#11880=LINE('',#11877,#11879);
#11881=EDGE_CURVE('',#11870,#11852,#11880,.T.);
#11882=ORIENTED_EDGE('',*,*,#11881,.T.);
#11883=EDGE_LOOP('',(#11860,#11868,#11876,#11882));
#11884=FACE_BOUND('',#11883,.T.);
#11885=ADVANCED_FACE('',(#11850,#11884),#11839,.T.);
#11886=CARTESIAN_POINT('',(6.7283402909553,37.378330504382,21.));
#11887=DIRECTION('',(0.,0.,1.));
#11888=DIRECTION('',(0.,-1.,0.));
#11889=AXIS2_PLACEMENT_3D('',#11886,#11888,#11887);
#11890=PLANE('',#11889);
#11891=ORIENTED_EDGE('',*,*,#3182,.F.);
#11892=ORIENTED_EDGE('',*,*,#11732,.F.);
#11893=ORIENTED_EDGE('',*,*,#3142,.F.);
#11894=ORIENTED_EDGE('',*,*,#11804,.F.);
#11895=EDGE_LOOP('',(#11891,#11892,#11893,#11894));
#11896=FACE_OUTER_BOUND('',#11895,.T.);
#11897=ADVANCED_FACE('',(#11896),#11890,.T.);
#11898=CARTESIAN_POINT('',(6.204310196793,34.011077699702,24.5));
#11899=DIRECTION('',(0.,0.,1.));
#11900=DIRECTION('',(1.,0.,-0.));
#11901=AXIS2_PLACEMENT_3D('',#11898,#11900,#11899);
#11902=PLANE('',#11901);
#11903=ORIENTED_EDGE('',*,*,#3938,.F.);
#11904=CARTESIAN_POINT('',(6.204310196793,34.93203717246,24.5));
#11905=VERTEX_POINT('',#11904);
#11906=CARTESIAN_POINT('',(6.204310196793,34.93203717246,21.));
#11907=DIRECTION('',(2.5376526277146E-16,0.,1.));
#11908=VECTOR('',#11907,3.5);
#11909=LINE('',#11906,#11908);
#11910=EDGE_CURVE('',#3931,#11905,#11909,.T.);
#11911=ORIENTED_EDGE('',*,*,#11910,.T.);
#11912=CARTESIAN_POINT('',(6.204310196793,34.011077699702,24.5));
#11913=VERTEX_POINT('',#11912);
#11914=CARTESIAN_POINT('',(6.204310196793,34.93203717246,24.5));
#11915=DIRECTION('',(0.,-1.,0.));
#11916=VECTOR('',#11915,0.92095947275794);
#11917=LINE('',#11914,#11916);
#11918=EDGE_CURVE('',#11905,#11913,#11917,.T.);
#11919=ORIENTED_EDGE('',*,*,#11918,.T.);
#11920=CARTESIAN_POINT('',(6.204310196793,34.011077699702,24.5));
#11921=DIRECTION('',(0.,0.,-1.));
#11922=VECTOR('',#11921,3.5);
#11923=LINE('',#11920,#11922);
#11924=EDGE_CURVE('',#11913,#3933,#11923,.T.);
#11925=ORIENTED_EDGE('',*,*,#11924,.T.);
#11926=EDGE_LOOP('',(#11903,#11911,#11919,#11925));
#11927=FACE_OUTER_BOUND('',#11926,.T.);
#11928=ADVANCED_FACE('',(#11927),#11902,.T.);
#11929=CARTESIAN_POINT('',(6.204310196793,34.93203717246,24.5));
#11930=DIRECTION('',(0.,0.,-1.));
#11931=DIRECTION('',(0.,1.,0.));
#11932=AXIS2_PLACEMENT_3D('',#11929,#11931,#11930);
#11933=PLANE('',#11932);
#11934=ORIENTED_EDGE('',*,*,#3960,.F.);
#11935=CARTESIAN_POINT('',(5.4996742433104,34.93203717246,24.5));
#11936=VERTEX_POINT('',#11935);
#11937=CARTESIAN_POINT('',(5.4996742433104,34.93203717246,21.));
#11938=DIRECTION('',(2.5376526277146E-16,0.,1.));
#11939=VECTOR('',#11938,3.5);
#11940=LINE('',#11937,#11939);
#11941=EDGE_CURVE('',#3949,#11936,#11940,.T.);
#11942=ORIENTED_EDGE('',*,*,#11941,.T.);
#11943=CARTESIAN_POINT('',(5.4996742433104,34.93203717246,24.5));
#11944=DIRECTION('',(1.,0.,0.));
#11945=VECTOR('',#11944,0.70463595348258);
#11946=LINE('',#11943,#11945);
#11947=EDGE_CURVE('',#11936,#11905,#11946,.T.);
#11948=ORIENTED_EDGE('',*,*,#11947,.T.);
#11949=ORIENTED_EDGE('',*,*,#11910,.F.);
#11950=EDGE_LOOP('',(#11934,#11942,#11948,#11949));
#11951=FACE_OUTER_BOUND('',#11950,.T.);
#11952=ADVANCED_FACE('',(#11951),#11933,.T.);
#11953=CARTESIAN_POINT('',(5.4996742433104,34.011077699702,24.5));
#11954=DIRECTION('',(0.,0.,-1.));
#11955=DIRECTION('',(-1.,-0.,-0.));
#11956=AXIS2_PLACEMENT_3D('',#11953,#11955,#11954);
#11957=PLANE('',#11956);
#11958=ORIENTED_EDGE('',*,*,#3954,.F.);
#11959=CARTESIAN_POINT('',(5.4996742433104,34.011077699702,24.5));
#11960=VERTEX_POINT('',#11959);
#11961=CARTESIAN_POINT('',(5.4996742433104,34.011077699702,21.));
#11962=DIRECTION('',(-7.6129578831439E-16,0.,1.));
#11963=VECTOR('',#11962,3.5);
#11964=LINE('',#11961,#11963);
#11965=EDGE_CURVE('',#3941,#11960,#11964,.T.);
#11966=ORIENTED_EDGE('',*,*,#11965,.T.);
#11967=CARTESIAN_POINT('',(5.4996742433104,34.011077699702,24.5));
#11968=DIRECTION('',(0.,1.,0.));
#11969=VECTOR('',#11968,0.92095947275794);
#11970=LINE('',#11967,#11969);
#11971=EDGE_CURVE('',#11960,#11936,#11970,.T.);
#11972=ORIENTED_EDGE('',*,*,#11971,.T.);
#11973=ORIENTED_EDGE('',*,*,#11941,.F.);
#11974=EDGE_LOOP('',(#11958,#11966,#11972,#11973));
#11975=FACE_OUTER_BOUND('',#11974,.T.);
#11976=ADVANCED_FACE('',(#11975),#11957,.T.);
#11977=CARTESIAN_POINT('',(6.204310196793,34.011077699702,24.5));
#11978=DIRECTION('',(0.,0.,1.));
#11979=DIRECTION('',(0.,-1.,0.));
#11980=AXIS2_PLACEMENT_3D('',#11977,#11979,#11978);
#11981=PLANE('',#11980);
#11982=ORIENTED_EDGE('',*,*,#3946,.F.);
#11983=ORIENTED_EDGE('',*,*,#11924,.F.);
#11984=CARTESIAN_POINT('',(6.204310196793,34.011077699702,24.5));
#11985=DIRECTION('',(-1.,0.,0.));
#11986=VECTOR('',#11985,0.70463595348258);
#11987=LINE('',#11984,#11986);
#11988=EDGE_CURVE('',#11913,#11960,#11987,.T.);
#11989=ORIENTED_EDGE('',*,*,#11988,.T.);
#11990=ORIENTED_EDGE('',*,*,#11965,.F.);
#11991=EDGE_LOOP('',(#11982,#11983,#11989,#11990));
#11992=FACE_OUTER_BOUND('',#11991,.T.);
#11993=ADVANCED_FACE('',(#11992),#11981,.T.);
#11994=CARTESIAN_POINT('',(0.,0.,24.5));
#11995=DIRECTION('',(1.,0.,0.));
#11996=DIRECTION('',(0.,0.,1.));
#11997=AXIS2_PLACEMENT_3D('',#11994,#11996,#11995);
#11998=PLANE('',#11997);
#11999=ORIENTED_EDGE('',*,*,#11918,.F.);
#12000=ORIENTED_EDGE('',*,*,#11947,.F.);
#12001=ORIENTED_EDGE('',*,*,#11971,.F.);
#12002=ORIENTED_EDGE('',*,*,#11988,.F.);
#12003=EDGE_LOOP('',(#11999,#12000,#12001,#12002));
#12004=FACE_OUTER_BOUND('',#12003,.T.);
#12005=ADVANCED_FACE('',(#12004),#11998,.T.);
#12006=CARTESIAN_POINT('',(3.904310196793,34.011077699702,24.5));
#12007=DIRECTION('',(0.,0.,1.));
#12008=DIRECTION('',(1.,0.,-0.));
#12009=AXIS2_PLACEMENT_3D('',#12006,#12008,#12007);
#12010=PLANE('',#12009);
#12011=ORIENTED_EDGE('',*,*,#3904,.F.);
#12012=CARTESIAN_POINT('',(3.904310196793,34.93203717246,24.5));
#12013=VERTEX_POINT('',#12012);
#12014=CARTESIAN_POINT('',(3.904310196793,34.93203717246,21.));
#12015=DIRECTION('',(1.2688263138573E-16,0.,1.));
#12016=VECTOR('',#12015,3.5);
#12017=LINE('',#12014,#12016);
#12018=EDGE_CURVE('',#3897,#12013,#12017,.T.);
#12019=ORIENTED_EDGE('',*,*,#12018,.T.);
#12020=CARTESIAN_POINT('',(3.904310196793,34.011077699702,24.5));
#12021=VERTEX_POINT('',#12020);
#12022=CARTESIAN_POINT('',(3.904310196793,34.93203717246,24.5));
#12023=DIRECTION('',(0.,-1.,0.));
#12024=VECTOR('',#12023,0.92095947275794);
#12025=LINE('',#12022,#12024);
#12026=EDGE_CURVE('',#12013,#12021,#12025,.T.);
#12027=ORIENTED_EDGE('',*,*,#12026,.T.);
#12028=CARTESIAN_POINT('',(3.904310196793,34.011077699702,24.5));
#12029=DIRECTION('',(0.,0.,-1.));
#12030=VECTOR('',#12029,3.5);
#12031=LINE('',#12028,#12030);
#12032=EDGE_CURVE('',#12021,#3899,#12031,.T.);
#12033=ORIENTED_EDGE('',*,*,#12032,.T.);
#12034=EDGE_LOOP('',(#12011,#12019,#12027,#12033));
#12035=FACE_OUTER_BOUND('',#12034,.T.);
#12036=ADVANCED_FACE('',(#12035),#12010,.T.);
#12037=CARTESIAN_POINT('',(3.904310196793,34.93203717246,24.5));
#12038=DIRECTION('',(0.,0.,-1.));
#12039=DIRECTION('',(0.,1.,0.));
#12040=AXIS2_PLACEMENT_3D('',#12037,#12039,#12038);
#12041=PLANE('',#12040);
#12042=ORIENTED_EDGE('',*,*,#3926,.F.);
#12043=CARTESIAN_POINT('',(3.1996742433104,34.93203717246,24.5));
#12044=VERTEX_POINT('',#12043);
#12045=CARTESIAN_POINT('',(3.1996742433104,34.93203717246,21.));
#12046=DIRECTION('',(1.2688263138573E-16,0.,1.));
#12047=VECTOR('',#12046,3.5);
#12048=LINE('',#12045,#12047);
#12049=EDGE_CURVE('',#3915,#12044,#12048,.T.);
#12050=ORIENTED_EDGE('',*,*,#12049,.T.);
#12051=CARTESIAN_POINT('',(3.1996742433104,34.93203717246,24.5));
#12052=DIRECTION('',(1.,0.,0.));
#12053=VECTOR('',#12052,0.70463595348258);
#12054=LINE('',#12051,#12053);
#12055=EDGE_CURVE('',#12044,#12013,#12054,.T.);
#12056=ORIENTED_EDGE('',*,*,#12055,.T.);
#12057=ORIENTED_EDGE('',*,*,#12018,.F.);
#12058=EDGE_LOOP('',(#12042,#12050,#12056,#12057));
#12059=FACE_OUTER_BOUND('',#12058,.T.);
#12060=ADVANCED_FACE('',(#12059),#12041,.T.);
#12061=CARTESIAN_POINT('',(3.1996742433104,34.011077699702,24.5));
#12062=DIRECTION('',(0.,0.,-1.));
#12063=DIRECTION('',(-1.,-0.,-0.));
#12064=AXIS2_PLACEMENT_3D('',#12061,#12063,#12062);
#12065=PLANE('',#12064);
#12066=ORIENTED_EDGE('',*,*,#3920,.F.);
#12067=CARTESIAN_POINT('',(3.1996742433104,34.011077699702,24.5));
#12068=VERTEX_POINT('',#12067);
#12069=CARTESIAN_POINT('',(3.1996742433104,34.011077699702,21.));
#12070=DIRECTION('',(-7.6129578831439E-16,0.,1.));
#12071=VECTOR('',#12070,3.5);
#12072=LINE('',#12069,#12071);
#12073=EDGE_CURVE('',#3907,#12068,#12072,.T.);
#12074=ORIENTED_EDGE('',*,*,#12073,.T.);
#12075=CARTESIAN_POINT('',(3.1996742433104,34.011077699702,24.5));
#12076=DIRECTION('',(0.,1.,0.));
#12077=VECTOR('',#12076,0.92095947275794);
#12078=LINE('',#12075,#12077);
#12079=EDGE_CURVE('',#12068,#12044,#12078,.T.);
#12080=ORIENTED_EDGE('',*,*,#12079,.T.);
#12081=ORIENTED_EDGE('',*,*,#12049,.F.);
#12082=EDGE_LOOP('',(#12066,#12074,#12080,#12081));
#12083=FACE_OUTER_BOUND('',#12082,.T.);
#12084=ADVANCED_FACE('',(#12083),#12065,.T.);
#12085=CARTESIAN_POINT('',(3.904310196793,34.011077699702,24.5));
#12086=DIRECTION('',(0.,0.,1.));
#12087=DIRECTION('',(0.,-1.,0.));
#12088=AXIS2_PLACEMENT_3D('',#12085,#12087,#12086);
#12089=PLANE('',#12088);
#12090=ORIENTED_EDGE('',*,*,#3912,.F.);
#12091=ORIENTED_EDGE('',*,*,#12032,.F.);
#12092=CARTESIAN_POINT('',(3.904310196793,34.011077699702,24.5));
#12093=DIRECTION('',(-1.,0.,0.));
#12094=VECTOR('',#12093,0.70463595348258);
#12095=LINE('',#12092,#12094);
#12096=EDGE_CURVE('',#12021,#12068,#12095,.T.);
#12097=ORIENTED_EDGE('',*,*,#12096,.T.);
#12098=ORIENTED_EDGE('',*,*,#12073,.F.);
#12099=EDGE_LOOP('',(#12090,#12091,#12097,#12098));
#12100=FACE_OUTER_BOUND('',#12099,.T.);
#12101=ADVANCED_FACE('',(#12100),#12089,.T.);
#12102=CARTESIAN_POINT('',(-2.3,0.,24.5));
#12103=DIRECTION('',(1.,0.,0.));
#12104=DIRECTION('',(0.,0.,1.));
#12105=AXIS2_PLACEMENT_3D('',#12102,#12104,#12103);
#12106=PLANE('',#12105);
#12107=ORIENTED_EDGE('',*,*,#12026,.F.);
#12108=ORIENTED_EDGE('',*,*,#12055,.F.);
#12109=ORIENTED_EDGE('',*,*,#12079,.F.);
#12110=ORIENTED_EDGE('',*,*,#12096,.F.);
#12111=EDGE_LOOP('',(#12107,#12108,#12109,#12110));
#12112=FACE_OUTER_BOUND('',#12111,.T.);
#12113=ADVANCED_FACE('',(#12112),#12106,.T.);
#12114=CARTESIAN_POINT('',(4.4283402909553,31.848639474674,21.166917988438));
#12115=DIRECTION('',(0.,0.,-1.));
#12116=DIRECTION('',(0.,1.,0.));
#12117=AXIS2_PLACEMENT_3D('',#12114,#12116,#12115);
#12118=PLANE('',#12117);
#12119=ORIENTED_EDGE('',*,*,#3166,.F.);
#12120=ORIENTED_EDGE('',*,*,#11797,.F.);
#12121=CARTESIAN_POINT('',(4.4283402909553,31.848639474674,21.166917988438));
#12122=DIRECTION('',(0.,0.,1.));
#12123=VECTOR('',#12122,4.3330820115618);
#12124=LINE('',#12121,#12123);
#12125=EDGE_CURVE('',#11786,#11736,#12124,.T.);
#12126=ORIENTED_EDGE('',*,*,#12125,.T.);
#12127=ORIENTED_EDGE('',*,*,#11741,.F.);
#12128=EDGE_LOOP('',(#12119,#12120,#12126,#12127));
#12129=FACE_OUTER_BOUND('',#12128,.T.);
#12130=CARTESIAN_POINT('',(6.2893738613106,31.848639474674,24.196291604568));
#12131=VERTEX_POINT('',#12130);
#12132=CARTESIAN_POINT('',(5.8153150636677,31.848639474674,24.196291604568));
#12133=VERTEX_POINT('',#12132);
#12134=CARTESIAN_POINT('',(6.2893738613106,31.848639474674,24.196291604568));
#12135=DIRECTION('',(-1.,0.,0.));
#12136=VECTOR('',#12135,0.47405879764284);
#12137=LINE('',#12134,#12136);
#12138=EDGE_CURVE('',#12131,#12133,#12137,.T.);
#12139=ORIENTED_EDGE('',*,*,#12138,.T.);
#12140=CARTESIAN_POINT('',(5.8153150636677,31.848639474674,22.736995368803));
#12141=VERTEX_POINT('',#12140);
#12142=CARTESIAN_POINT('',(5.8153150636677,31.848639474674,24.196291604568));
#12143=DIRECTION('',(0.,0.,-1.));
#12144=VECTOR('',#12143,1.4592962357654);
#12145=LINE('',#12142,#12144);
#12146=EDGE_CURVE('',#12133,#12141,#12145,.T.);
#12147=ORIENTED_EDGE('',*,*,#12146,.T.);
#12148=CARTESIAN_POINT('',(6.2893738613106,31.848639474674,22.736995368803));
#12149=VERTEX_POINT('',#12148);
#12150=CARTESIAN_POINT('',(5.8153150636677,31.848639474674,22.736995368803));
#12151=DIRECTION('',(1.,0.,0.));
#12152=VECTOR('',#12151,0.47405879764284);
#12153=LINE('',#12150,#12152);
#12154=EDGE_CURVE('',#12141,#12149,#12153,.T.);
#12155=ORIENTED_EDGE('',*,*,#12154,.T.);
#12156=CARTESIAN_POINT('',(6.2893738613106,31.848639474674,22.736995368803));
#12157=DIRECTION('',(0.,0.,1.));
#12158=VECTOR('',#12157,1.4592962357654);
#12159=LINE('',#12156,#12158);
#12160=EDGE_CURVE('',#12149,#12131,#12159,.T.);
#12161=ORIENTED_EDGE('',*,*,#12160,.T.);
#12162=EDGE_LOOP('',(#12139,#12147,#12155,#12161));
#12163=FACE_BOUND('',#12162,.T.);
#12164=ADVANCED_FACE('',(#12129,#12163),#12118,.T.);
#12165=CARTESIAN_POINT('',(4.4283402909553,0.,0.));
#12166=DIRECTION('',(0.,0.,-1.));
#12167=DIRECTION('',(-1.,-0.,-0.));
#12168=AXIS2_PLACEMENT_3D('',#12165,#12167,#12166);
#12169=PLANE('',#12168);
#12170=ORIENTED_EDGE('',*,*,#11791,.F.);
#12171=ORIENTED_EDGE('',*,*,#3986,.F.);
#12172=ORIENTED_EDGE('',*,*,#11747,.F.);
#12173=ORIENTED_EDGE('',*,*,#12125,.F.);
#12174=EDGE_LOOP('',(#12170,#12171,#12172,#12173));
#12175=FACE_OUTER_BOUND('',#12174,.T.);
#12176=ADVANCED_FACE('',(#12175),#12169,.T.);
#12177=CARTESIAN_POINT('',(-4.1921757386358,31.85,25.5));
#12178=DIRECTION('',(0.,0.,-1.));
#12179=DIRECTION('',(0.,1.,0.));
#12180=AXIS2_PLACEMENT_3D('',#12177,#12179,#12178);
#12181=PLANE('',#12180);
#12182=ORIENTED_EDGE('',*,*,#3126,.F.);
#12183=ORIENTED_EDGE('',*,*,#11773,.F.);
#12184=CARTESIAN_POINT('',(-4.1921757386358,31.85,25.5));
#12185=DIRECTION('',(0.,0.,-1.));
#12186=VECTOR('',#12185,4.3330820115618);
#12187=LINE('',#12184,#12186);
#12188=EDGE_CURVE('',#11762,#11808,#12187,.T.);
#12189=ORIENTED_EDGE('',*,*,#12188,.T.);
#12190=ORIENTED_EDGE('',*,*,#11813,.F.);
#12191=EDGE_LOOP('',(#12182,#12183,#12189,#12190));
#12192=FACE_OUTER_BOUND('',#12191,.T.);
#12193=CARTESIAN_POINT('',(-5.7106261386894,31.85,24.196291604568));
#12194=VERTEX_POINT('',#12193);
#12195=CARTESIAN_POINT('',(-6.1846849363323,31.85,24.196291604568));
#12196=VERTEX_POINT('',#12195);
#12197=CARTESIAN_POINT('',(-5.7106261386894,31.85,24.196291604568));
#12198=DIRECTION('',(-1.,0.,0.));
#12199=VECTOR('',#12198,0.47405879764284);
#12200=LINE('',#12197,#12199);
#12201=EDGE_CURVE('',#12194,#12196,#12200,.T.);
#12202=ORIENTED_EDGE('',*,*,#12201,.T.);
#12203=CARTESIAN_POINT('',(-6.1846849363323,31.85,22.736995368803));
#12204=VERTEX_POINT('',#12203);
#12205=CARTESIAN_POINT('',(-6.1846849363323,31.85,24.196291604568));
#12206=DIRECTION('',(0.,0.,-1.));
#12207=VECTOR('',#12206,1.4592962357654);
#12208=LINE('',#12205,#12207);
#12209=EDGE_CURVE('',#12196,#12204,#12208,.T.);
#12210=ORIENTED_EDGE('',*,*,#12209,.T.);
#12211=CARTESIAN_POINT('',(-5.7106261386894,31.85,22.736995368803));
#12212=VERTEX_POINT('',#12211);
#12213=CARTESIAN_POINT('',(-6.1846849363323,31.85,22.736995368803));
#12214=DIRECTION('',(1.,0.,0.));
#12215=VECTOR('',#12214,0.47405879764284);
#12216=LINE('',#12213,#12215);
#12217=EDGE_CURVE('',#12204,#12212,#12216,.T.);
#12218=ORIENTED_EDGE('',*,*,#12217,.T.);
#12219=CARTESIAN_POINT('',(-5.7106261386894,31.85,22.736995368803));
#12220=DIRECTION('',(0.,0.,1.));
#12221=VECTOR('',#12220,1.4592962357654);
#12222=LINE('',#12219,#12221);
#12223=EDGE_CURVE('',#12212,#12194,#12222,.T.);
#12224=ORIENTED_EDGE('',*,*,#12223,.T.);
#12225=EDGE_LOOP('',(#12202,#12210,#12218,#12224));
#12226=FACE_BOUND('',#12225,.T.);
#12227=ADVANCED_FACE('',(#12192,#12226),#12181,.T.);
#12228=CARTESIAN_POINT('',(-4.1921757386358,0.,0.));
#12229=DIRECTION('',(0.,0.,1.));
#12230=DIRECTION('',(1.,0.,-0.));
#12231=AXIS2_PLACEMENT_3D('',#12228,#12230,#12229);
#12232=PLANE('',#12231);
#12233=ORIENTED_EDGE('',*,*,#11767,.F.);
#12234=ORIENTED_EDGE('',*,*,#11845,.F.);
#12235=ORIENTED_EDGE('',*,*,#11821,.F.);
#12236=ORIENTED_EDGE('',*,*,#12188,.F.);
#12237=EDGE_LOOP('',(#12233,#12234,#12235,#12236));
#12238=FACE_OUTER_BOUND('',#12237,.T.);
#12239=ADVANCED_FACE('',(#12238),#12232,.T.);
#12240=CARTESIAN_POINT('',(5.8153150636677,31.85,24.196291604568));
#12241=DIRECTION('',(0.,0.,1.));
#12242=DIRECTION('',(1.,0.,-0.));
#12243=AXIS2_PLACEMENT_3D('',#12240,#12242,#12241);
#12244=PLANE('',#12243);
#12245=CARTESIAN_POINT('',(5.8153150636677,31.848639474674,24.196291604568));
#12246=DIRECTION('',(0.,-1.,0.));
#12247=VECTOR('',#12246,0.84863947467419);
#12248=LINE('',#12245,#12247);
#12249=EDGE_CURVE('',#12133,#4007,#12248,.T.);
#12250=ORIENTED_EDGE('',*,*,#12249,.T.);
#12251=ORIENTED_EDGE('',*,*,#4012,.F.);
#12252=CARTESIAN_POINT('',(5.8153150636677,31.,22.736995368803));
#12253=DIRECTION('',(0.,1.,0.));
#12254=VECTOR('',#12253,0.84863947467419);
#12255=LINE('',#12252,#12254);
#12256=EDGE_CURVE('',#4005,#12141,#12255,.T.);
#12257=ORIENTED_EDGE('',*,*,#12256,.T.);
#12258=ORIENTED_EDGE('',*,*,#12146,.F.);
#12259=EDGE_LOOP('',(#12250,#12251,#12257,#12258));
#12260=FACE_OUTER_BOUND('',#12259,.T.);
#12261=ADVANCED_FACE('',(#12260),#12244,.T.);
#12262=CARTESIAN_POINT('',(5.8153150636677,31.85,24.196291604568));
#12263=DIRECTION('',(1.,0.,0.));
#12264=DIRECTION('',(0.,0.,-1.));
#12265=AXIS2_PLACEMENT_3D('',#12262,#12264,#12263);
#12266=PLANE('',#12265);
#12267=CARTESIAN_POINT('',(6.2893738613106,31.848639474674,24.196291604568));
#12268=DIRECTION('',(0.,-1.,0.));
#12269=VECTOR('',#12268,0.84863947467419);
#12270=LINE('',#12267,#12269);
#12271=EDGE_CURVE('',#12131,#4015,#12270,.T.);
#12272=ORIENTED_EDGE('',*,*,#12271,.T.);
#12273=ORIENTED_EDGE('',*,*,#4020,.F.);
#12274=ORIENTED_EDGE('',*,*,#12249,.F.);
#12275=ORIENTED_EDGE('',*,*,#12138,.F.);
#12276=EDGE_LOOP('',(#12272,#12273,#12274,#12275));
#12277=FACE_OUTER_BOUND('',#12276,.T.);
#12278=ADVANCED_FACE('',(#12277),#12266,.T.);
#12279=CARTESIAN_POINT('',(6.2893738613106,31.85,24.196291604568));
#12280=DIRECTION('',(0.,0.,-1.));
#12281=DIRECTION('',(-1.,-0.,-0.));
#12282=AXIS2_PLACEMENT_3D('',#12279,#12281,#12280);
#12283=PLANE('',#12282);
#12284=CARTESIAN_POINT('',(6.2893738613106,31.848639474674,22.736995368803));
#12285=DIRECTION('',(0.,-1.,0.));
#12286=VECTOR('',#12285,0.84863947467419);
#12287=LINE('',#12284,#12286);
#12288=EDGE_CURVE('',#12149,#4023,#12287,.T.);
#12289=ORIENTED_EDGE('',*,*,#12288,.T.);
#12290=ORIENTED_EDGE('',*,*,#4028,.F.);
#12291=ORIENTED_EDGE('',*,*,#12271,.F.);
#12292=ORIENTED_EDGE('',*,*,#12160,.F.);
#12293=EDGE_LOOP('',(#12289,#12290,#12291,#12292));
#12294=FACE_OUTER_BOUND('',#12293,.T.);
#12295=ADVANCED_FACE('',(#12294),#12283,.T.);
#12296=CARTESIAN_POINT('',(5.8153150636677,31.85,22.736995368803));
#12297=DIRECTION('',(-1.,0.,0.));
#12298=DIRECTION('',(0.,0.,1.));
#12299=AXIS2_PLACEMENT_3D('',#12296,#12298,#12297);
#12300=PLANE('',#12299);
#12301=ORIENTED_EDGE('',*,*,#12256,.F.);
#12302=ORIENTED_EDGE('',*,*,#4034,.F.);
#12303=ORIENTED_EDGE('',*,*,#12288,.F.);
#12304=ORIENTED_EDGE('',*,*,#12154,.F.);
#12305=EDGE_LOOP('',(#12301,#12302,#12303,#12304));
#12306=FACE_OUTER_BOUND('',#12305,.T.);
#12307=ADVANCED_FACE('',(#12306),#12300,.T.);
#12308=CARTESIAN_POINT('',(-6.1846849363323,31.85,24.196291604568));
#12309=DIRECTION('',(0.,0.,1.));
#12310=DIRECTION('',(1.,0.,-0.));
#12311=AXIS2_PLACEMENT_3D('',#12308,#12310,#12309);
#12312=PLANE('',#12311);
#12313=ORIENTED_EDGE('',*,*,#11859,.F.);
#12314=CARTESIAN_POINT('',(-6.1846849363323,31.,22.736995368803));
#12315=DIRECTION('',(0.,1.,0.));
#12316=VECTOR('',#12315,0.85);
#12317=LINE('',#12314,#12316);
#12318=EDGE_CURVE('',#11852,#12204,#12317,.T.);
#12319=ORIENTED_EDGE('',*,*,#12318,.T.);
#12320=ORIENTED_EDGE('',*,*,#12209,.F.);
#12321=CARTESIAN_POINT('',(-6.1846849363323,31.85,24.196291604568));
#12322=DIRECTION('',(0.,-1.,0.));
#12323=VECTOR('',#12322,0.85);
#12324=LINE('',#12321,#12323);
#12325=EDGE_CURVE('',#12196,#11854,#12324,.T.);
#12326=ORIENTED_EDGE('',*,*,#12325,.T.);
#12327=EDGE_LOOP('',(#12313,#12319,#12320,#12326));
#12328=FACE_OUTER_BOUND('',#12327,.T.);
#12329=ADVANCED_FACE('',(#12328),#12312,.T.);
#12330=CARTESIAN_POINT('',(-6.1846849363323,31.85,24.196291604568));
#12331=DIRECTION('',(1.,0.,0.));
#12332=DIRECTION('',(0.,0.,-1.));
#12333=AXIS2_PLACEMENT_3D('',#12330,#12332,#12331);
#12334=PLANE('',#12333);
#12335=ORIENTED_EDGE('',*,*,#11867,.F.);
#12336=ORIENTED_EDGE('',*,*,#12325,.F.);
#12337=ORIENTED_EDGE('',*,*,#12201,.F.);
#12338=CARTESIAN_POINT('',(-5.7106261386894,31.85,24.196291604568));
#12339=DIRECTION('',(0.,-1.,0.));
#12340=VECTOR('',#12339,0.85);
#12341=LINE('',#12338,#12340);
#12342=EDGE_CURVE('',#12194,#11862,#12341,.T.);
#12343=ORIENTED_EDGE('',*,*,#12342,.T.);
#12344=EDGE_LOOP('',(#12335,#12336,#12337,#12343));
#12345=FACE_OUTER_BOUND('',#12344,.T.);
#12346=ADVANCED_FACE('',(#12345),#12334,.T.);
#12347=CARTESIAN_POINT('',(-5.7106261386894,31.85,24.196291604568));
#12348=DIRECTION('',(0.,0.,-1.));
#12349=DIRECTION('',(-1.,-0.,-0.));
#12350=AXIS2_PLACEMENT_3D('',#12347,#12349,#12348);
#12351=PLANE('',#12350);
#12352=ORIENTED_EDGE('',*,*,#11875,.F.);
#12353=ORIENTED_EDGE('',*,*,#12342,.F.);
#12354=ORIENTED_EDGE('',*,*,#12223,.F.);
#12355=CARTESIAN_POINT('',(-5.7106261386894,31.85,22.736995368803));
#12356=DIRECTION('',(0.,-1.,0.));
#12357=VECTOR('',#12356,0.85);
#12358=LINE('',#12355,#12357);
#12359=EDGE_CURVE('',#12212,#11870,#12358,.T.);
#12360=ORIENTED_EDGE('',*,*,#12359,.T.);
#12361=EDGE_LOOP('',(#12352,#12353,#12354,#12360));
#12362=FACE_OUTER_BOUND('',#12361,.T.);
#12363=ADVANCED_FACE('',(#12362),#12351,.T.);
#12364=CARTESIAN_POINT('',(-6.1846849363323,31.85,22.736995368803));
#12365=DIRECTION('',(-1.,0.,0.));
#12366=DIRECTION('',(0.,0.,1.));
#12367=AXIS2_PLACEMENT_3D('',#12364,#12366,#12365);
#12368=PLANE('',#12367);
#12369=ORIENTED_EDGE('',*,*,#11881,.F.);
#12370=ORIENTED_EDGE('',*,*,#12359,.F.);
#12371=ORIENTED_EDGE('',*,*,#12217,.F.);
#12372=ORIENTED_EDGE('',*,*,#12318,.F.);
#12373=EDGE_LOOP('',(#12369,#12370,#12371,#12372));
#12374=FACE_OUTER_BOUND('',#12373,.T.);
#12375=ADVANCED_FACE('',(#12374),#12368,.T.);
#12376=CARTESIAN_POINT('',(1.9984014443253E-14,38.6,1.3322676295502E-15));
#12377=DIRECTION('',(1.6051815389602E-14,0.,-1.));
#12378=DIRECTION('',(2.8421709430405E-15,-1.,0.));
#12379=AXIS2_PLACEMENT_3D('',#12376,#12378,#12377);
#12380=CYLINDRICAL_SURFACE('',#12379,2.5);
#12381=ORIENTED_EDGE('',*,*,#94,.F.);
#12382=ORIENTED_EDGE('',*,*,#3108,.F.);
#12383=ORIENTED_EDGE('',*,*,#109,.F.);
#12384=ORIENTED_EDGE('',*,*,#5618,.F.);
#12385=EDGE_LOOP('',(#12381,#12382,#12383,#12384));
#12386=FACE_OUTER_BOUND('',#12385,.T.);
#12387=ADVANCED_FACE('',(#12386),#12380,.T.);
#12388=CARTESIAN_POINT('',(0.,38.7,0.));
#12389=DIRECTION('',(0.,0.,1.));
#12390=DIRECTION('',(0.,1.,0.));
#12391=AXIS2_PLACEMENT_3D('',#12388,#12390,#12389);
#12392=PLANE('',#12391);
#12393=ORIENTED_EDGE('',*,*,#3100,.F.);
#12394=ORIENTED_EDGE('',*,*,#3015,.F.);
#12395=EDGE_LOOP('',(#12393,#12394));
#12396=FACE_OUTER_BOUND('',#12395,.T.);
#12397=CARTESIAN_POINT('',(2.2204460492503E-16,38.7,0.));
#12398=DIRECTION('',(-3.0010036385476E-16,0.,1.));
#12399=DIRECTION('',(0.,-1.,-0.));
#12400=AXIS2_PLACEMENT_3D('',#12397,#12399,#12398);
#12401=CIRCLE('',#12400,1.25);
#12402=EDGE_CURVE('',#47,#55,#12401,.T.);
#12403=ORIENTED_EDGE('',*,*,#12402,.T.);
#12404=ORIENTED_EDGE('',*,*,#61,.F.);
#12405=EDGE_LOOP('',(#12403,#12404));
#12406=FACE_BOUND('',#12405,.T.);
#12407=ADVANCED_FACE('',(#12396,#12406),#12392,.T.);
#12408=CARTESIAN_POINT('',(-2.2204460492503E-16,40.7,-2.2204460492503E-16));
#12409=DIRECTION('',(-6.4066506892322E-07,0.,-0.99999999999979));
#12410=DIRECTION('',(0.,-1.,0.));
#12411=AXIS2_PLACEMENT_3D('',#12408,#12410,#12409);
#12412=CYLINDRICAL_SURFACE('',#12411,1.25);
#12413=ORIENTED_EDGE('',*,*,#52,.F.);
#12414=ORIENTED_EDGE('',*,*,#3084,.F.);
#12415=ORIENTED_EDGE('',*,*,#67,.F.);
#12416=ORIENTED_EDGE('',*,*,#12402,.F.);
#12417=EDGE_LOOP('',(#12413,#12414,#12415,#12416));
#12418=FACE_OUTER_BOUND('',#12417,.T.);
#12419=ADVANCED_FACE('',(#12418),#12412,.T.);
#12420=CARTESIAN_POINT('',(0.,41.2,0.));
#12421=DIRECTION('',(0.,0.,1.));
#12422=DIRECTION('',(0.,1.,0.));
#12423=AXIS2_PLACEMENT_3D('',#12420,#12422,#12421);
#12424=PLANE('',#12423);
#12425=ORIENTED_EDGE('',*,*,#3076,.F.);
#12426=ORIENTED_EDGE('',*,*,#3047,.F.);
#12427=EDGE_LOOP('',(#12425,#12426));
#12428=FACE_OUTER_BOUND('',#12427,.T.);
#12429=ADVANCED_FACE('',(#12428),#12424,.T.);
#12430=CARTESIAN_POINT('',(-1.7763568394003E-15,-2.2,0.66987298107781));
#12431=DIRECTION('',(0.,0.,-1.));
#12432=DIRECTION('',(0.,-1.,0.));
#12433=AXIS2_PLACEMENT_3D('',#12430,#12432,#12431);
#12434=PLANE('',#12433);
#12435=ORIENTED_EDGE('',*,*,#11605,.T.);
#12436=ORIENTED_EDGE('',*,*,#11638,.T.);
#12437=EDGE_LOOP('',(#12435,#12436));
#12438=FACE_OUTER_BOUND('',#12437,.T.);
#12439=ADVANCED_FACE('',(#12438),#12434,.T.);
#12440=CARTESIAN_POINT('',(3.5527136788005E-15,40.5,1.4210854715202E-14));
#12441=DIRECTION('',(0.,0.,1.));
#12442=DIRECTION('',(0.,1.,0.));
#12443=AXIS2_PLACEMENT_3D('',#12440,#12442,#12441);
#12444=PLANE('',#12443);
#12445=ORIENTED_EDGE('',*,*,#11702,.T.);
#12446=ORIENTED_EDGE('',*,*,#4083,.F.);
#12447=ORIENTED_EDGE('',*,*,#11663,.T.);
#12448=ORIENTED_EDGE('',*,*,#3868,.F.);
#12449=ORIENTED_EDGE('',*,*,#5562,.F.);
#12450=ORIENTED_EDGE('',*,*,#5310,.F.);
#12451=ORIENTED_EDGE('',*,*,#5502,.F.);
#12452=ORIENTED_EDGE('',*,*,#5117,.F.);
#12453=ORIENTED_EDGE('',*,*,#5526,.F.);
#12454=ORIENTED_EDGE('',*,*,#5206,.F.);
#12455=ORIENTED_EDGE('',*,*,#5544,.F.);
#12456=ORIENTED_EDGE('',*,*,#3774,.F.);
#12457=EDGE_LOOP('',(#12445,#12446,#12447,#12448,#12449,#12450,#12451,#12452,#12453,#12454,#12455,#12456));
#12458=FACE_OUTER_BOUND('',#12457,.T.);
#12459=CARTESIAN_POINT('',(9.525,40.5,1.25));
#12460=VERTEX_POINT('',#12459);
#12461=CARTESIAN_POINT('',(9.525,40.5,6.6613381477509E-16));
#12462=DIRECTION('',(-4.0389678347316E-30,-2.0097183471152E-15,1.));
#12463=DIRECTION('',(2.0097183471152E-15,1.,2.0097183471152E-15));
#12464=AXIS2_PLACEMENT_3D('',#12461,#12463,#12462);
#12465=CIRCLE('',#12464,1.25);
#12466=EDGE_CURVE('',#12460,#12460,#12465,.T.);
#12467=ORIENTED_EDGE('',*,*,#12466,.F.);
#12468=EDGE_LOOP('',(#12467));
#12469=FACE_BOUND('',#12468,.T.);
#12470=ORIENTED_EDGE('',*,*,#5599,.T.);
#12471=ORIENTED_EDGE('',*,*,#2685,.F.);
#12472=EDGE_LOOP('',(#12470,#12471));
#12473=FACE_BOUND('',#12472,.T.);
#12474=ORIENTED_EDGE('',*,*,#5643,.T.);
#12475=ORIENTED_EDGE('',*,*,#2643,.F.);
#12476=EDGE_LOOP('',(#12474,#12475));
#12477=FACE_BOUND('',#12476,.T.);
#12478=ORIENTED_EDGE('',*,*,#5714,.T.);
#12479=ORIENTED_EDGE('',*,*,#2559,.F.);
#12480=EDGE_LOOP('',(#12478,#12479));
#12481=FACE_BOUND('',#12480,.T.);
#12482=ORIENTED_EDGE('',*,*,#5758,.T.);
#12483=ORIENTED_EDGE('',*,*,#2517,.F.);
#12484=EDGE_LOOP('',(#12482,#12483));
#12485=FACE_BOUND('',#12484,.T.);
#12486=ORIENTED_EDGE('',*,*,#5802,.T.);
#12487=ORIENTED_EDGE('',*,*,#2475,.F.);
#12488=EDGE_LOOP('',(#12486,#12487));
#12489=FACE_BOUND('',#12488,.T.);
#12490=CARTESIAN_POINT('',(-9.525,40.5,1.25));
#12491=VERTEX_POINT('',#12490);
#12492=CARTESIAN_POINT('',(-9.525,40.5,-2.2204460492503E-15));
#12493=DIRECTION('',(6.2803698347347E-17,-2.0097183471152E-15,1.));
#12494=DIRECTION('',(2.0097183471152E-15,1.,2.0097183471152E-15));
#12495=AXIS2_PLACEMENT_3D('',#12492,#12494,#12493);
#12496=CIRCLE('',#12495,1.25);
#12497=EDGE_CURVE('',#12491,#12491,#12496,.T.);
#12498=ORIENTED_EDGE('',*,*,#12497,.F.);
#12499=EDGE_LOOP('',(#12498));
#12500=FACE_BOUND('',#12499,.T.);
#12501=ADVANCED_FACE('',(#12458,#12469,#12473,#12477,#12481,#12485,#12489,#12500),#12444,.T.);
#12502=CARTESIAN_POINT('',(9.525,35.5,6.1062266354384E-16));
#12503=DIRECTION('',(0.,0.,1.));
#12504=DIRECTION('',(0.,1.,1.1102230246252E-17));
#12505=AXIS2_PLACEMENT_3D('',#12502,#12504,#12503);
#12506=CYLINDRICAL_SURFACE('',#12505,1.25);
#12507=CARTESIAN_POINT('',(9.525,35.5,1.25));
#12508=VERTEX_POINT('',#12507);
#12509=CARTESIAN_POINT('',(9.525,35.5,1.25));
#12510=DIRECTION('',(0.,1.,0.));
#12511=VECTOR('',#12510,5.);
#12512=LINE('',#12509,#12511);
#12513=EDGE_CURVE('',#12508,#12460,#12512,.T.);
#12514=ORIENTED_EDGE('',*,*,#12513,.T.);
#12515=ORIENTED_EDGE('',*,*,#12466,.T.);
#12516=ORIENTED_EDGE('',*,*,#12513,.F.);
#12517=CARTESIAN_POINT('',(9.525,35.5,6.6613381477509E-16));
#12518=DIRECTION('',(-4.0389678347316E-30,-2.0097183471152E-15,1.));
#12519=DIRECTION('',(2.0097183471152E-15,1.,2.0097183471152E-15));
#12520=AXIS2_PLACEMENT_3D('',#12517,#12519,#12518);
#12521=CIRCLE('',#12520,1.25);
#12522=EDGE_CURVE('',#12508,#12508,#12521,.T.);
#12523=ORIENTED_EDGE('',*,*,#12522,.F.);
#12524=EDGE_LOOP('',(#12514,#12515,#12516,#12523));
#12525=FACE_OUTER_BOUND('',#12524,.T.);
#12526=ADVANCED_FACE('',(#12525),#12506,.F.);
#12527=CARTESIAN_POINT('',(9.525,35.5,8.8817841970013E-16));
#12528=DIRECTION('',(0.,0.,1.));
#12529=DIRECTION('',(0.,1.,0.));
#12530=AXIS2_PLACEMENT_3D('',#12527,#12529,#12528);
#12531=PLANE('',#12530);
#12532=ORIENTED_EDGE('',*,*,#12522,.T.);
#12533=EDGE_LOOP('',(#12532));
#12534=FACE_OUTER_BOUND('',#12533,.T.);
#12535=ADVANCED_FACE('',(#12534),#12531,.T.);
#12536=CARTESIAN_POINT('',(-9.525,35.5,-1.8873791418628E-15));
#12537=DIRECTION('',(0.,0.,1.));
#12538=DIRECTION('',(0.,1.,-2.2204460492503E-17));
#12539=AXIS2_PLACEMENT_3D('',#12536,#12538,#12537);
#12540=CYLINDRICAL_SURFACE('',#12539,1.25);
#12541=CARTESIAN_POINT('',(-9.525,35.5,1.25));
#12542=VERTEX_POINT('',#12541);
#12543=CARTESIAN_POINT('',(-9.525,35.5,1.25));
#12544=DIRECTION('',(0.,1.,0.));
#12545=VECTOR('',#12544,5.);
#12546=LINE('',#12543,#12545);
#12547=EDGE_CURVE('',#12542,#12491,#12546,.T.);
#12548=ORIENTED_EDGE('',*,*,#12547,.T.);
#12549=ORIENTED_EDGE('',*,*,#12497,.T.);
#12550=ORIENTED_EDGE('',*,*,#12547,.F.);
#12551=CARTESIAN_POINT('',(-9.525,35.5,-2.2204460492503E-15));
#12552=DIRECTION('',(6.2803698347347E-17,-2.0097183471152E-15,1.));
#12553=DIRECTION('',(2.0097183471152E-15,1.,2.0097183471152E-15));
#12554=AXIS2_PLACEMENT_3D('',#12551,#12553,#12552);
#12555=CIRCLE('',#12554,1.25);
#12556=EDGE_CURVE('',#12542,#12542,#12555,.T.);
#12557=ORIENTED_EDGE('',*,*,#12556,.F.);
#12558=EDGE_LOOP('',(#12548,#12549,#12550,#12557));
#12559=FACE_OUTER_BOUND('',#12558,.T.);
#12560=ADVANCED_FACE('',(#12559),#12540,.F.);
#12561=CARTESIAN_POINT('',(-9.525,35.5,-2.2204460492503E-15));
#12562=DIRECTION('',(0.,0.,1.));
#12563=DIRECTION('',(0.,1.,0.));
#12564=AXIS2_PLACEMENT_3D('',#12561,#12563,#12562);
#12565=PLANE('',#12564);
#12566=ORIENTED_EDGE('',*,*,#12556,.T.);
#12567=EDGE_LOOP('',(#12566));
#12568=FACE_OUTER_BOUND('',#12567,.T.);
#12569=ADVANCED_FACE('',(#12568),#12565,.T.);
#12570=CLOSED_SHELL('',(#71,#113,#165,#217,#269,#321,#378,#424,#458,#492,#526,#560,#584,#649,#701,#753,#805,#866,#904,#938,#972,#1006,#1040,#1068,#1123,#1175,#1227,#1279,#1331,#1364,#1398,#1432,#1466,#1500,#1539,#1581,#1623,#1665,#1712,#1764,#1816,#1868,#1920,#1957,#2004,#2038,#2072,#2106,#2149,#2191,#2233,#2275,#2317,#2359,#2401,#2443,#2485,#2527,#2569,#2611,#2653,#2695,#2755,#2825,#2895,#2955,#3000,#3032,#3064,#3088,#3112,#3152,#3192,#3232,#3263,#3287,#3311,#3328,#3368,#3399,#3423,#3447,#3464,#3504,#3535,#3559,#3583,#3600,#3640,#3671,#3695,#3719,#3736,#3964,#4038,#4069,#4111,#4147,#4264,#4287,#4311,#4342,#4365,#4398,#4431,#4454,#4485,#4508,#4531,#4564,#4586,#4609,#4642,#4665,#4688,#4703,#4726,#4759,#4792,#4826,#4860,#4894,#4934,#4967,#5009,#5051,#5073,#5145,#5162,#5234,#5246,#5271,#5345,#5363,#5381,#5399,#5417,#5435,#5453,#5471,#5489,#5507,#5531,#5549,#5567,#5579,#5603,#5623,#5647,#5667,#5679,#5694,#5718,#5738,#5762,#5782,#5806,#5826,#5838,#5854,#5866,#5881,#5893,#5909,#5940,#5966,#5990,#6014,#6038,#6062,#6079,#6104,#6128,#6152,#6176,#6193,#6214,#6245,#6270,#6294,#6318,#6342,#6366,#6390,#6415,#6439,#6463,#6487,#6504,#6524,#6548,#6573,#6597,#6621,#6645,#6669,#6693,#6719,#6743,#6767,#6791,#6808,#6829,#6860,#6885,#6909,#6933,#6957,#6981,#7005,#7030,#7054,#7078,#7102,#7119,#7139,#7157,#7178,#7243,#7255,#7298,#7502,#7520,#7792,#8081,#8267,#8278,#8343,#8355,#8420,#8432,#8497,#8509,#8552,#8756,#8773,#9045,#9338,#9524,#9535,#9578,#9782,#9800,#10072,#10361,#10547,#10558,#10601,#10805,#10822,#11094,#11387,#11573,#11584,#11625,#11643,#11653,#11683,#11722,#11778,#11834,#11885,#11897,#11928,#11952,#11976,#11993,#12005,#12036,#12060,#12084,#12101,#12113,#12164,#12176,#12227,#12239,#12261,#12278,#12295,#12307,#12329,#12346,#12363,#12375,#12387,#12407,#12419,#12429,#12439,#12501,#12526,#12535,#12560,#12569));
#12571=COLOUR_RGB('',0.745098,0.901961,0.960784);
#12572=FILL_AREA_STYLE_COLOUR('',#12571);
#12573=FILL_AREA_STYLE('',(#12572));
#12574=SURFACE_STYLE_FILL_AREA(#12573);
#12575=SURFACE_SIDE_STYLE('',(#12574));
#12576=SURFACE_STYLE_USAGE(.BOTH.,#12575);
#12577=PRESENTATION_STYLE_ASSIGNMENT((#12576));
#12578=OVER_RIDING_STYLED_ITEM('',(#12577),#71,#12570);
#12579=OVER_RIDING_STYLED_ITEM('',(#12577),#113,#12570);
#12580=OVER_RIDING_STYLED_ITEM('',(#12577),#165,#12570);
#12581=OVER_RIDING_STYLED_ITEM('',(#12577),#217,#12570);
#12582=OVER_RIDING_STYLED_ITEM('',(#12577),#269,#12570);
#12583=OVER_RIDING_STYLED_ITEM('',(#12577),#321,#12570);
#12584=OVER_RIDING_STYLED_ITEM('',(#12577),#378,#12570);
#12585=OVER_RIDING_STYLED_ITEM('',(#12577),#424,#12570);
#12586=OVER_RIDING_STYLED_ITEM('',(#12577),#458,#12570);
#12587=OVER_RIDING_STYLED_ITEM('',(#12577),#492,#12570);
#12588=OVER_RIDING_STYLED_ITEM('',(#12577),#526,#12570);
#12589=OVER_RIDING_STYLED_ITEM('',(#12577),#560,#12570);
#12590=OVER_RIDING_STYLED_ITEM('',(#12577),#584,#12570);
#12591=OVER_RIDING_STYLED_ITEM('',(#12577),#649,#12570);
#12592=OVER_RIDING_STYLED_ITEM('',(#12577),#701,#12570);
#12593=OVER_RIDING_STYLED_ITEM('',(#12577),#753,#12570);
#12594=OVER_RIDING_STYLED_ITEM('',(#12577),#805,#12570);
#12595=OVER_RIDING_STYLED_ITEM('',(#12577),#866,#12570);
#12596=OVER_RIDING_STYLED_ITEM('',(#12577),#904,#12570);
#12597=OVER_RIDING_STYLED_ITEM('',(#12577),#938,#12570);
#12598=OVER_RIDING_STYLED_ITEM('',(#12577),#972,#12570);
#12599=OVER_RIDING_STYLED_ITEM('',(#12577),#1006,#12570);
#12600=OVER_RIDING_STYLED_ITEM('',(#12577),#1040,#12570);
#12601=OVER_RIDING_STYLED_ITEM('',(#12577),#1068,#12570);
#12602=OVER_RIDING_STYLED_ITEM('',(#12577),#1123,#12570);
#12603=OVER_RIDING_STYLED_ITEM('',(#12577),#1175,#12570);
#12604=OVER_RIDING_STYLED_ITEM('',(#12577),#1227,#12570);
#12605=OVER_RIDING_STYLED_ITEM('',(#12577),#1279,#12570);
#12606=OVER_RIDING_STYLED_ITEM('',(#12577),#1331,#12570);
#12607=OVER_RIDING_STYLED_ITEM('',(#12577),#1364,#12570);
#12608=OVER_RIDING_STYLED_ITEM('',(#12577),#1398,#12570);
#12609=OVER_RIDING_STYLED_ITEM('',(#12577),#1432,#12570);
#12610=OVER_RIDING_STYLED_ITEM('',(#12577),#1466,#12570);
#12611=OVER_RIDING_STYLED_ITEM('',(#12577),#1500,#12570);
#12612=OVER_RIDING_STYLED_ITEM('',(#12577),#1539,#12570);
#12613=OVER_RIDING_STYLED_ITEM('',(#12577),#1581,#12570);
#12614=OVER_RIDING_STYLED_ITEM('',(#12577),#1623,#12570);
#12615=OVER_RIDING_STYLED_ITEM('',(#12577),#1665,#12570);
#12616=OVER_RIDING_STYLED_ITEM('',(#12577),#1712,#12570);
#12617=OVER_RIDING_STYLED_ITEM('',(#12577),#1764,#12570);
#12618=OVER_RIDING_STYLED_ITEM('',(#12577),#1816,#12570);
#12619=OVER_RIDING_STYLED_ITEM('',(#12577),#1868,#12570);
#12620=OVER_RIDING_STYLED_ITEM('',(#12577),#1920,#12570);
#12621=OVER_RIDING_STYLED_ITEM('',(#12577),#1957,#12570);
#12622=OVER_RIDING_STYLED_ITEM('',(#12577),#2004,#12570);
#12623=OVER_RIDING_STYLED_ITEM('',(#12577),#2038,#12570);
#12624=OVER_RIDING_STYLED_ITEM('',(#12577),#2072,#12570);
#12625=OVER_RIDING_STYLED_ITEM('',(#12577),#2106,#12570);
#12626=OVER_RIDING_STYLED_ITEM('',(#12577),#2149,#12570);
#12627=OVER_RIDING_STYLED_ITEM('',(#12577),#2191,#12570);
#12628=OVER_RIDING_STYLED_ITEM('',(#12577),#2233,#12570);
#12629=OVER_RIDING_STYLED_ITEM('',(#12577),#2275,#12570);
#12630=OVER_RIDING_STYLED_ITEM('',(#12577),#2317,#12570);
#12631=OVER_RIDING_STYLED_ITEM('',(#12577),#2359,#12570);
#12632=OVER_RIDING_STYLED_ITEM('',(#12577),#2401,#12570);
#12633=OVER_RIDING_STYLED_ITEM('',(#12577),#2443,#12570);
#12634=OVER_RIDING_STYLED_ITEM('',(#12577),#2485,#12570);
#12635=OVER_RIDING_STYLED_ITEM('',(#12577),#2527,#12570);
#12636=OVER_RIDING_STYLED_ITEM('',(#12577),#2569,#12570);
#12637=OVER_RIDING_STYLED_ITEM('',(#12577),#2611,#12570);
#12638=OVER_RIDING_STYLED_ITEM('',(#12577),#2653,#12570);
#12639=OVER_RIDING_STYLED_ITEM('',(#12577),#2695,#12570);
#12640=OVER_RIDING_STYLED_ITEM('',(#12577),#2755,#12570);
#12641=OVER_RIDING_STYLED_ITEM('',(#12577),#2825,#12570);
#12642=OVER_RIDING_STYLED_ITEM('',(#12577),#2895,#12570);
#12643=OVER_RIDING_STYLED_ITEM('',(#12577),#2955,#12570);
#12644=OVER_RIDING_STYLED_ITEM('',(#12577),#3000,#12570);
#12645=OVER_RIDING_STYLED_ITEM('',(#12577),#3032,#12570);
#12646=OVER_RIDING_STYLED_ITEM('',(#12577),#3064,#12570);
#12647=OVER_RIDING_STYLED_ITEM('',(#12577),#3088,#12570);
#12648=OVER_RIDING_STYLED_ITEM('',(#12577),#3112,#12570);
#12649=OVER_RIDING_STYLED_ITEM('',(#12577),#3152,#12570);
#12650=OVER_RIDING_STYLED_ITEM('',(#12577),#3192,#12570);
#12651=OVER_RIDING_STYLED_ITEM('',(#12577),#3232,#12570);
#12652=OVER_RIDING_STYLED_ITEM('',(#12577),#3263,#12570);
#12653=OVER_RIDING_STYLED_ITEM('',(#12577),#3287,#12570);
#12654=OVER_RIDING_STYLED_ITEM('',(#12577),#3311,#12570);
#12655=OVER_RIDING_STYLED_ITEM('',(#12577),#3328,#12570);
#12656=OVER_RIDING_STYLED_ITEM('',(#12577),#3368,#12570);
#12657=OVER_RIDING_STYLED_ITEM('',(#12577),#3399,#12570);
#12658=OVER_RIDING_STYLED_ITEM('',(#12577),#3423,#12570);
#12659=OVER_RIDING_STYLED_ITEM('',(#12577),#3447,#12570);
#12660=OVER_RIDING_STYLED_ITEM('',(#12577),#3464,#12570);
#12661=OVER_RIDING_STYLED_ITEM('',(#12577),#3504,#12570);
#12662=OVER_RIDING_STYLED_ITEM('',(#12577),#3535,#12570);
#12663=OVER_RIDING_STYLED_ITEM('',(#12577),#3559,#12570);
#12664=OVER_RIDING_STYLED_ITEM('',(#12577),#3583,#12570);
#12665=OVER_RIDING_STYLED_ITEM('',(#12577),#3600,#12570);
#12666=OVER_RIDING_STYLED_ITEM('',(#12577),#3640,#12570);
#12667=OVER_RIDING_STYLED_ITEM('',(#12577),#3671,#12570);
#12668=OVER_RIDING_STYLED_ITEM('',(#12577),#3695,#12570);
#12669=OVER_RIDING_STYLED_ITEM('',(#12577),#3719,#12570);
#12670=OVER_RIDING_STYLED_ITEM('',(#12577),#3736,#12570);
#12671=COLOUR_RGB('',0.352941,0.352941,0.352941);
#12672=FILL_AREA_STYLE_COLOUR('',#12671);
#12673=FILL_AREA_STYLE('',(#12672));
#12674=SURFACE_STYLE_FILL_AREA(#12673);
#12675=SURFACE_SIDE_STYLE('',(#12674));
#12676=SURFACE_STYLE_USAGE(.BOTH.,#12675);
#12677=PRESENTATION_STYLE_ASSIGNMENT((#12676));
#12678=OVER_RIDING_STYLED_ITEM('',(#12677),#3964,#12570);
#12679=OVER_RIDING_STYLED_ITEM('',(#12577),#4038,#12570);
#12680=OVER_RIDING_STYLED_ITEM('',(#12577),#4069,#12570);
#12681=OVER_RIDING_STYLED_ITEM('',(#12577),#4111,#12570);
#12682=OVER_RIDING_STYLED_ITEM('',(#12577),#4147,#12570);
#12683=OVER_RIDING_STYLED_ITEM('',(#12577),#4264,#12570);
#12684=OVER_RIDING_STYLED_ITEM('',(#12577),#4287,#12570);
#12685=OVER_RIDING_STYLED_ITEM('',(#12577),#4311,#12570);
#12686=OVER_RIDING_STYLED_ITEM('',(#12577),#4342,#12570);
#12687=OVER_RIDING_STYLED_ITEM('',(#12577),#4365,#12570);
#12688=OVER_RIDING_STYLED_ITEM('',(#12577),#4398,#12570);
#12689=OVER_RIDING_STYLED_ITEM('',(#12577),#4431,#12570);
#12690=OVER_RIDING_STYLED_ITEM('',(#12577),#4454,#12570);
#12691=OVER_RIDING_STYLED_ITEM('',(#12577),#4485,#12570);
#12692=OVER_RIDING_STYLED_ITEM('',(#12577),#4508,#12570);
#12693=OVER_RIDING_STYLED_ITEM('',(#12577),#4531,#12570);
#12694=OVER_RIDING_STYLED_ITEM('',(#12577),#4564,#12570);
#12695=OVER_RIDING_STYLED_ITEM('',(#12577),#4586,#12570);
#12696=OVER_RIDING_STYLED_ITEM('',(#12577),#4609,#12570);
#12697=OVER_RIDING_STYLED_ITEM('',(#12577),#4642,#12570);
#12698=OVER_RIDING_STYLED_ITEM('',(#12577),#4665,#12570);
#12699=OVER_RIDING_STYLED_ITEM('',(#12577),#4688,#12570);
#12700=OVER_RIDING_STYLED_ITEM('',(#12577),#4703,#12570);
#12701=OVER_RIDING_STYLED_ITEM('',(#12577),#4726,#12570);
#12702=OVER_RIDING_STYLED_ITEM('',(#12577),#4759,#12570);
#12703=OVER_RIDING_STYLED_ITEM('',(#12577),#4792,#12570);
#12704=OVER_RIDING_STYLED_ITEM('',(#12577),#4826,#12570);
#12705=OVER_RIDING_STYLED_ITEM('',(#12577),#4860,#12570);
#12706=OVER_RIDING_STYLED_ITEM('',(#12577),#4894,#12570);
#12707=OVER_RIDING_STYLED_ITEM('',(#12577),#4934,#12570);
#12708=OVER_RIDING_STYLED_ITEM('',(#12577),#4967,#12570);
#12709=OVER_RIDING_STYLED_ITEM('',(#12577),#5009,#12570);
#12710=OVER_RIDING_STYLED_ITEM('',(#12577),#5051,#12570);
#12711=OVER_RIDING_STYLED_ITEM('',(#12677),#5073,#12570);
#12712=OVER_RIDING_STYLED_ITEM('',(#12677),#5145,#12570);
#12713=OVER_RIDING_STYLED_ITEM('',(#12677),#5162,#12570);
#12714=OVER_RIDING_STYLED_ITEM('',(#12677),#5234,#12570);
#12715=OVER_RIDING_STYLED_ITEM('',(#12677),#5246,#12570);
#12716=OVER_RIDING_STYLED_ITEM('',(#12677),#5271,#12570);
#12717=OVER_RIDING_STYLED_ITEM('',(#12677),#5345,#12570);
#12718=OVER_RIDING_STYLED_ITEM('',(#12577),#5363,#12570);
#12719=OVER_RIDING_STYLED_ITEM('',(#12677),#5381,#12570);
#12720=OVER_RIDING_STYLED_ITEM('',(#12677),#5399,#12570);
#12721=OVER_RIDING_STYLED_ITEM('',(#12677),#5417,#12570);
#12722=OVER_RIDING_STYLED_ITEM('',(#12677),#5435,#12570);
#12723=OVER_RIDING_STYLED_ITEM('',(#12577),#5453,#12570);
#12724=OVER_RIDING_STYLED_ITEM('',(#12577),#5471,#12570);
#12725=OVER_RIDING_STYLED_ITEM('',(#12577),#5489,#12570);
#12726=OVER_RIDING_STYLED_ITEM('',(#12677),#5507,#12570);
#12727=OVER_RIDING_STYLED_ITEM('',(#12677),#5531,#12570);
#12728=OVER_RIDING_STYLED_ITEM('',(#12677),#5549,#12570);
#12729=OVER_RIDING_STYLED_ITEM('',(#12677),#5567,#12570);
#12730=OVER_RIDING_STYLED_ITEM('',(#12577),#5579,#12570);
#12731=OVER_RIDING_STYLED_ITEM('',(#12577),#5603,#12570);
#12732=OVER_RIDING_STYLED_ITEM('',(#12577),#5623,#12570);
#12733=OVER_RIDING_STYLED_ITEM('',(#12577),#5647,#12570);
#12734=OVER_RIDING_STYLED_ITEM('',(#12577),#5667,#12570);
#12735=OVER_RIDING_STYLED_ITEM('',(#12577),#5679,#12570);
#12736=OVER_RIDING_STYLED_ITEM('',(#12577),#5694,#12570);
#12737=OVER_RIDING_STYLED_ITEM('',(#12577),#5718,#12570);
#12738=OVER_RIDING_STYLED_ITEM('',(#12577),#5738,#12570);
#12739=OVER_RIDING_STYLED_ITEM('',(#12577),#5762,#12570);
#12740=OVER_RIDING_STYLED_ITEM('',(#12577),#5782,#12570);
#12741=OVER_RIDING_STYLED_ITEM('',(#12577),#5806,#12570);
#12742=OVER_RIDING_STYLED_ITEM('',(#12577),#5826,#12570);
#12743=OVER_RIDING_STYLED_ITEM('',(#12577),#5838,#12570);
#12744=OVER_RIDING_STYLED_ITEM('',(#12577),#5854,#12570);
#12745=OVER_RIDING_STYLED_ITEM('',(#12577),#5866,#12570);
#12746=OVER_RIDING_STYLED_ITEM('',(#12577),#5881,#12570);
#12747=OVER_RIDING_STYLED_ITEM('',(#12577),#5893,#12570);
#12748=OVER_RIDING_STYLED_ITEM('',(#12577),#5909,#12570);
#12749=OVER_RIDING_STYLED_ITEM('',(#12577),#5940,#12570);
#12750=OVER_RIDING_STYLED_ITEM('',(#12577),#5966,#12570);
#12751=OVER_RIDING_STYLED_ITEM('',(#12577),#5990,#12570);
#12752=OVER_RIDING_STYLED_ITEM('',(#12577),#6014,#12570);
#12753=OVER_RIDING_STYLED_ITEM('',(#12577),#6038,#12570);
#12754=OVER_RIDING_STYLED_ITEM('',(#12577),#6062,#12570);
#12755=OVER_RIDING_STYLED_ITEM('',(#12577),#6079,#12570);
#12756=OVER_RIDING_STYLED_ITEM('',(#12577),#6104,#12570);
#12757=OVER_RIDING_STYLED_ITEM('',(#12577),#6128,#12570);
#12758=OVER_RIDING_STYLED_ITEM('',(#12577),#6152,#12570);
#12759=OVER_RIDING_STYLED_ITEM('',(#12577),#6176,#12570);
#12760=OVER_RIDING_STYLED_ITEM('',(#12577),#6193,#12570);
#12761=OVER_RIDING_STYLED_ITEM('',(#12577),#6214,#12570);
#12762=OVER_RIDING_STYLED_ITEM('',(#12577),#6245,#12570);
#12763=OVER_RIDING_STYLED_ITEM('',(#12577),#6270,#12570);
#12764=OVER_RIDING_STYLED_ITEM('',(#12577),#6294,#12570);
#12765=OVER_RIDING_STYLED_ITEM('',(#12577),#6318,#12570);
#12766=OVER_RIDING_STYLED_ITEM('',(#12577),#6342,#12570);
#12767=OVER_RIDING_STYLED_ITEM('',(#12577),#6366,#12570);
#12768=OVER_RIDING_STYLED_ITEM('',(#12577),#6390,#12570);
#12769=OVER_RIDING_STYLED_ITEM('',(#12577),#6415,#12570);
#12770=OVER_RIDING_STYLED_ITEM('',(#12577),#6439,#12570);
#12771=OVER_RIDING_STYLED_ITEM('',(#12577),#6463,#12570);
#12772=OVER_RIDING_STYLED_ITEM('',(#12577),#6487,#12570);
#12773=OVER_RIDING_STYLED_ITEM('',(#12577),#6504,#12570);
#12774=OVER_RIDING_STYLED_ITEM('',(#12577),#6524,#12570);
#12775=OVER_RIDING_STYLED_ITEM('',(#12577),#6548,#12570);
#12776=OVER_RIDING_STYLED_ITEM('',(#12577),#6573,#12570);
#12777=OVER_RIDING_STYLED_ITEM('',(#12577),#6597,#12570);
#12778=OVER_RIDING_STYLED_ITEM('',(#12577),#6621,#12570);
#12779=OVER_RIDING_STYLED_ITEM('',(#12577),#6645,#12570);
#12780=OVER_RIDING_STYLED_ITEM('',(#12577),#6669,#12570);
#12781=OVER_RIDING_STYLED_ITEM('',(#12577),#6693,#12570);
#12782=OVER_RIDING_STYLED_ITEM('',(#12577),#6719,#12570);
#12783=OVER_RIDING_STYLED_ITEM('',(#12577),#6743,#12570);
#12784=OVER_RIDING_STYLED_ITEM('',(#12577),#6767,#12570);
#12785=OVER_RIDING_STYLED_ITEM('',(#12577),#6791,#12570);
#12786=OVER_RIDING_STYLED_ITEM('',(#12577),#6808,#12570);
#12787=OVER_RIDING_STYLED_ITEM('',(#12577),#6829,#12570);
#12788=OVER_RIDING_STYLED_ITEM('',(#12577),#6860,#12570);
#12789=OVER_RIDING_STYLED_ITEM('',(#12577),#6885,#12570);
#12790=OVER_RIDING_STYLED_ITEM('',(#12577),#6909,#12570);
#12791=OVER_RIDING_STYLED_ITEM('',(#12577),#6933,#12570);
#12792=OVER_RIDING_STYLED_ITEM('',(#12577),#6957,#12570);
#12793=OVER_RIDING_STYLED_ITEM('',(#12577),#6981,#12570);
#12794=OVER_RIDING_STYLED_ITEM('',(#12577),#7005,#12570);
#12795=OVER_RIDING_STYLED_ITEM('',(#12577),#7030,#12570);
#12796=OVER_RIDING_STYLED_ITEM('',(#12577),#7054,#12570);
#12797=OVER_RIDING_STYLED_ITEM('',(#12577),#7078,#12570);
#12798=OVER_RIDING_STYLED_ITEM('',(#12577),#7102,#12570);
#12799=OVER_RIDING_STYLED_ITEM('',(#12577),#7119,#12570);
#12800=OVER_RIDING_STYLED_ITEM('',(#12577),#7139,#12570);
#12801=OVER_RIDING_STYLED_ITEM('',(#12577),#7157,#12570);
#12802=OVER_RIDING_STYLED_ITEM('',(#12677),#7178,#12570);
#12803=OVER_RIDING_STYLED_ITEM('',(#12577),#7243,#12570);
#12804=OVER_RIDING_STYLED_ITEM('',(#12577),#7255,#12570);
#12805=OVER_RIDING_STYLED_ITEM('',(#12577),#7298,#12570);
#12806=OVER_RIDING_STYLED_ITEM('',(#12577),#7502,#12570);
#12807=OVER_RIDING_STYLED_ITEM('',(#12577),#7520,#12570);
#12808=OVER_RIDING_STYLED_ITEM('',(#12577),#7792,#12570);
#12809=OVER_RIDING_STYLED_ITEM('',(#12577),#8081,#12570);
#12810=OVER_RIDING_STYLED_ITEM('',(#12577),#8267,#12570);
#12811=OVER_RIDING_STYLED_ITEM('',(#12577),#8278,#12570);
#12812=OVER_RIDING_STYLED_ITEM('',(#12577),#8343,#12570);
#12813=OVER_RIDING_STYLED_ITEM('',(#12577),#8355,#12570);
#12814=OVER_RIDING_STYLED_ITEM('',(#12577),#8420,#12570);
#12815=OVER_RIDING_STYLED_ITEM('',(#12577),#8432,#12570);
#12816=OVER_RIDING_STYLED_ITEM('',(#12577),#8497,#12570);
#12817=OVER_RIDING_STYLED_ITEM('',(#12577),#8509,#12570);
#12818=OVER_RIDING_STYLED_ITEM('',(#12577),#8552,#12570);
#12819=OVER_RIDING_STYLED_ITEM('',(#12577),#8756,#12570);
#12820=OVER_RIDING_STYLED_ITEM('',(#12577),#8773,#12570);
#12821=OVER_RIDING_STYLED_ITEM('',(#12577),#9045,#12570);
#12822=OVER_RIDING_STYLED_ITEM('',(#12577),#9338,#12570);
#12823=OVER_RIDING_STYLED_ITEM('',(#12577),#9524,#12570);
#12824=OVER_RIDING_STYLED_ITEM('',(#12577),#9535,#12570);
#12825=OVER_RIDING_STYLED_ITEM('',(#12577),#9578,#12570);
#12826=OVER_RIDING_STYLED_ITEM('',(#12577),#9782,#12570);
#12827=OVER_RIDING_STYLED_ITEM('',(#12577),#9800,#12570);
#12828=OVER_RIDING_STYLED_ITEM('',(#12577),#10072,#12570);
#12829=OVER_RIDING_STYLED_ITEM('',(#12577),#10361,#12570);
#12830=OVER_RIDING_STYLED_ITEM('',(#12577),#10547,#12570);
#12831=OVER_RIDING_STYLED_ITEM('',(#12577),#10558,#12570);
#12832=OVER_RIDING_STYLED_ITEM('',(#12577),#10601,#12570);
#12833=OVER_RIDING_STYLED_ITEM('',(#12577),#10805,#12570);
#12834=OVER_RIDING_STYLED_ITEM('',(#12577),#10822,#12570);
#12835=OVER_RIDING_STYLED_ITEM('',(#12577),#11094,#12570);
#12836=OVER_RIDING_STYLED_ITEM('',(#12577),#11387,#12570);
#12837=OVER_RIDING_STYLED_ITEM('',(#12577),#11573,#12570);
#12838=OVER_RIDING_STYLED_ITEM('',(#12577),#11584,#12570);
#12839=OVER_RIDING_STYLED_ITEM('',(#12577),#11625,#12570);
#12840=OVER_RIDING_STYLED_ITEM('',(#12577),#11643,#12570);
#12841=OVER_RIDING_STYLED_ITEM('',(#12577),#11653,#12570);
#12842=OVER_RIDING_STYLED_ITEM('',(#12577),#11683,#12570);
#12843=OVER_RIDING_STYLED_ITEM('',(#12577),#11722,#12570);
#12844=OVER_RIDING_STYLED_ITEM('',(#12577),#11778,#12570);
#12845=OVER_RIDING_STYLED_ITEM('',(#12577),#11834,#12570);
#12846=OVER_RIDING_STYLED_ITEM('',(#12577),#11885,#12570);
#12847=OVER_RIDING_STYLED_ITEM('',(#12577),#11897,#12570);
#12848=OVER_RIDING_STYLED_ITEM('',(#12577),#11928,#12570);
#12849=OVER_RIDING_STYLED_ITEM('',(#12577),#11952,#12570);
#12850=OVER_RIDING_STYLED_ITEM('',(#12577),#11976,#12570);
#12851=OVER_RIDING_STYLED_ITEM('',(#12577),#11993,#12570);
#12852=OVER_RIDING_STYLED_ITEM('',(#12577),#12005,#12570);
#12853=OVER_RIDING_STYLED_ITEM('',(#12577),#12036,#12570);
#12854=OVER_RIDING_STYLED_ITEM('',(#12577),#12060,#12570);
#12855=OVER_RIDING_STYLED_ITEM('',(#12577),#12084,#12570);
#12856=OVER_RIDING_STYLED_ITEM('',(#12577),#12101,#12570);
#12857=OVER_RIDING_STYLED_ITEM('',(#12577),#12113,#12570);
#12858=OVER_RIDING_STYLED_ITEM('',(#12577),#12164,#12570);
#12859=OVER_RIDING_STYLED_ITEM('',(#12577),#12176,#12570);
#12860=OVER_RIDING_STYLED_ITEM('',(#12577),#12227,#12570);
#12861=OVER_RIDING_STYLED_ITEM('',(#12577),#12239,#12570);
#12862=OVER_RIDING_STYLED_ITEM('',(#12577),#12261,#12570);
#12863=OVER_RIDING_STYLED_ITEM('',(#12577),#12278,#12570);
#12864=OVER_RIDING_STYLED_ITEM('',(#12577),#12295,#12570);
#12865=OVER_RIDING_STYLED_ITEM('',(#12577),#12307,#12570);
#12866=OVER_RIDING_STYLED_ITEM('',(#12577),#12329,#12570);
#12867=OVER_RIDING_STYLED_ITEM('',(#12577),#12346,#12570);
#12868=OVER_RIDING_STYLED_ITEM('',(#12577),#12363,#12570);
#12869=OVER_RIDING_STYLED_ITEM('',(#12577),#12375,#12570);
#12870=OVER_RIDING_STYLED_ITEM('',(#12577),#12387,#12570);
#12871=OVER_RIDING_STYLED_ITEM('',(#12577),#12407,#12570);
#12872=OVER_RIDING_STYLED_ITEM('',(#12577),#12419,#12570);
#12873=OVER_RIDING_STYLED_ITEM('',(#12577),#12429,#12570);
#12874=OVER_RIDING_STYLED_ITEM('',(#12577),#12439,#12570);
#12875=OVER_RIDING_STYLED_ITEM('',(#12577),#12501,#12570);
#12876=COLOUR_RGB('',0.54902,0.54902,0.921569);
#12877=FILL_AREA_STYLE_COLOUR('',#12876);
#12878=FILL_AREA_STYLE('',(#12877));
#12879=SURFACE_STYLE_FILL_AREA(#12878);
#12880=SURFACE_SIDE_STYLE('',(#12879));
#12881=SURFACE_STYLE_USAGE(.BOTH.,#12880);
#12882=PRESENTATION_STYLE_ASSIGNMENT((#12881));
#12883=OVER_RIDING_STYLED_ITEM('',(#12882),#12526,#12570);
#12884=OVER_RIDING_STYLED_ITEM('',(#12577),#12535,#12570);
#12885=OVER_RIDING_STYLED_ITEM('',(#12882),#12560,#12570);
#12886=OVER_RIDING_STYLED_ITEM('',(#12577),#12569,#12570);
#12887=MANIFOLD_SOLID_BREP('倒角4',#12570);
#12888=ADVANCED_BREP_SHAPE_REPRESENTATION('',(#12887),#5);
#12889=SHAPE_REPRESENTATION_RELATIONSHIP('NONE', 'NONE', #28, #12888);
#12890=PRESENTATION_LAYER_ASSIGNMENT('图层000','',(#12887));
#12891=MECHANICAL_DESIGN_GEOMETRIC_PRESENTATION_REPRESENTATION('',(#12578,#12579,#12580,#12581,#12582,#12583,#12584,#12585,#12586,#12587,#12588,#12589,#12590,#12591,#12592,#12593,#12594,#12595,#12596,#12597,#12598,#12599,#12600,#12601,#12602,#12603,#12604,#12605,#12606,#12607,#12608,#12609,#12610,#12611,#12612,#12613,#12614,#12615,#12616,#12617,#12618,#12619,#12620,#12621,#12622,#12623,#12624,#12625,#12626,#12627,#12628,#12629,#12630,#12631,#12632,#12633,#12634,#12635,#12636,#12637,#12638,#12639,#12640,#12641,#12642,#12643,#12644,#12645,#12646,#12647,#12648,#12649,#12650,#12651,#12652,#12653,#12654,#12655,#12656,#12657,#12658,#12659,#12660,#12661,#12662,#12663,#12664,#12665,#12666,#12667,#12668,#12669,#12670,#12678,#12679,#12680,#12681,#12682,#12683,#12684,#12685,#12686,#12687,#12688,#12689,#12690,#12691,#12692,#12693,#12694,#12695,#12696,#12697,#12698,#12699,#12700,#12701,#12702,#12703,#12704,#12705,#12706,#12707,#12708,#12709,#12710,#12711,#12712,#12713,#12714,#12715,#12716,#12717,#12718,#12719,#12720,#12721,#12722,#12723,#12724,#12725,#12726,#12727,#12728,#12729,#12730,#12731,#12732,#12733,#12734,#12735,#12736,#12737,#12738,#12739,#12740,#12741,#12742,#12743,#12744,#12745,#12746,#12747,#12748,#12749,#12750,#12751,#12752,#12753,#12754,#12755,#12756,#12757,#12758,#12759,#12760,#12761,#12762,#12763,#12764,#12765,#12766,#12767,#12768,#12769,#12770,#12771,#12772,#12773,#12774,#12775,#12776,#12777,#12778,#12779,#12780,#12781,#12782,#12783,#12784,#12785,#12786,#12787,#12788,#12789,#12790,#12791,#12792,#12793,#12794,#12795,#12796,#12797,#12798,#12799,#12800,#12801,#12802,#12803,#12804,#12805,#12806,#12807,#12808,#12809,#12810,#12811,#12812,#12813,#12814,#12815,#12816,#12817,#12818,#12819,#12820,#12821,#12822,#12823,#12824,#12825,#12826,#12827,#12828,#12829,#12830,#12831,#12832,#12833,#12834,#12835,#12836,#12837,#12838,#12839,#12840,#12841,#12842,#12843,#12844,#12845,#12846,#12847,#12848,#12849,#12850,#12851,#12852,#12853,#12854,#12855,#12856,#12857,#12858,#12859,#12860,#12861,#12862,#12863,#12864,#12865,#12866,#12867,#12868,#12869,#12870,#12871,#12872,#12873,#12874,#12875,#12883,#12884,#12885,#12886),#5);
ENDSEC;
END-ISO-10303-21;
